{
  "textures": {
    "0": "xq9rmjx80:tex/kjanzurh",
    "particle": "#0"
  },
  "elements": [
    {
      "from": [
        -10.338221,
        -4.6166344,
        15.50501
      ],
      "to": [
        -9.004887,
        1.9937401,
        22.081186
      ],
      "faces": {
        "west": {
          "uv": [
            8.0,
            7.625,
            9.25,
            8.875
          ],
          "tintindex": 0,
          "rotation": 0,
          "texture": "#0"
        }
      }
    }
  ],
  "display": {
    "head": {
      "rotation": [
        -33.5316,
        62.012398,
        27.099543
      ]
    },
    "firstperson_righthand": {
      "rotation": [
        -33.5316,
        62.012398,
        27.099543
      ]
    },
    "thirdperson_lefthand": {
      "rotation": [
        -33.5316,
        -62.012398,
        -27.099543
      ]
    },
    "firstperson_lefthand": {
      "rotation": [
        -33.5316,
        -62.012398,
        -27.099543
      ]
    },
    "fixed": {
      "rotation": [
        -33.5316,
        62.012398,
        27.099543
      ]
    },
    "ground": {
      "rotation": [
        -33.5316,
        62.012398,
        27.099543
      ]
    },
    "thirdperson_righthand": {
      "rotation": [
        -33.5316,
        62.012398,
        27.099543
      ]
    },
    "gui": {
      "rotation": [
        -6.6984878,
        -64.292274,
        -37.119484
      ]
    }
  }
}