{
  "textures": {
    "6": "gwjritg0z:tex/rgbchkdy",
    "particle": "#6"
  },
  "elements": [
    {
      "from": [
        8.0,
        6.164556,
        -11.821287
      ],
      "to": [
        10.4,
        6.364556,
        5.3787136
      ],
      "faces": {
        "east": {
          "uv": [
            12.15625,
            4.1875,
            12.1875,
            1.5
          ],
          "tintindex": 0,
          "rotation": 270,
          "texture": "#6"
        },
        "west": {
          "uv": [
            11.8125,
            3.65625,
            11.84375,
            0.96875
          ],
          "tintindex": 0,
          "rotation": 270,
          "texture": "#6"
        },
        "up": {
          "uv": [
            11.8125,
            3.65625,
            12.1875,
            0.96875
          ],
          "tintindex": 0,
          "rotation": 0,
          "texture": "#6"
        },
        "down": {
          "uv": [
            11.8125,
            1.84375,
            12.1875,
            4.53125
          ],
          "tintindex": 0,
          "rotation": 0,
          "texture": "#6"
        }
      }
    },
    {
      "from": [
        8.0,
        9.36,
        -10.800001
      ],
      "to": [
        10.4,
        9.559999,
        3.3999991
      ],
      "faces": {
        "east": {
          "uv": [
            12.15625,
            1.875,
            12.1875,
            4.09375
          ],
          "tintindex": 0,
          "rotation": 90,
          "texture": "#6"
        },
        "west": {
          "uv": [
            11.8125,
            1.78125,
            11.84375,
            4.0
          ],
          "tintindex": 0,
          "rotation": 270,
          "texture": "#6"
        },
        "up": {
          "uv": [
            11.8125,
            1.3125,
            12.1875,
            3.53125
          ],
          "tintindex": 0,
          "rotation": 0,
          "texture": "#6"
        },
        "down": {
          "uv": [
            12.1875,
            1.71875,
            11.8125,
            3.9375
          ],
          "tintindex": 0,
          "rotation": 180,
          "texture": "#6"
        }
      }
    },
    {
      "from": [
        17.2,
        10.2,
        5.4
      ],
      "to": [
        19.6,
        10.4,
        7.0
      ],
      "faces": {
        "east": {
          "uv": [
            12.15625,
            3.15625,
            12.1875,
            3.53125
          ],
          "tintindex": 0,
          "rotation": 90,
          "texture": "#6"
        },
        "west": {
          "uv": [
            11.84375,
            2.90625,
            11.8125,
            3.15625
          ],
          "tintindex": 0,
          "rotation": 270,
          "texture": "#6"
        },
        "up": {
          "uv": [
            11.8125,
            4.03125,
            12.1875,
            4.28125
          ],
          "tintindex": 0,
          "rotation": 0,
          "texture": "#6"
        },
        "down": {
          "uv": [
            12.1875,
            1.3125,
            11.8125,
            1.6875
          ],
          "tintindex": 0,
          "rotation": 180,
          "texture": "#6"
        }
      }
    },
    {
      "from": [
        8.0,
        10.2,
        5.4
      ],
      "to": [
        10.4,
        10.4,
        7.0
      ],
      "faces": {
        "east": {
          "uv": [
            12.15625,
            3.15625,
            12.1875,
            3.53125
          ],
          "tintindex": 0,
          "rotation": 90,
          "texture": "#6"
        },
        "west": {
          "uv": [
            11.84375,
            2.90625,
            11.8125,
            3.15625
          ],
          "tintindex": 0,
          "rotation": 270,
          "texture": "#6"
        },
        "up": {
          "uv": [
            11.8125,
            4.03125,
            12.1875,
            4.28125
          ],
          "tintindex": 0,
          "rotation": 0,
          "texture": "#6"
        },
        "down": {
          "uv": [
            12.1875,
            1.3125,
            11.8125,
            1.6875
          ],
          "tintindex": 0,
          "rotation": 180,
          "texture": "#6"
        }
      }
    },
    {
      "from": [
        8.0,
        9.835804,
        -13.613003
      ],
      "to": [
        10.4,
        10.035804,
        -11.413002
      ],
      "faces": {
        "east": {
          "uv": [
            12.15625,
            2.875,
            12.1875,
            3.21875
          ],
          "tintindex": 0,
          "rotation": 270,
          "texture": "#6"
        },
        "west": {
          "uv": [
            11.8125,
            4.0,
            11.84375,
            4.34375
          ],
          "tintindex": 0,
          "rotation": 90,
          "texture": "#6"
        },
        "up": {
          "uv": [
            12.1875,
            1.0,
            11.8125,
            1.34375
          ],
          "tintindex": 0,
          "rotation": 180,
          "texture": "#6"
        },
        "down": {
          "uv": [
            11.8125,
            1.0,
            12.1875,
            1.34375
          ],
          "tintindex": 0,
          "rotation": 0,
          "texture": "#6"
        }
      }
    },
    {
      "from": [
        17.2,
        6.164556,
        -11.821287
      ],
      "to": [
        19.6,
        6.364556,
        5.3787136
      ],
      "faces": {
        "east": {
          "uv": [
            12.15625,
            4.1875,
            12.1875,
            1.5
          ],
          "tintindex": 0,
          "rotation": 270,
          "texture": "#6"
        },
        "west": {
          "uv": [
            11.8125,
            3.65625,
            11.84375,
            0.96875
          ],
          "tintindex": 0,
          "rotation": 270,
          "texture": "#6"
        },
        "up": {
          "uv": [
            11.8125,
            3.65625,
            12.1875,
            0.96875
          ],
          "tintindex": 0,
          "rotation": 0,
          "texture": "#6"
        },
        "down": {
          "uv": [
            11.8125,
            1.84375,
            12.1875,
            4.53125
          ],
          "tintindex": 0,
          "rotation": 0,
          "texture": "#6"
        }
      }
    },
    {
      "from": [
        8.0,
        10.196779,
        3.077528
      ],
      "to": [
        10.4,
        10.39678,
        5.3975277
      ],
      "faces": {
        "east": {
          "uv": [
            12.15625,
            4.09375,
            12.1875,
            4.46875
          ],
          "tintindex": 0,
          "rotation": 90,
          "texture": "#6"
        },
        "west": {
          "uv": [
            11.8125,
            2.875,
            11.84375,
            3.25
          ],
          "tintindex": 0,
          "rotation": 270,
          "texture": "#6"
        },
        "up": {
          "uv": [
            11.8125,
            3.53125,
            12.1875,
            3.90625
          ],
          "tintindex": 0,
          "rotation": 0,
          "texture": "#6"
        },
        "down": {
          "uv": [
            12.1875,
            1.3125,
            11.8125,
            1.6875
          ],
          "tintindex": 0,
          "rotation": 180,
          "texture": "#6"
        }
      },
      "rotation": {
        "origin": [
          8.0,
          10.39678,
          5.3975277
        ],
        "angle": -22.5,
        "axis": "x"
      }
    },
    {
      "from": [
        17.2,
        9.835804,
        -13.613003
      ],
      "to": [
        19.6,
        10.035804,
        -11.413002
      ],
      "faces": {
        "east": {
          "uv": [
            12.15625,
            2.875,
            12.1875,
            3.21875
          ],
          "tintindex": 0,