{
  "textures": {
    "0": "gwjritg0z:tex/qlh8hx27",
    "particle": "#0"
  },
  "elements": [
    {
      "from": [
        -7.384346,
        -0.25990868,
        13.265778
      ],
      "to": [
        -6.7343464,
        1.0734243,
        16.132446
      ],
      "faces": {
        "west": {
          "uv": [
            8.6875,
            8.0625,
            8.96875,
            8.1875
          ],
          "tintindex": 0,
          "rotation": 0,
          "texture": "#0"
        }
      }
    },
    {
      "from": [
        -6.7343464,
        1.0734243,
        16.132446
      ],
      "to": [
        -7.384346,
        -0.25990868,
        13.265778
      ],
      "faces": {
        "east": {
          "uv": [
            8.6875,
            8.1875,
            8.96875,
            8.0625
          ],
          "tintindex": 0,
          "rotation": 0,
          "texture": "#0"
        }
      }
    }
  ],
  "display": {
    "head": {
      "rotation": [
        -37.6704,
        18.152576,
        13.524715
      ]
    },
    "firstperson_righthand": {
      "rotation": [
        -37.6704,
        18.152576,
        13.524715
      ]
    },
    "thirdperson_lefthand": {
      "rotation": [
        -37.6704,
        -18.152576,
        -13.524715
      ]
    },
    "firstperson_lefthand": {
      "rotation": [
        -37.6704,
        -18.152576,
        -13.524715
      ]
    },
    "fixed": {
      "rotation": [
        -37.6704,
        18.152576,
        13.524715
      ]
    },
    "ground": {
      "rotation": [
        -37.6704,
        18.152576,
        13.524715
      ]
    },
    "thirdperson_righthand": {
      "rotation": [
        -37.6704,
        18.152576,
        13.524715
      ]
    },
    "gui": {
      "rotation": [
        -88.21366,
        -48.776497,
        -125.500145
      ]
    }
  }
}