{
  "textures": {
    "0": "gwjritg0z:tex/qlh8hx27",
    "particle": "#0"
  },
  "elements": [
    {
      "from": [
        6.833333,
        -10.375105,
        3.6434698
      ],
      "to": [
        9.166667,
        -10.041771,
        4.64347
      ],
      "faces": {
        "east": {
          "uv": [
            11.625,
            2.25,
            11.65625,
            2.34375
          ],
          "tintindex": 0,
          "rotation": 270,
          "texture": "#0"
        },
        "west": {
          "uv": [
            11.46875,
            2.25,
            11.4375,
            2.34375
          ],
          "tintindex": 0,
          "rotation": 270,
          "texture": "#0"
        },
        "up": {
          "uv": [
            11.4375,
            2.34375,
            11.65625,
            2.25
          ],
          "tintindex": 0,
          "rotation": 0,
          "texture": "#0"
        },
        "down": {
          "uv": [
            11.4375,
            2.25,
            11.65625,
            2.34375
          ],
          "tintindex": 0,
          "rotation": 0,
          "texture": "#0"
        }
      }
    }
  ],
  "display": {
    "head": {
      "rotation": [
        -120.0,
        0.0,
        0.0
      ]
    },
    "firstperson_righthand": {
      "rotation": [
        -120.0,
        0.0,
        0.0
      ]
    },
    "thirdperson_lefthand": {
      "rotation": [
        -120.0,
        -0.0,
        -0.0
      ]
    },
    "firstperson_lefthand": {
      "rotation": [
        -120.0,
        -0.0,
        -0.0
      ]
    },
    "fixed": {
      "rotation": [
        -120.0,
        0.0,
        0.0
      ]
    },
    "ground": {
      "rotation": [
        -120.0,
        0.0,
        0.0
      ]
    },
    "thirdperson_righthand": {
      "rotation": [
        -120.0,
        0.0,
        0.0
      ]
    },
    "gui": {
      "rotation": [
        -37.792347,
        20.704811,
        -139.1066
      ]
    }
  }
}