{
  "textures": {
    "0": "gwjritg0z:tex/qlh8hx27",
    "particle": "#0"
  },
  "elements": [
    {
      "from": [
        0.23889065,
        19.381174,
        20.192041
      ],
      "to": [
        1.2388906,
        19.381174,
        23.058708
      ],
      "faces": {
        "up": {
          "uv": [
            5.21875,
            9.15625,
            5.125,
            8.875
          ],
          "tintindex": 0,
          "rotation": 0,
          "texture": "#0"
        }
      }
    }
  ],
  "display": {
    "head": {
      "rotation": [
        17.499996,
        54.500004,
        4.3210898e-07
      ]
    },
    "firstperson_righthand": {
      "rotation": [
        17.499996,
        54.500004,
        4.3210898e-07
      ]
    },
    "thirdperson_lefthand": {
      "rotation": [
        17.499996,
        -54.500004,
        -4.3210898e-07
      ]
    },
    "firstperson_lefthand": {
      "rotation": [
        17.499996,
        -54.500004,
        -4.3210898e-07
      ]
    },
    "fixed": {
      "rotation": [
        17.499996,
        54.500004,
        4.3210898e-07
      ]
    },
    "ground": {
      "rotation": [
        17.499996,
        54.500004,
        4.3210898e-07
      ]
    },
    "thirdperson_righthand": {
      "rotation": [
        17.499996,
        54.500004,
        4.3210898e-07
      ]
    },
    "gui": {
      "rotation": [
        73.4937,
        -75.30297,
        56.939423
      ]
    }
  }
}