{
  "textures": {
    "6": "gwjritg0z:tex/rgbchkdy",
    "particle": "#6"
  },
  "elements": [
    {
      "from": [
        2.032692,
        14.806195,
        20.333334
      ],
      "to": [
        3.032692,
        15.139528,
        22.666668
      ],
      "faces": {
        "east": {
          "uv": [
            6.1875,
            9.15625,
            6.40625,
            9.1875
          ],
          "tintindex": 0,
          "rotation": 0,
          "texture": "#6"
        },
        "south": {
          "uv": [
            9.1875,
            6.5,
            9.28125,
            6.53125
          ],
          "tintindex": 0,
          "rotation": 0,
          "texture": "#6"
        },
        "north": {
          "uv": [
            9.1875,
            6.4375,
            9.28125,
            6.46875
          ],
          "tintindex": 0,
          "rotation": 0,
          "texture": "#6"
        },
        "west": {
          "uv": [
            9.15625,
            6.3125,
            9.375,
            6.34375
          ],
          "tintindex": 0,
          "rotation": 0,
          "texture": "#6"
        },
        "up": {
          "uv": [
            2.3125,
            9.125,
            2.21875,
            8.90625
          ],
          "tintindex": 0,
          "rotation": 0,
          "texture": "#6"
        },
        "down": {
          "uv": [
            3.84375,
            8.90625,
            3.75,
            9.125
          ],
          "tintindex": 0,
          "rotation": 0,
          "texture": "#6"
        }
      }
    },
    {
      "from": [
        3.032692,
        15.139528,
        14.0
      ],
      "to": [
        4.366025,
        16.13953,
        17.333334
      ],
      "faces": {
        "east": {
          "uv": [
            8.65625,
            6.3125,
            8.96875,
            6.40625
          ],
          "tintindex": 0,
          "rotation": 0,
          "texture": "#6"
        },
        "south": {
          "uv": [
            1.4375,
            9.03125,
            1.5625,
            9.125
          ],
          "tintindex": 0,
          "rotation": 0,
          "texture": "#6"
        },
        "north": {
          "uv": [
            8.875,
            9.0,
            9.0,
            9.09375
          ],
          "tintindex": 0,
          "rotation": 0,
          "texture": "#6"
        },
        "west": {
          "uv": [
            8.6875,
            2.03125,
            9.0,
            2.125
          ],
          "tintindex": 0,
          "rotation": 0,
          "texture": "#6"
        },
        "up": {
          "uv": [
            3.625,
            6.65625,
            3.5,
            6.34375
          ],
          "tintindex": 0,
          "rotation": 0,
          "texture": "#6"
        },
        "down": {
          "uv": [
            6.65625,
            8.53125,
            6.53125,
            8.84375
          ],
          "tintindex": 0,
          "rotation": 0,
          "texture": "#6"
        }
      }
    },
    {
      "from": [
        2.366025,
        15.139528,
        10.333334
      ],
      "to": [
        4.366025,
        16.13953,
        13.666667
      ],
      "faces": {
        "east": {
          "uv": [
            8.5625,
            4.375,
            8.875,
            4.46875
          ],
          "tintindex": 0,
          "rotation": 0,
          "texture": "#6"
        },
        "south": {
          "uv": [
            8.875,
            2.96875,
            9.0625,
            3.0625
          ],
          "tintindex": 0,
          "rotation": 0,
          "texture": "#6"
        },
        "north": {
          "uv": [
            8.84375,
            6.1875,
            9.03125,
            6.28125
          ],
          "tintindex": 0,
          "rotation": 0,
          "texture": "#6"
        },
        "west": {
          "uv": [
            8.65625,
            2.53125,
            8.96875,
            2.625
          ],
          "tintindex": 0,
          "rotation": 0,
          "texture": "#6"
        },
        "up": {
          "uv": [
            8.375,
            7.8125,
            8.1875,
            7.5
          ],
          "tintindex": 0,
          "rotation": 0,
          "texture": "#6"
        },
        "down": {
          "uv": [
            8.375,
            7.84375,
            8.1875,
            8.15625
          ],
          "tintindex": 0,
          "rotation": 0,
          "texture": "#6"
        }
      }
    },
    {
      "from": [
        2.032692,
        14.806195,
        -11.0
      ],
      "to": [
        5.032692,
        15.139528,
        20.333334
      ],
      "faces": {
        "east": {
          "uv": [
            7.71875,
            2.25,
            10.65625,
            2.28125
          ],
          "tintindex": 0,
          "rotation": 0,
          "texture": "#6"
        },
        "south": {
          "uv": [
            9.09375,
            4.84375,
            9.375,
            4.875
          ],
          "tintindex": 0,
          "rotation": 0,
          "texture": "#6"
        },
        "north": {
          "uv": [
            9.09375,
            4.78125,
            9.375,
            4.8125
          ],
          "tintindex": 0,
          "rotation": 0,
          "texture": "#6"
        },
        "west": {
          "uv": [
            7.75,
            1.5,
            10.6875,
            1.53125
          ],
          "tintindex": 0,
          "rotation": 0,
          "texture": "#6"
        },
        "up": {
          "uv": [
            3.9375,
            7.21875,
            3.65625,
            4.28125
          ],
          "tintindex": 0,
          "rotation": 0,
          "texture": "#6"
        },
        "down": {
          "uv": [
            4.25,
            4.28125,
            3.96875,
            7.21875
          ],
          "tintindex": 0,
          "rotation": 0,
          "texture": "#6"
        }
      }
    }
  ],
  "display": {
    "head": {
      "rotation": [
        -0.0,
        0.0,
        60.0
      ]
    },
    "firstperson_righthand": {
      "rotation": [
        -0.0,
        0.0,
        60.0
      ]
    },
    "thirdperson_lefthand": {
      "rotation": [
        -0.0,
        -0.0,
        -60.0
      ]
    },
    "firstperson_lefthand": {
      "rotation": [
        -0.0,
        -0.0,
        -60.0
      ]
    },
    "fixed": {
      "rotation": [
        -0.0,
        0.0,
        60.0
      ]
    },
    "ground": {
      "rotation": [
        -0.0,
        0.0,
        60.0
      ]
    },
    "thirdperson_righthand": {
      "rotation": [
        -0.0,
        0.0,
        60.0
      ]
    },
    "gui": {
      "rotation": [
        -150.0,
        -45.0,
        -120.0
      ]
    }
  }
}