{
  "textures": {
    "0": "5exp3rjkn:tex/irnif5a0",
    "particle": "#0"
  },
  "elements": [
    {
      "from": [
        10.0625,
        11.5,
        6.1360397
      ],
      "to": [
        10.0625,
        12.5,
        9.86396
      ],
      "faces": {
        "east": {
          "uv": [
            10.0625,
            2.0,
            9.8125,
            2.0625
          ],
          "tintindex": 0,
          "rotation": 0,
          "texture": "#0"
        }
      }
    },
    {
      "from": [
        6.0,
        3.5,
        6.1360397
      ],
      "to": [
        10.0,
        12.5,
        9.86396
      ],
      "faces": {
        "east": {
          "uv": [
            3.4375,
            8.1875,
            3.1875,
            8.75
          ],
          "tintindex": 0,
          "rotation": 0,
          "texture": "#0"
        },
        "west": {
          "uv": [
            3.1875,
            8.1875,
            2.9375,
            8.75
          ],
          "tintindex": 0,
          "rotation": 0,
          "texture": "#0"
        },
        "up": {
          "uv": [
            8.0,
            9.1875,
            7.75,
            9.4375
          ],
          "tintindex": 0,
          "rotation": 0,
          "texture": "#0"
        },
        "down": {
          "uv": [
            8.6875,
            9.1875,
            8.4375,
            9.4375
          ],
          "tintindex": 0,
          "rotation": 0,
          "texture": "#0"
        }
      },
      "rotation": {
        "origin": [
          6.5,
          8.0,
          8.0
        ],
        "angle": 45.0,
        "axis": "x"
      }
    },
    {
      "from": [
        10.0,
        6.125,
        6.125
      ],
      "to": [
        10.25,
        9.875,
        9.875
      ],
      "faces": {
        "east": {
          "uv": [
            1.0,
            9.25,
            0.75,
            9.5
          ],
          "tintindex": 0,
          "rotation": 0,
          "texture": "#0"
        },
        "south": {
          "uv": [
            2.375,
            9.8125,
            2.3125,
            10.0625
          ],
          "tintindex": 0,
          "rotation": 0,
          "texture": "#0"
        },
        "north": {
          "uv": [
            1.0625,
            9.8125,
            1.0,
            10.0625
          ],
          "tintindex": 0,
          "rotation": 0,
          "texture": "#0"
        },
        "up": {
          "uv": [
            2.4375,
            9.8125,
            2.375,
            10.0625
          ],
          "tintindex": 0,
          "rotation": 0,
          "texture": "#0"
        },
        "down": {
          "uv": [
            2.5,
            9.8125,
            2.4375,
            10.0625
          ],
          "tintindex": 0,
          "rotation": 0,
          "texture": "#0"
        }
      },
      "rotation": {
        "origin": [
          11.0,
          8.0,
          8.0
        ],
        "angle": 45.0,
        "axis": "x"
      }
    },
    {
      "from": [
        10.0625,
        11.5,
        6.1360397
      ],
      "to": [
        10.0625,
        12.5,
        9.86396
      ],
      "faces": {
        "east": {
          "uv": [
            1.6875,
            9.8125,
            1.4375,
            9.875
          ],
          "tintindex": 0,
          "rotation": 0,
          "texture": "#0"
        }
      },
      "rotation": {
        "origin": [
          10.5625,
          8.0,
          8.0
        ],
        "angle": 45.0,
        "axis": "x"
      }
    },
    {
      "from": [
        10.0625,
        6.1360397,
        11.5
      ],
      "to": [
        10.0625,
        9.86396,
        12.5
      ],
      "faces": {
        "east": {
          "uv": [
            0.6875,
            9.8125,
            0.625,
            10.0625
          ],
          "tintindex": 0,
          "rotation": 0,
          "texture": "#0"
        }
      },
      "rotation": {
        "origin": [
          10.5625,
          8.0,
          8.0
        ],
        "angle": 45.0,
        "axis": "x"
      }
    },
    {
      "from": [
        10.0625,
        6.1360397,
        3.5
      ],
      "to": [
        10.0625,
        9.86396,
        4.5
      ],
      "faces": {
        "east": {
          "uv": [
            0.5625,
            9.8125,
            0.5,
            10.0625
          ],
          "tintindex": 0,
          "rotation": 0,
          "texture": "#0"
        }
      },
      "rotation": {
        "origin": [
          10.5625,
          8.0,
          8.0
        ],
        "angle": 45.0,
        "axis": "x"
      }
    },
    {
      "from": [
        6.0,
        6.1360397,
        3.5
      ],
      "to": [
        10.0,
        9.86396,
        12.5
      ],
      "faces": {
        "east": {
          "uv": [
            8.75,
            1.375,
            8.1875,
            1.625
          ],
          "tintindex": 0,
          "rotation": 0,
          "texture": "#0"
        },
        "south": {
          "uv": [
            7.75,
            9.1875,
            7.5,
            9.4375
          ],
          "tintindex": 0,
          "rotation": 0,
          "texture": "#0"
        },
        "north": {
          "uv": [
            6.6875,
            9.1875,
            6.4375,
            9.4375
          ],
          "tintindex": 0,
          "rotation": 0,
          "texture": "#0"
        },
        "west": {
          "uv": [
            8.6875,
            8.0625,
            8.125,
            8.3125
          ],
          "tintindex": 0,
          "rotation": 0,
          "texture": "#0"
        }
      }
    },
    {
      "from": [
        10.0625,
        3.5,
        6.1360397
      ],
      "to": [
        10.0625,
        4.5,
        9.86396
      ],
      "faces": {
        "east": {
          "uv": [
            1.0,
            9.8125,
            0.75,
            9.875
          ],
          "tintindex": 0,
          "rotation": 0,
          "texture": "#0"
        }
      }
    },
    {
      "from": [
        10.0625,
        6.1360397,
        3.5
      ],
      "to": [
        10.0625,
        9.86396,
        4.5
      ],
      "faces": {
        "east": {
          "uv": [
            0.625,
            9.8125,
            0.5625,
            10.0625
          ],
          "tintindex": 0,
          "rotation": 0,
          "texture": "#0"
        }
      }
    },
    {
      "from": [
        10.0625,
        6.1360397,
        11.5
      ],
      "to": [
        10.0625,
        9.86396,
        12.5
      ],
      "faces": {
        "east": {
          "uv": [
            0.75,
            9.8125,
            0.6875,
            10.0625
          ],
          "tintindex": 0,
          "rotation": 0,
          "texture": "#0"
        }
      }
    },
    {
      "from": [
        10.0625,
        3.5,
        6.1360397
      ],
      "to": [
        10.0625,
        4.5,
        9.86396
      ],
      "faces": {
        "east": {
          "uv": [
            10.0625,
            0.5,
            9.8125,
            0.5625
          ],
          "tintindex": 0,
          "rotation": 0,
          "texture": "#0"
        }
      },
      "rotation": {
        "origin": [
          10.5625,
          8.0,
          8.0
        ],
        "angle": 45.0,
        "axis": "x"
      }
    },
    {
      "from": [
        10.25,
        7.375,
        7.375
      ],
      "to": [
        10.5,
        8.625,
        8.625
      ],
      "faces": {
        "east": {
          "uv": [
            5.3125,
            9.9375,
            5.25,
            10.0
          ],
          "tintindex": 0,
          "rotation": 0,
          "texture": "#0"
        },
        "south": {
          "uv": [
            10.0,
            5.1875,
            9.9375,
            5.25
          ],
          "tintindex": 0,
          "rotation": 0,