{
  "textures": {
    "0": "gwjritg0z:tex/qlh8hx27",
    "particle": "#0"
  },
  "elements": [
    {
      "from": [
        8.964858,
        4.788639,
        16.896568
      ],
      "to": [
        13.964858,
        7.788639,
        17.371569
      ],
      "faces": {
        "south": {
          "uv": [
            8.0,
            7.96875,
            8.3125,
            8.15625
          ],
          "tintindex": 0,
          "rotation": 0,
          "texture": "#0"
        },
        "up": {
          "uv": [
            9.625,
            0.21875,
            9.3125,
            0.1875
          ],
          "tintindex": 0,
          "rotation": 0,
          "texture": "#0"
        }
      }
    }
  ],
  "display": {
    "head": {
      "rotation": [
        -41.87531,
        -38.48089,
        -89.64156
      ]
    },
    "firstperson_righthand": {
      "rotation": [
        -41.87531,
        -38.48089,
        -89.64156
      ]
    },
    "thirdperson_lefthand": {
      "rotation": [
        -41.87531,
        38.48089,
        89.64156
      ]
    },
    "firstperson_lefthand": {
      "rotation": [
        -41.87531,
        38.48089,
        89.64156
      ]
    },
    "fixed": {
      "rotation": [
        -41.87531,
        -38.48089,
        -89.64156
      ]
    },
    "ground": {
      "rotation": [
        -41.87531,
        -38.48089,
        -89.64156
      ]
    },
    "thirdperson_righthand": {
      "rotation": [
        -41.87531,
        -38.48089,
        -89.64156
      ]
    },
    "gui": {
      "rotation": [
        -118.48369,
        1.5952315,
        118.53467
      ]
    }
  }
}