{
  "textures": {
    "0": "gwjritg0z:tex/qlh8hx27",
    "particle": "#0"
  },
  "elements": [
    {
      "from": [
        -2.3250008,
        13.073867,
        16.615059
      ],
      "to": [
        -1.9916668,
        14.073868,
        20.098392
      ],
      "faces": {
        "west": {
          "uv": [
            3.6875,
            8.875,
            4.0,
            8.96875
          ],
          "tintindex": 0,
          "rotation": 0,
          "texture": "#0"
        },
        "up": {
          "uv": [
            5.65625,
            9.59375,
            5.625,
            9.28125
          ],
          "tintindex": 0,
          "rotation": 0,
          "texture": "#0"
        }
      }
    },
    {
      "from": [
        17.991667,
        13.073867,
        16.615059
      ],
      "to": [
        18.325,
        14.073868,
        20.098392
      ],
      "faces": {
        "east": {
          "uv": [
            8.875,
            0.96875,
            9.1875,
            1.0625
          ],
          "tintindex": 0,
          "rotation": 0,
          "texture": "#0"
        },
        "up": {
          "uv": [
            1.59375,
            9.53125,
            1.5625,
            9.21875
          ],
          "tintindex": 0,
          "rotation": 0,
          "texture": "#0"
        }
      }
    }
  ],
  "display": {
    "head": {
      "rotation": [
        16.75,
        0.0,
        -0.0
      ]
    },
    "firstperson_righthand": {
      "rotation": [
        16.75,
        0.0,
        -0.0
      ]
    },
    "thirdperson_lefthand": {
      "rotation": [
        16.75,
        -0.0,
        0.0
      ]
    },
    "firstperson_lefthand": {
      "rotation": [
        16.75,
        -0.0,
        0.0
      ]
    },
    "fixed": {
      "rotation": [
        16.75,
        0.0,
        -0.0
      ]
    },
    "ground": {
      "rotation": [
        16.75,
        0.0,
        -0.0
      ]
    },
    "thirdperson_righthand": {
      "rotation": [
        16.75,
        0.0,
        -0.0
      ]
    },
    "gui": {
      "rotation": [
        -173.05606,
        -42.617844,
        163.92322
      ]
    }
  }
}