{
  "textures": {
    "0": "xq9rmjx80:tex/kjanzurh",
    "particle": "#0"
  },
  "elements": [
    {
      "from": [
        7.03125,
        6.0,
        8.125
      ],
      "to": [
        9.28125,
        6.125,
        8.375
      ],
      "faces": {
        "east": {
          "uv": [
            10.75,
            12.125,
            10.6875,
            12.1875
          ],
          "tintindex": 0,
          "rotation": 0,
          "texture": "#0"
        },
        "south": {
          "uv": [
            6.625,
            11.9375,
            6.0625,
            12.0
          ],
          "tintindex": 0,
          "rotation": 0,
          "texture": "#0"
        },
        "north": {
          "uv": [
            12.5,
            4.5,
            11.9375,
            4.5625
          ],
          "tintindex": 0,
          "rotation": 0,
          "texture": "#0"
        },
        "west": {
          "uv": [
            6.6875,
            11.8125,
            6.625,
            11.875
          ],
          "tintindex": 0,
          "rotation": 0,
          "texture": "#0"
        },
        "down": {
          "uv": [
            12.0,
            1.25,
            12.5625,
            1.3125
          ],
          "tintindex": 0,
          "rotation": 0,
          "texture": "#0"
        }
      }
    },
    {
      "from": [
        7.03125,
        17.625,
        26.329483
      ],
      "to": [
        9.28125,
        17.875,
        26.454483
      ],
      "faces": {
        "east": {
          "uv": [
            0.6875,
            11.75,
            0.75,
            11.8125
          ],
          "tintindex": 0,
          "rotation": 90,
          "texture": "#0"
        },
        "south": {
          "uv": [
            11.9375,
            4.4375,
            12.5,
            4.375
          ],
          "tintindex": 0,
          "rotation": 0,
          "texture": "#0"
        },
        "west": {
          "uv": [
            6.625,
            11.6875,
            6.6875,
            11.75
          ],
          "tintindex": 0,
          "rotation": 270,
          "texture": "#0"
        },
        "up": {
          "uv": [
            11.9375,
            0.5,
            12.5,
            0.5625
          ],
          "tintindex": 0,
          "rotation": 0,
          "texture": "#0"
        },
        "down": {
          "uv": [
            11.9375,
            0.625,
            12.5,
            0.6875
          ],
          "tintindex": 0,
          "rotation": 180,
          "texture": "#0"
        }
      }
    },
    {
      "from": [
        7.03125,
        7.625,
        6.0
      ],
      "to": [
        9.28125,
        7.875,
        6.125
      ],
      "faces": {
        "east": {
          "uv": [
            10.75,
            12.125,
            10.6875,
            12.1875
          ],
          "tintindex": 0,
          "rotation": 270,
          "texture": "#0"
        },
        "north": {
          "uv": [
            12.0,
            1.25,
            12.5625,
            1.3125
          ],
          "tintindex": 0,
          "rotation": 180,
          "texture": "#0"
        },
        "west": {
          "uv": [
            6.6875,
            11.8125,
            6.625,
            11.875
          ],
          "tintindex": 0,
          "rotation": 90,
          "texture": "#0"
        },
        "up": {
          "uv": [
            12.5,
            4.5,
            11.9375,
            4.5625
          ],
          "tintindex": 0,
          "rotation": 180,
          "texture": "#0"
        },
        "down": {
          "uv": [
            6.625,
            11.9375,
            6.0625,
            12.0
          ],
          "tintindex": 0,
          "rotation": 0,
          "texture": "#0"
        }
      }
    },
    {
      "from": [
        7.03125,
        17.125,
        26.329483
      ],
      "to": [
        9.28125,
        17.375,
        26.454483
      ],
      "faces": {
        "east": {
          "uv": [
            10.6875,
            12.125,
            10.75,
            12.1875
          ],
          "tintindex": 0,
          "rotation": 90,
          "texture": "#0"
        },
        "south": {
          "uv": [
            12.0,
            1.3125,
            12.5625,
            1.25
          ],
          "tintindex": 0,
          "rotation": 0,
          "texture": "#0"
        },
        "west": {
          "uv": [
            6.625,
            11.8125,
            6.6875,
            11.875
          ],
          "tintindex": 0,
          "rotation": 270,
          "texture": "#0"
        },
        "up": {
          "uv": [
            11.9375,
            4.5,
            12.5,
            4.5625
          ],
          "tintindex": 0,
          "rotation": 0,
          "texture": "#0"
        },
        "down": {
          "uv": [
            6.0625,
            11.9375,
            6.625,
            12.0
          ],
          "tintindex": 0,
          "rotation": 180,
          "texture": "#0"
        }
      }
    },
    {
      "from": [
        7.03125,
        7.5,
        6.125
      ],
      "to": [
        9.28125,
        8.5,
        6.375
      ],
      "faces": {
        "east": {
          "uv": [
            3.875,
            12.125,
            3.625,
            12.1875
          ],
          "tintindex": 0,
          "rotation": 270,
          "texture": "#0"
        },
        "south": {
          "uv": [
            11.1875,
            2.0625,
            11.75,
            1.8125
          ],
          "tintindex": 0,
          "rotation": 0,
          "texture": "#0"
        },
        "north": {
          "uv": [
            11.1875,
            2.125,
            11.75,
            2.375
          ],
          "tintindex": 0,
          "rotation": 180,
          "texture": "#0"
        },
        "west": {
          "uv": [
            12.3125,
            12.0,
            12.0625,
            12.0625
          ],
          "tintindex": 0,
          "rotation": 90,
          "texture": "#0"
        }
      }
    },
    {
      "from": [
        7.03125,
        6.125,
        7.5
      ],
      "to": [
        9.28125,
        6.375,
        8.5
      ],
      "faces": {
        "east": {
          "uv": [
            3.875,
            12.125,
            3.625,
            12.1875
          ],
          "tintindex": 0,
          "rotation": 0,
          "texture": "#0"
        },
        "west": {
          "uv": [
            12.3125,
            12.0,
            12.0625,
            12.0625
          ],
          "tintindex": 0,
          "rotation": 0,
          "texture": "#0"
        },
        "up": {
          "uv": [
            11.1875,
            2.0625,
            11.75,
            1.8125
          ],
          "tintindex": 0,
          "rotation": 0,
          "texture": "#0"
        },
        "down": {
          "uv": [
            11.1875,
            2.125,
            11.75,
            2.375
          ],
          "tintindex": 0,
          "rotation": 0,
          "texture": "#0"
        }
      }
    },
    {
      "from": [
        7.78125,
        18.875,
        23.954483
      ],
      "to": [
        8.53125,
        19.125,
        24.954483
      ],
      "faces": {
        "east": {
          "uv": [
            12.0625,
            11.875,
            12.3125,
            11.9375
          ],
          "tintindex": 0,
          "rotation": 180,
          "texture": "#0"
        },
        "west": {
          "uv": [
            12.0,
            9.6875,
            12.25,
            9.75
          ],
          "tintindex": 0,
          "rotation": 180,
          "texture": "#0"
        },
        "down": {
          "uv": [
            11.8125,
            11.6875,
            12.0,
            11.9375
          ],
          "tintindex": 0,
          "rotation": 0,