{
  "textures": {
    "2": "xq9rmjx80:tex/6a6c60k6",
    "particle": "#2"
  },
  "elements": [
    {
      "from": [
        -0.62294006,
        6.20172,
        29.57435
      ],
      "to": [
        0.57705975,
        7.10172,
        30.07435
      ],
      "faces": {
        "east": {
          "uv": [
            6.625,
            7.75,
            6.65625,
            7.8046875
          ],
          "tintindex": 0,
          "rotation": 0,
          "texture": "#2"
        },
        "west": {
          "uv": [
            6.6875,
            7.75,
            6.71875,
            7.8046875
          ],
          "tintindex": 0,
          "rotation": 0,
          "texture": "#2"
        },
        "down": {
          "uv": [
            7.828125,
            1.375,
            7.75,
            1.40625
          ],
          "tintindex": 0,
          "rotation": 0,
          "texture": "#2"
        }
      },
      "rotation": {
        "origin": [
          7.0770597,
          5.60172,
          25.60844
        ],
        "angle": -22.5,
        "axis": "x"
      }
    },
    {
      "from": [
        -0.12294006,
        9.67373,
        23.54285
      ],
      "to": [
        0.57705975,
        11.17373,
        28.54285
      ],
      "faces": {
        "east": {
          "uv": [
            2.4375,
            7.3125,
            2.75,
            7.40625
          ],
          "tintindex": 0,
          "rotation": 0,
          "texture": "#2"
        },
        "south": {
          "uv": [
            6.8125,
            7.625,
            6.859375,
            7.71875
          ],
          "tintindex": 0,
          "rotation": 0,
          "texture": "#2"
        },
        "north": {
          "uv": [
            6.75,
            7.625,
            6.796875,
            7.71875
          ],
          "tintindex": 0,
          "rotation": 0,
          "texture": "#2"
        },
        "west": {
          "uv": [
            4.4375,
            7.3125,
            4.75,
            7.40625
          ],
          "tintindex": 0,
          "rotation": 0,
          "texture": "#2"
        }
      }
    },
    {
      "from": [
        -0.62294006,
        8.29091,
        27.19499
      ],
      "to": [
        0.57705975,
        8.59091,
        28.29499
      ],
      "faces": {
        "east": {
          "uv": [
            7.8125,
            5.375,
            7.8828125,
            5.390625
          ],
          "tintindex": 0,
          "rotation": 0,
          "texture": "#2"
        },
        "south": {
          "uv": [
            7.8125,
            4.4375,
            7.890625,
            4.453125
          ],
          "tintindex": 0,
          "rotation": 0,
          "texture": "#2"
        },
        "west": {
          "uv": [
            5.4375,
            7.8125,
            5.5078125,
            7.828125
          ],
          "tintindex": 0,
          "rotation": 0,
          "texture": "#2"
        }
      },
      "rotation": {
        "origin": [
          7.0770597,
          4.325,
          28.894989
        ],
        "angle": 22.5,
        "axis": "x"
      }
    },
    {
      "from": [
        -0.62294006,
        11.210979,
        20.49506
      ],
      "to": [
        0.57705975,
        12.11098,
        20.99506
      ],
      "faces": {
        "east": {
          "uv": [
            6.75,
            7.75,
            6.78125,
            7.8046875
          ],
          "tintindex": 0,
          "rotation": 0,
          "texture": "#2"
        },
        "west": {
          "uv": [
            6.8125,
            7.75,
            6.84375,
            7.8046875
          ],
          "tintindex": 0,
          "rotation": 0,
          "texture": "#2"
        },
        "up": {
          "uv": [
            7.828125,
            1.84375,
            7.75,
            1.8125
          ],
          "tintindex": 0,
          "rotation": 0,
          "texture": "#2"
        }
      },
      "rotation": {
        "origin": [
          7.0770597,
          12.710979,
          24.96097
        ],
        "angle": -45.0,
        "axis": "x"
      }
    },
    {
      "from": [
        -0.62294006,
        8.75656,
        27.394989
      ],
      "to": [
        0.57705975,
        9.0565605,
        28.29499
      ],
      "faces": {
        "east": {
          "uv": [
            7.8125,
            5.875,
            7.8671875,
            5.890625
          ],
          "tintindex": 0,
          "rotation": 0,
          "texture": "#2"
        },
        "south": {
          "uv": [
            7.8125,
            4.3125,
            7.890625,
            4.328125
          ],
          "tintindex": 0,
          "rotation": 0,
          "texture": "#2"
        },
        "west": {
          "uv": [
            7.8125,
            5.9375,
            7.8671875,
            5.953125
          ],
          "tintindex": 0,
          "rotation": 0,
          "texture": "#2"
        },
        "down": {
          "uv": [
            7.703125,
            0.125,
            7.625,
            0.1796875
          ],
          "tintindex": 0,
          "rotation": 0,
          "texture": "#2"
        }
      },
      "rotation": {
        "origin": [
          7.0770597,
          13.02247,
          28.894989
        ],
        "angle": -22.5,
        "axis": "x"
      }
    },
    {
      "from": [
        -0.62294006,
        8.75656,
        23.79072
      ],
      "to": [
        0.57705975,
        9.0565605,
        24.69072
      ],
      "faces": {
        "east": {
          "uv": [
            7.8125,
            6.0,
            7.8671875,
            6.015625
          ],
          "tintindex": 0,
          "rotation": 0,
          "texture": "#2"
        },
        "north": {
          "uv": [
            7.8125,
            4.5,
            7.890625,
            4.515625
          ],
          "tintindex": 0,
          "rotation": 0,
          "texture": "#2"
        },
        "west": {
          "uv": [
            7.8125,
            6.0625,
            7.8671875,
            6.078125
          ],
          "tintindex": 0,
          "rotation": 0,
          "texture": "#2"
        },
        "down": {
          "uv": [
            1.765625,
            7.6875,
            1.6875,
            7.7421875
          ],
          "tintindex": 0,
          "rotation": 0,
          "texture": "#2"
        }
      },
      "rotation": {
        "origin": [
          7.0770597,
          13.02247,
          23.19072
        ],
        "angle": 22.5,
        "axis": "x"
      }
    },
    {
      "from": [
        -0.62294006,
        8.49579,
        29.37315
      ],
      "to": [
        0.57705975,
        8.84579,
        29.97315
      ],
      "faces": {
        "east": {
          "uv": [
            5.6875,
            7.8125,
            5.7265625,
            7.8359375
          ],
          "tintindex": 0,
          "rotation": 0,
          "texture": "#2"
        },
        "south": {
          "uv": [
            7.75,
            6.25,
            7.828125,
            6.2734375
          ],
          "tintindex": 0,
          "rotation": 0,
          "texture": "#2"
        },
        "west": {
          "uv": [
            5.75,
            7.8125,
            5.7890625,
            7.8359375
          ],
          "tintindex": 0,
          "rotation": 0,
          "texture": "#2"
        },
        "up": {
          "uv": [
            5.765625,
            7.7265625,
            5.6875,
            7.6875
          ],
          "tintindex": 0,
          "rotation": 0,
          "texture": "#2"
        }
      }
    },
    {
      "from": [
        -0.62294006,
        6.20172,
        22.01136
      ],
      "to": [
        0.57705975,
        7.40172,
        22.51136
      ],