{
  "textures": {
    "0": "5exp3rjkn:tex/6lbo7w2b",
    "particle": "#0"
  },
  "elements": [
    {
      "from": [
        8.0,
        7.75,
        8.0
      ],
      "to": [
        10.25,
        8.0,
        9.750666
      ],
      "faces": {
        "east": {
          "uv": [
            3.0625,
            5.78125,
            3.03125,
            6.0
          ],
          "tintindex": 0,
          "rotation": 90,
          "texture": "#0"
        },
        "south": {
          "uv": [
            8.90625,
            2.75,
            9.1875,
            2.78125
          ],
          "tintindex": 0,
          "rotation": 0,
          "texture": "#0"
        },
        "north": {
          "uv": [
            6.4375,
            3.09375,
            6.71875,
            3.0625
          ],
          "tintindex": 0,
          "rotation": 180,
          "texture": "#0"
        },
        "west": {
          "uv": [
            3.9375,
            5.6875,
            3.90625,
            5.90625
          ],
          "tintindex": 0,
          "rotation": 270,
          "texture": "#0"
        },
        "up": {
          "uv": [
            3.65625,
            7.3125,
            3.375,
            7.53125
          ],
          "tintindex": 0,
          "rotation": 0,
          "texture": "#0"
        },
        "down": {
          "uv": [
            3.65625,
            6.5625,
            3.375,
            6.78125
          ],
          "tintindex": 0,
          "rotation": 180,
          "texture": "#0"
        }
      }
    },
    {
      "from": [
        8.0,
        7.019415,
        -10.0144615
      ],
      "to": [
        10.25,
        7.269415,
        5.9855375
      ],
      "faces": {
        "east": {
          "uv": [
            9.09375,
            4.71875,
            7.09375,
            4.75
          ],
          "tintindex": 0,
          "rotation": 0,
          "texture": "#0"
        },
        "south": {
          "uv": [
            9.21875,
            1.84375,
            8.9375,
            1.875
          ],
          "tintindex": 0,
          "rotation": 0,
          "texture": "#0"
        },
        "north": {
          "uv": [
            9.21875,
            1.8125,
            8.9375,
            1.84375
          ],
          "tintindex": 0,
          "rotation": 0,
          "texture": "#0"
        },
        "west": {
          "uv": [
            8.78125,
            2.625,
            6.78125,
            2.65625
          ],
          "tintindex": 0,
          "rotation": 0,
          "texture": "#0"
        },
        "up": {
          "uv": [
            3.9375,
            6.375,
            4.21875,
            4.375
          ],
          "tintindex": 0,
          "rotation": 0,
          "texture": "#0"
        },
        "down": {
          "uv": [
            4.21875,
            4.375,
            4.5,
            6.375
          ],
          "tintindex": 0,
          "rotation": 0,
          "texture": "#0"
        }
      }
    },
    {
      "from": [
        8.0,
        5.9588814,
        10.19641
      ],
      "to": [
        10.25,
        7.210844,
        10.44641
      ],
      "faces": {
        "east": {
          "uv": [
            7.6875,
            4.0,
            7.53125,
            4.03125
          ],
          "tintindex": 0,
          "rotation": 90,
          "texture": "#0"
        },
        "south": {
          "uv": [
            7.75,
            7.25,
            8.03125,
            7.40625
          ],
          "tintindex": 0,
          "rotation": 0,
          "texture": "#0"
        },
        "north": {
          "uv": [
            5.09375,
            7.90625,
            5.375,
            7.75
          ],
          "tintindex": 0,
          "rotation": 180,
          "texture": "#0"
        },
        "west": {
          "uv": [
            5.46875,
            6.03125,
            5.3125,
            6.0625
          ],
          "tintindex": 0,
          "rotation": 270,
          "texture": "#0"
        },
        "up": {
          "uv": [
            9.21875,
            3.84375,
            8.9375,
            3.875
          ],
          "tintindex": 0,
          "rotation": 0,
          "texture": "#0"
        },
        "down": {
          "uv": [
            9.21875,
            3.8125,
            8.9375,
            3.84375
          ],
          "tintindex": 0,
          "rotation": 180,
          "texture": "#0"
        }
      }
    },
    {
      "from": [
        8.0,
        7.4290276,
        -14.968054
      ],
      "to": [
        10.25,
        7.6790276,
        -12.718052
      ],
      "faces": {
        "east": {
          "uv": [
            4.8125,
            8.46875,
            4.78125,
            8.75
          ],
          "tintindex": 0,
          "rotation": 270,
          "texture": "#0"
        },
        "south": {
          "uv": [
            8.9375,
            1.71875,
            9.21875,
            1.6875
          ],
          "tintindex": 0,
          "rotation": 0,
          "texture": "#0"
        },
        "north": {
          "uv": [
            8.9375,
            1.71875,
            9.21875,
            1.75
          ],
          "tintindex": 0,
          "rotation": 180,
          "texture": "#0"
        },
        "west": {
          "uv": [
            2.0625,
            7.6875,
            2.03125,
            7.96875
          ],
          "tintindex": 0,
          "rotation": 90,
          "texture": "#0"
        },
        "up": {
          "uv": [
            3.125,
            6.78125,
            2.84375,
            7.0625
          ],
          "tintindex": 0,
          "rotation": 180,
          "texture": "#0"
        },
        "down": {
          "uv": [
            5.59375,
            6.78125,
            5.3125,
            7.0625
          ],
          "tintindex": 0,
          "rotation": 0,
          "texture": "#0"
        }
      }
    },
    {
      "from": [
        8.0,
        3.269415,
        -12.5144615
      ],
      "to": [
        10.25,
        3.519415,
        7.4855375
      ],
      "faces": {
        "east": {
          "uv": [
            9.125,
            4.09375,
            6.625,
            4.125
          ],
          "tintindex": 0,
          "rotation": 0,
          "texture": "#0"
        },
        "south": {
          "uv": [
            9.21875,
            0.6875,
            8.9375,
            0.71875
          ],
          "tintindex": 0,
          "rotation": 0,
          "texture": "#0"
        },
        "north": {
          "uv": [
            9.21875,
            0.65625,
            8.9375,
            0.6875
          ],
          "tintindex": 0,
          "rotation": 0,
          "texture": "#0"
        },
        "west": {
          "uv": [
            9.03125,
            6.21875,
            6.53125,
            6.25
          ],
          "tintindex": 0,
          "rotation": 0,
          "texture": "#0"
        },
        "up": {
          "uv": [
            1.5,
            5.25,
            1.78125,
            2.75
          ],
          "tintindex": 0,
          "rotation": 0,
          "texture": "#0"
        },
        "down": {
          "uv": [
            1.78125,
            2.75,
            2.0625,
            5.25
          ],
          "tintindex": 0,
          "rotation": 0,
          "texture": "#0"
        }
      }
    }
  ],
  "display": {
    "head": {
      "rotation": [
        0.0,
        0.0,
        0.0
      ]
    },
    "firstperson_righthand": {
      "rotation": [
        0.0,
        0.0,
        0.0
      ]
    },
    "thirdperson_lefthand": {
      "rotation": [
        0.0,
        -0.0,
        -0.0
      ]
    },
    "firstperson_lefthand": {
      "rotation": [
        0.0,
        -0.0,
        -0.0
      ]
    },