{
  "textures": {
    "0": "gwjritg0z:tex/qlh8hx27",
    "particle": "#0"
  },
  "elements": [
    {
      "from": [
        6.833333,
        23.21221,
        -0.49405003
      ],
      "to": [
        9.166667,
        23.545544,
        1.172617
      ],
      "faces": {
        "east": {
          "uv": [
            11.65625,
            2.25,
            11.625,
            2.40625
          ],
          "tintindex": 0,
          "rotation": 270,
          "texture": "#0"
        },
        "west": {
          "uv": [
            11.4375,
            2.40625,
            11.46875,
            2.25
          ],
          "tintindex": 0,
          "rotation": 270,
          "texture": "#0"
        },
        "up": {
          "uv": [
            11.4375,
            2.40625,
            11.65625,
            2.25
          ],
          "tintindex": 0,
          "rotation": 0,
          "texture": "#0"
        },
        "down": {
          "uv": [
            11.4375,
            2.25,
            11.65625,
            2.40625
          ],
          "tintindex": 0,
          "rotation": 0,
          "texture": "#0"
        }
      }
    }
  ],
  "display": {
    "head": {
      "rotation": [
        -43.5,
        0.0,
        0.0
      ]
    },
    "firstperson_righthand": {
      "rotation": [
        -43.5,
        0.0,
        0.0
      ]
    },
    "thirdperson_lefthand": {
      "rotation": [
        -43.5,
        -0.0,
        -0.0
      ]
    },
    "firstperson_lefthand": {
      "rotation": [
        -43.5,
        -0.0,
        -0.0
      ]
    },
    "fixed": {
      "rotation": [
        -43.5,
        0.0,
        0.0
      ]
    },
    "ground": {
      "rotation": [
        -43.5,
        0.0,
        0.0
      ]
    },
    "thirdperson_righthand": {
      "rotation": [
        -43.5,
        0.0,
        0.0
      ]
    },
    "gui": {
      "rotation": [
        -96.691086,
        -30.858335,
        -145.45824
      ]
    }
  }
}