{
  "textures": {
    "0": "2thxh28ly:tex/8keh4rqr",
    "particle": "#0"
  },
  "elements": [
    {
      "from": [
        7.1722097,
        9.12731,
        -11.752211
      ],
      "to": [
        8.82779,
        10.11307,
        -11.17919
      ],
      "faces": {
        "east": {
          "uv": [
            9.052629,
            15.15789,
            9.15789,
            15.368422
          ],
          "tintindex": 0,
          "rotation": 0,
          "texture": "#0"
        },
        "south": {
          "uv": [
            13.894742,
            3.5789495,
            14.26316,
            3.7894697
          ],
          "tintindex": 0,
          "rotation": 0,
          "texture": "#0"
        },
        "north": {
          "uv": [
            2.52632,
            13.894742,
            2.894741,
            14.105258
          ],
          "tintindex": 0,
          "rotation": 0,
          "texture": "#0"
        },
        "west": {
          "uv": [
            15.15789,
            9.052629,
            15.26316,
            9.263161
          ],
          "tintindex": 0,
          "rotation": 0,
          "texture": "#0"
        },
        "up": {
          "uv": [
            13.842111,
            14.63158,
            13.4736805,
            14.52632
          ],
          "tintindex": 0,
          "rotation": 0,
          "texture": "#0"
        },
        "down": {
          "uv": [
            14.894742,
            13.4736805,
            14.52632,
            13.578949
          ],
          "tintindex": 0,
          "rotation": 0,
          "texture": "#0"
        }
      }
    },
    {
      "from": [
        7.6571198,
        8.9424,
        -11.752211
      ],
      "to": [
        8.34288,
        10.59797,
        -11.17919
      ],
      "faces": {
        "east": {
          "uv": [
            14.315789,
            14.52632,
            14.421051,
            14.894742
          ],
          "tintindex": 0,
          "rotation": 0,
          "texture": "#0"
        },
        "south": {
          "uv": [
            14.105258,
            10.315789,
            14.26316,
            10.684211
          ],
          "tintindex": 0,
          "rotation": 0,
          "texture": "#0"
        },
        "north": {
          "uv": [
            10.315789,
            14.105258,
            10.4736805,
            14.47368
          ],
          "tintindex": 0,
          "rotation": 0,
          "texture": "#0"
        },
        "west": {
          "uv": [
            14.52632,
            14.52632,
            14.63158,
            14.894742
          ],
          "tintindex": 0,
          "rotation": 0,
          "texture": "#0"
        },
        "up": {
          "uv": [
            15.52632,
            4.52632,
            15.368422,
            4.4210505
          ],
          "tintindex": 0,
          "rotation": 0,
          "texture": "#0"
        },
        "down": {
          "uv": [
            4.7894697,
            15.368422,
            4.631581,
            15.47368
          ],
          "tintindex": 0,
          "rotation": 0,
          "texture": "#0"
        }
      },
      "rotation": {
        "origin": [
          8.0,
          9.77019,
          -11.515699
        ],
        "angle": 45.0,
        "axis": "z"
      }
    },
    {
      "from": [
        7.1722097,
        9.12731,
        -11.752211
      ],
      "to": [
        8.82779,
        9.81307,
        -11.17919
      ],
      "faces": {
        "east": {
          "uv": [
            15.368422,
            4.0,
            15.47368,
            4.157891
          ],
          "tintindex": 0,
          "rotation": 0,
          "texture": "#0"
        },
        "south": {
          "uv": [
            14.105258,
            6.7368402,
            14.47368,
            6.894739
          ],
          "tintindex": 0,
          "rotation": 0,
          "texture": "#0"
        },
        "north": {
          "uv": [
            14.105258,
            5.684211,
            14.47368,
            5.842109
          ],
          "tintindex": 0,
          "rotation": 0,
          "texture": "#0"
        },
        "west": {
          "uv": [
            4.2105303,
            15.368422,
            4.3157897,
            15.52632
          ],
          "tintindex": 0,
          "rotation": 0,
          "texture": "#0"
        },
        "up": {
          "uv": [
            13.42105,
            14.63158,
            13.052629,
            14.52632
          ],
          "tintindex": 0,
          "rotation": 0,
          "texture": "#0"
        },
        "down": {
          "uv": [
            14.894742,
            13.263161,
            14.52632,
            13.368422
          ],
          "tintindex": 0,
          "rotation": 0,
          "texture": "#0"
        }
      },
      "rotation": {
        "origin": [
          8.0,
          9.47019,
          -11.515699
        ],
        "angle": 45.0,
        "axis": "z"
      }
    },
    {
      "from": [
        7.1722097,
        9.42731,
        -11.752211
      ],
      "to": [
        8.82779,
        10.11307,
        -11.17919
      ],
      "faces": {
        "east": {
          "uv": [
            15.368422,
            4.631581,
            15.47368,
            4.7894697
          ],
          "tintindex": 0,
          "rotation": 0,
          "texture": "#0"
        },
        "south": {
          "uv": [
            14.105258,
            10.73684,
            14.47368,
            10.894741
          ],
          "tintindex": 0,
          "rotation": 0,
          "texture": "#0"
        },
        "north": {
          "uv": [
            14.105258,
            8.631581,
            14.47368,
            8.78947
          ],
          "tintindex": 0,
          "rotation": 0,
          "texture": "#0"
        },
        "west": {
          "uv": [
            4.842109,
            15.368422,
            4.9473705,
            15.52632
          ],
          "tintindex": 0,
          "rotation": 0,
          "texture": "#0"
        },
        "up": {
          "uv": [
            0.7894695,
            14.842111,
            0.42105052,
            14.73684
          ],
          "tintindex": 0,
          "rotation": 0,
          "texture": "#0"
        },
        "down": {
          "uv": [
            15.105258,
            0.42105052,
            14.73684,
            0.52632
          ],
          "tintindex": 0,
          "rotation": 0,
          "texture": "#0"
        }
      },
      "rotation": {
        "origin": [
          8.0,
          9.77019,
          -11.515699
        ],
        "angle": 45.0,
        "axis": "z"
      }
    },
    {
      "from": [
        7.6571198,
        8.6424,
        -11.752211
      ],
      "to": [
        8.34288,
        10.59797,
        -11.17919
      ],
      "faces": {
        "east": {
          "uv": [
            14.52632,
            3.1578906,
            14.63158,
            3.5789495
          ],
          "tintindex": 0,
          "rotation": 0,
          "texture": "#0"
        },
        "south": {
          "uv": [
            1.47368,
            14.105258,
            1.6315811,
            14.52632
          ],
          "tintindex": 0,
          "rotation": 0,
          "texture": "#0"
        },
        "north": {
          "uv": [
            14.105258,
            1.0526295,
            14.26316,
            1.47368
          ],
          "tintindex": 0,
          "rotation": 0,
          "texture": "#0"
        },
        "west": {
          "uv": [
            3.368421,
            14.52632,
            3.4736803,
            14.947371
          ],
          "tintindex": 0,
          "rotation": 0,
          "texture": "#0"
        },
        "up": {
          "uv": [
            15.52632,
            4.9473705,
            15.368422,
            4.842109
          ],