{
  "textures": {
    "0": "xq9rmjx80:tex/kjanzurh",
    "particle": "#0"
  },
  "elements": [
    {
      "from": [
        21.051212,
        -2.2829876,
        -0.35579014
      ],
      "to": [
        22.322046,
        -0.61632156,
        5.709508
      ],
      "faces": {
        "down": {
          "uv": [
            9.375,
            9.5625,
            9.125,
            10.6875
          ],
          "tintindex": 0,
          "rotation": 0,
          "texture": "#0"
        }
      }
    }
  ],
  "display": {
    "head": {
      "rotation": [
        47.801434,
        61.03676,
        0.50000453
      ]
    },
    "firstperson_righthand": {
      "rotation": [
        47.801434,
        61.03676,
        0.50000453
      ]
    },
    "thirdperson_lefthand": {
      "rotation": [
        47.801434,
        -61.03676,
        -0.50000453
      ]
    },
    "firstperson_lefthand": {
      "rotation": [
        47.801434,
        -61.03676,
        -0.50000453
      ]
    },
    "fixed": {
      "rotation": [
        47.801434,
        61.03676,
        0.50000453
      ]
    },
    "ground": {
      "rotation": [
        47.801434,
        61.03676,
        0.50000453
      ]
    },
    "thirdperson_righthand": {
      "rotation": [
        47.801434,
        61.03676,
        0.50000453
      ]
    },
    "gui": {
      "rotation": [
        72.70707,
        -58.06735,
        82.550934
      ]
    }
  }
}