{
  "textures": {
    "0": "5exp3rjkn:tex/irnif5a0",
    "particle": "#0"
  },
  "elements": [
    {
      "from": [
        8.5625,
        3.5,
        6.1360397
      ],
      "to": [
        8.5625,
        4.5,
        9.86396
      ],
      "faces": {
        "east": {
          "uv": [
            10.0625,
            3.875,
            9.8125,
            3.9375
          ],
          "tintindex": 0,
          "rotation": 0,
          "texture": "#0"
        }
      },
      "rotation": {
        "origin": [
          9.0625,
          8.0,
          8.0
        ],
        "angle": 45.0,
        "axis": "x"
      }
    },
    {
      "from": [
        4.5,
        6.1360397,
        3.5
      ],
      "to": [
        8.5,
        9.86396,
        12.5
      ],
      "faces": {
        "east": {
          "uv": [
            8.875,
            4.4375,
            8.3125,
            4.6875
          ],
          "tintindex": 0,
          "rotation": 0,
          "texture": "#0"
        },
        "south": {
          "uv": [
            9.5,
            9.0,
            9.25,
            9.25
          ],
          "tintindex": 0,
          "rotation": 0,
          "texture": "#0"
        },
        "north": {
          "uv": [
            9.5,
            8.75,
            9.25,
            9.0
          ],
          "tintindex": 0,
          "rotation": 0,
          "texture": "#0"
        },
        "west": {
          "uv": [
            8.875,
            4.1875,
            8.3125,
            4.4375
          ],
          "tintindex": 0,
          "rotation": 0,
          "texture": "#0"
        }
      },
      "rotation": {
        "origin": [
          5.0,
          8.0,
          8.0
        ],
        "angle": 45.0,
        "axis": "x"
      }
    },
    {
      "from": [
        4.5,
        3.5,
        6.1360397
      ],
      "to": [
        8.5,
        12.5,
        9.86396
      ],
      "faces": {
        "east": {
          "uv": [
            4.4375,
            8.375,
            4.1875,
            8.9375
          ],
          "tintindex": 0,
          "rotation": 0,
          "texture": "#0"
        },
        "west": {
          "uv": [
            4.1875,
            8.375,
            3.9375,
            8.9375
          ],
          "tintindex": 0,
          "rotation": 0,
          "texture": "#0"
        },
        "up": {
          "uv": [
            9.5625,
            3.5625,
            9.3125,
            3.8125
          ],
          "tintindex": 0,
          "rotation": 0,
          "texture": "#0"
        },
        "down": {
          "uv": [
            9.5625,
            3.8125,
            9.3125,
            4.0625
          ],
          "tintindex": 0,
          "rotation": 0,
          "texture": "#0"
        }
      }
    },
    {
      "from": [
        8.5625,
        3.5,
        6.1360397
      ],
      "to": [
        8.5625,
        4.5,
        9.86396
      ],
      "faces": {
        "east": {
          "uv": [
            10.0625,
            3.9375,
            9.8125,
            4.0
          ],
          "tintindex": 0,
          "rotation": 0,
          "texture": "#0"
        }
      }
    },
    {
      "from": [
        8.5625,
        6.1360397,
        11.5
      ],
      "to": [
        8.5625,
        9.86396,
        12.5
      ],
      "faces": {
        "east": {
          "uv": [
            4.375,
            9.8125,
            4.3125,
            10.0625
          ],
          "tintindex": 0,
          "rotation": 0,
          "texture": "#0"
        }
      }
    },
    {
      "from": [
        8.5625,
        11.5,
        6.1360397
      ],
      "to": [
        8.5625,
        12.5,
        9.86396
      ],
      "faces": {
        "east": {
          "uv": [
            10.0625,
            4.3125,
            9.8125,
            4.375
          ],
          "tintindex": 0,
          "rotation": 0,
          "texture": "#0"
        }
      }
    },
    {
      "from": [
        4.5,
        6.1360397,
        3.5
      ],
      "to": [
        8.5,
        9.86396,
        12.5
      ],
      "faces": {
        "east": {
          "uv": [
            8.9375,
            4.6875,
            8.375,
            4.9375
          ],
          "tintindex": 0,
          "rotation": 0,
          "texture": "#0"
        },
        "south": {
          "uv": [
            9.5625,
            2.0,
            9.3125,
            2.25
          ],
          "tintindex": 0,
          "rotation": 0,
          "texture": "#0"
        },
        "north": {
          "uv": [
            9.5,
            9.25,
            9.25,
            9.5
          ],
          "tintindex": 0,
          "rotation": 0,
          "texture": "#0"
        },
        "west": {
          "uv": [
            8.6875,
            8.3125,
            8.125,
            8.5625
          ],
          "tintindex": 0,
          "rotation": 0,
          "texture": "#0"
        }
      }
    },
    {
      "from": [
        8.5625,
        6.1360397,
        11.5
      ],
      "to": [
        8.5625,
        9.86396,
        12.5
      ],
      "faces": {
        "east": {
          "uv": [
            4.3125,
            9.8125,
            4.25,
            10.0625
          ],
          "tintindex": 0,
          "rotation": 0,
          "texture": "#0"
        }
      },
      "rotation": {
        "origin": [
          9.0625,
          8.0,
          8.0
        ],
        "angle": 45.0,
        "axis": "x"
      }
    },
    {
      "from": [
        8.5,
        6.125,
        6.125
      ],
      "to": [
        8.75,
        9.875,
        9.875
      ],
      "faces": {
        "east": {
          "uv": [
            9.5625,
            4.5625,
            9.3125,
            4.8125
          ],
          "tintindex": 0,
          "rotation": 0,
          "texture": "#0"
        },
        "south": {
          "uv": [
            4.75,
            9.8125,
            4.6875,
            10.0625
          ],
          "tintindex": 0,
          "rotation": 0,
          "texture": "#0"
        },
        "north": {
          "uv": [
            4.4375,
            9.8125,
            4.375,
            10.0625
          ],
          "tintindex": 0,
          "rotation": 0,
          "texture": "#0"
        },
        "up": {
          "uv": [
            4.8125,
            9.8125,
            4.75,
            10.0625
          ],
          "tintindex": 0,
          "rotation": 0,
          "texture": "#0"
        },
        "down": {
          "uv": [
            4.875,
            9.8125,
            4.8125,
            10.0625
          ],
          "tintindex": 0,
          "rotation": 0,
          "texture": "#0"
        }
      },
      "rotation": {
        "origin": [
          9.5,
          8.0,
          8.0
        ],
        "angle": 45.0,
        "axis": "x"
      }
    },
    {
      "from": [
        8.5625,
        6.1360397,
        3.5
      ],
      "to": [
        8.5625,
        9.86396,
        4.5
      ],
      "faces": {
        "east": {
          "uv": [
            4.25,
            9.8125,
            4.1875,
            10.0625
          ],
          "tintindex": 0,
          "rotation": 0,
          "texture": "#0"
        }
      }
    },
    {
      "from": [
        8.5625,
        11.5,
        6.1360397
      ],
      "to": [
        8.5625,
        12.5,
        9.86396
      ],
      "faces": {
        "east": {
          "uv": [
            10.0625,
            4.0,
            9.8125,
            4.0625
          ],
          "tintindex": 0,
          "rotation": 0,
          "texture": "#0"
        }
      },
      "rotation": {
        "origin": [
          9.0625,
          8.0,
          8.0
        ],
        "angle": 45.0,
        "axis": "x"
      }
    },
    {
      "from": [
        8.75,
        7.375,
        7.375
      ],