{
  "textures": {
    "0": "xq9rmjx80:tex/kjanzurh",
    "particle": "#0"
  },
  "elements": [
    {
      "from": [
        3.333333,
        9.515516,
        -7.9884367
      ],
      "to": [
        12.666667,
        14.583334,
        24.655104
      ],
      "faces": {
        "east": {
          "uv": [
            0.0,
            0.0,
            6.125,
            0.9375
          ],
          "tintindex": 0,
          "rotation": 0,
          "texture": "#0"
        },
        "south": {
          "uv": [
            6.5625,
            4.0,
            8.3125,
            4.9375
          ],
          "tintindex": 0,
          "rotation": 0,
          "texture": "#0"
        },
        "north": {
          "uv": [
            6.5625,
            3.0,
            8.3125,
            3.9375
          ],
          "tintindex": 0,
          "rotation": 0,
          "texture": "#0"
        },
        "west": {
          "uv": [
            0.0,
            1.0,
            6.125,
            1.9375
          ],
          "tintindex": 0,
          "rotation": 0,
          "texture": "#0"
        }
      }
    },
    {
      "from": [
        5.0,
        24.833334,
        4.0
      ],
      "to": [
        7.0,
        25.166668,
        12.666667
      ],
      "faces": {
        "east": {
          "uv": [
            11.25,
            8.8125,
            12.875,
            8.875
          ],
          "tintindex": 0,
          "rotation": 0,
          "texture": "#0"
        },
        "south": {
          "uv": [
            12.0,
            4.9375,
            12.375,
            5.0
          ],
          "tintindex": 0,
          "rotation": 0,
          "texture": "#0"
        },
        "north": {
          "uv": [
            12.0,
            1.375,
            12.375,
            1.4375
          ],
          "tintindex": 0,
          "rotation": 0,
          "texture": "#0"
        },
        "west": {
          "uv": [
            11.25,
            8.9375,
            12.875,
            9.0
          ],
          "tintindex": 0,
          "rotation": 0,
          "texture": "#0"
        },
        "up": {
          "uv": [
            3.3125,
            11.0625,
            2.9375,
            9.4375
          ],
          "tintindex": 0,
          "rotation": 0,
          "texture": "#0"
        },
        "down": {
          "uv": [
            9.8125,
            8.8125,
            9.4375,
            10.4375
          ],
          "tintindex": 0,
          "rotation": 0,
          "texture": "#0"
        }
      }
    },
    {
      "from": [
        0.33333302,
        10.833334,
        -0.16666698
      ],
      "to": [
        15.666667,
        11.833334,
        2.5
      ],
      "faces": {
        "east": {
          "uv": [
            11.4375,
            9.5625,
            11.9375,
            9.75
          ],
          "tintindex": 0,
          "rotation": 0,
          "texture": "#0"
        },
        "south": {
          "uv": [
            9.8125,
            7.625,
            12.6875,
            7.8125
          ],
          "tintindex": 0,
          "rotation": 0,
          "texture": "#0"
        },
        "north": {
          "uv": [
            9.8125,
            7.375,
            12.6875,
            7.5625
          ],
          "tintindex": 0,
          "rotation": 0,
          "texture": "#0"
        },
        "west": {
          "uv": [
            3.375,
            11.5,
            3.875,
            11.6875
          ],
          "tintindex": 0,
          "rotation": 0,
          "texture": "#0"
        },
        "down": {
          "uv": [
            4.125,
            8.375,
            1.25,
            8.875
          ],
          "tintindex": 0,
          "rotation": 0,
          "texture": "#0"
        }
      }
    },
    {
      "from": [
        3.6666665,
        22.833334,
        5.333333
      ],
      "to": [
        12.333334,
        25.833334,
        11.333334
      ],
      "faces": {
        "up": {
          "uv": [
            8.1875,
            2.9375,
            6.5625,
            1.8125
          ],
          "tintindex": 0,
          "rotation": 0,
          "texture": "#0"
        }
      }
    },
    {
      "from": [
        2.333333,
        10.583334,
        3.6666665
      ],
      "to": [
        13.666667,
        22.916668,
        13.0
      ],
      "faces": {
        "up": {
          "uv": [
            8.3125,
            1.75,
            6.1875,
            0.0
          ],
          "tintindex": 0,
          "rotation": 0,
          "texture": "#0"
        }
      }
    },
    {
      "from": [
        9.0,
        24.833334,
        4.0
      ],
      "to": [
        11.0,
        25.166668,
        12.666667
      ],
      "faces": {
        "east": {
          "uv": [
            11.3125,
            11.0,
            12.9375,
            11.0625
          ],
          "tintindex": 0,
          "rotation": 0,
          "texture": "#0"
        },
        "south": {
          "uv": [
            5.1875,
            12.0,
            5.5625,
            12.0625
          ],
          "tintindex": 0,
          "rotation": 0,
          "texture": "#0"
        },
        "north": {
          "uv": [
            12.0,
            5.0625,
            12.375,
            5.125
          ],
          "tintindex": 0,
          "rotation": 0,
          "texture": "#0"
        },
        "west": {
          "uv": [
            11.3125,
            11.125,
            12.9375,
            11.1875
          ],
          "tintindex": 0,
          "rotation": 0,
          "texture": "#0"
        },
        "up": {
          "uv": [
            8.125,
            11.1875,
            7.75,
            9.5625
          ],
          "tintindex": 0,
          "rotation": 0,
          "texture": "#0"
        },
        "down": {
          "uv": [
            8.5625,
            9.5625,
            8.1875,
            11.1875
          ],
          "tintindex": 0,
          "rotation": 0,
          "texture": "#0"
        }
      }
    },
    {
      "from": [
        7.6666665,
        25.833334,
        8.0
      ],
      "to": [
        8.333333,
        26.166668,
        8.666667
      ],
      "faces": {
        "east": {
          "uv": [
            1.125,
            1.9375,
            1.25,
            2.0
          ],
          "tintindex": 0,
          "rotation": 0,
          "texture": "#0"
        },
        "south": {
          "uv": [
            1.25,
            1.9375,
            1.375,
            2.0
          ],
          "tintindex": 0,
          "rotation": 0,
          "texture": "#0"
        },
        "north": {
          "uv": [
            1.0,
            1.9375,
            1.125,
            2.0
          ],
          "tintindex": 0,
          "rotation": 0,
          "texture": "#0"
        },
        "west": {
          "uv": [
            1.375,
            1.9375,
            1.5,
            2.0
          ],
          "tintindex": 0,
          "rotation": 0,
          "texture": "#0"
        },
        "up": {
          "uv": [
            8.0,
            5.9375,
            7.875,
            5.8125
          ],
          "tintindex": 0,
          "rotation": 0,
          "texture": "#0"
        }
      },
      "rotation": {
        "origin": [
          8.0,
          26.0,
          8.333333
        ],
        "angle": 45.0,
        "axis": "y"
      }
    },
    {
      "from": [
        2.5,
        24.916668,
        7.3333335
      ],
      "to": [
        13.5,
        25.25,
        9.333333
      ],
      "faces": {
        "east": {
          "uv": [
            12.0,
            5.5,
            12.375,
            5.5625
          ],
          "tintindex": 0,
          "rotation": 0,
          "texture": "#0"
        },