{
  "textures": {
    "0": "xq9rmjx80:tex/s55zjnhh",
    "particle": "#0"
  },
  "elements": [
    {
      "from": [
        3.5249996,
        0.9250002,
        5.174999
      ],
      "to": [
        6.4750004,
        15.075,
        10.825001
      ],
      "faces": {
        "east": {
          "uv": [
            0.875,
            11.5,
            1.0625,
            11.9375
          ],
          "tintindex": 0,
          "rotation": 0,
          "texture": "#0"
        },
        "west": {
          "uv": [
            1.09375,
            11.5,
            1.28125,
            11.9375
          ],
          "tintindex": 0,
          "rotation": 0,
          "texture": "#0"
        },
        "up": {
          "uv": [
            5.25,
            11.5625,
            5.15625,
            11.375
          ],
          "tintindex": 0,
          "rotation": 0,
          "texture": "#0"
        },
        "down": {
          "uv": [
            5.25,
            11.59375,
            5.15625,
            11.78125
          ],
          "tintindex": 0,
          "rotation": 0,
          "texture": "#0"
        }
      },
      "rotation": {
        "origin": [
          5.0,
          8.0,
          8.0
        ],
        "angle": 45.0,
        "axis": "x"
      }
    },
    {
      "from": [
        3.5,
        5.0,
        1.0
      ],
      "to": [
        6.5,
        11.0,
        15.0
      ],
      "faces": {
        "east": {
          "uv": [
            0.0,
            11.5,
            0.1875,
            11.9375
          ],
          "tintindex": 0,
          "rotation": 270,
          "texture": "#0"
        },
        "south": {
          "uv": [
            3.34375,
            13.78125,
            3.25,
            13.59375
          ],
          "tintindex": 0,
          "rotation": 0,
          "texture": "#0"
        },
        "north": {
          "uv": [
            4.96875,
            13.6875,
            4.875,
            13.875
          ],
          "tintindex": 0,
          "rotation": 180,
          "texture": "#0"
        },
        "west": {
          "uv": [
            0.21875,
            11.5,
            0.40625,
            11.9375
          ],
          "tintindex": 0,
          "rotation": 90,
          "texture": "#0"
        }
      }
    },
    {
      "from": [
        3.5249996,
        0.9250002,
        5.174999
      ],
      "to": [
        6.4750004,
        15.075,
        10.825001
      ],
      "faces": {
        "east": {
          "uv": [
            0.4375,
            11.5,
            0.625,
            11.9375
          ],
          "tintindex": 0,
          "rotation": 0,
          "texture": "#0"
        },
        "west": {
          "uv": [
            0.65625,
            11.5,
            0.84375,
            11.9375
          ],
          "tintindex": 0,
          "rotation": 0,
          "texture": "#0"
        },
        "up": {
          "uv": [
            5.25,
            10.5,
            5.15625,
            10.3125
          ],
          "tintindex": 0,
          "rotation": 0,
          "texture": "#0"
        },
        "down": {
          "uv": [
            5.25,
            11.15625,
            5.15625,
            11.34375
          ],
          "tintindex": 0,
          "rotation": 0,
          "texture": "#0"
        }
      },
      "rotation": {
        "origin": [
          5.0,
          8.0,
          8.0
        ],
        "angle": -45.0,
        "axis": "x"
      }
    },
    {
      "from": [
        3.4749985,
        1.0,
        5.0
      ],
      "to": [
        6.5249996,
        15.0,
        11.0
      ],
      "faces": {
        "east": {
          "uv": [
            1.3125,
            11.5,
            1.5,
            11.9375
          ],
          "tintindex": 0,
          "rotation": 0,
          "texture": "#0"
        },
        "west": {
          "uv": [
            1.53125,
            11.5,
            1.71875,
            11.9375
          ],
          "tintindex": 0,
          "rotation": 0,
          "texture": "#0"
        },
        "up": {
          "uv": [
            5.25,
            12.0,
            5.15625,
            11.8125
          ],
          "tintindex": 0,
          "rotation": 0,
          "texture": "#0"
        },
        "down": {
          "uv": [
            5.25,
            12.03125,
            5.15625,
            12.21875
          ],
          "tintindex": 0,
          "rotation": 0,
          "texture": "#0"
        }
      }
    }
  ],
  "display": {
    "head": {
      "rotation": [
        0.0,
        0.0,
        0.0
      ]
    },
    "firstperson_righthand": {
      "rotation": [
        0.0,
        0.0,
        0.0
      ]
    },
    "thirdperson_lefthand": {
      "rotation": [
        0.0,
        -0.0,
        -0.0
      ]
    },
    "firstperson_lefthand": {
      "rotation": [
        0.0,
        -0.0,
        -0.0
      ]
    },
    "fixed": {
      "rotation": [
        0.0,
        0.0,
        0.0
      ]
    },
    "ground": {
      "rotation": [
        0.0,
        0.0,
        0.0
      ]
    },
    "thirdperson_righthand": {
      "rotation": [
        0.0,
        0.0,
        0.0
      ]
    },
    "gui": {
      "rotation": [
        -150.0,
        -45.0,
        180.0
      ]
    }
  }
}