{
  "textures": {
    "6": "gwjritg0z:tex/rgbchkdy",
    "particle": "#6"
  },
  "elements": [
    {
      "from": [
        11.686859,
        7.0744534,
        -0.40179062
      ],
      "to": [
        20.38686,
        10.524452,
        0.09820938
      ],
      "faces": {
        "north": {
          "uv": [
            7.625,
            0.25,
            8.15625,
            0.46875
          ],
          "tintindex": 0,
          "rotation": 0,
          "texture": "#6"
        },
        "up": {
          "uv": [
            9.40625,
            2.5,
            8.875,
            2.46875
          ],
          "tintindex": 0,
          "rotation": 0,
          "texture": "#6"
        }
      }
    }
  ],
  "display": {
    "head": {
      "rotation": [
        28.977493,
        46.447403,
        -95.86851
      ]
    },
    "firstperson_righthand": {
      "rotation": [
        28.977493,
        46.447403,
        -95.86851
      ]
    },
    "thirdperson_lefthand": {
      "rotation": [
        28.977493,
        -46.447403,
        95.86851
      ]
    },
    "firstperson_lefthand": {
      "rotation": [
        28.977493,
        -46.447403,
        95.86851
      ]
    },
    "fixed": {
      "rotation": [
        28.977493,
        46.447403,
        -95.86851
      ]
    },
    "ground": {
      "rotation": [
        28.977493,
        46.447403,
        -95.86851
      ]
    },
    "thirdperson_righthand": {
      "rotation": [
        28.977493,
        46.447403,
        -95.86851
      ]
    },
    "gui": {
      "rotation": [
        105.51209,
        -69.83222,
        0.60936683
      ]
    }
  }
}