{
  "textures": {
    "0": "7w5x0vpi5:tex/taoq4uh7",
    "particle": "#0"
  },
  "elements": [
    {
      "from": [
        5.3749037,
        2.7912612,
        -1.1127005
      ],
      "to": [
        6.3749037,
        3.512251,
        17.137299
      ],
      "faces": {
        "east": {
          "uv": [
            6.9375,
            4.5625,
            8.0625,
            4.625
          ],
          "tintindex": 0,
          "rotation": 0,
          "texture": "#0"
        },
        "south": {
          "uv": [
            3.6875,
            6.8125,
            3.75,
            6.875
          ],
          "tintindex": 0,
          "rotation": 0,
          "texture": "#0"
        },
        "north": {
          "uv": [
            3.6875,
            6.75,
            3.75,
            6.8125
          ],
          "tintindex": 0,
          "rotation": 0,
          "texture": "#0"
        },
        "west": {
          "uv": [
            6.9375,
            4.625,
            8.0625,
            4.6875
          ],
          "tintindex": 0,
          "rotation": 0,
          "texture": "#0"
        },
        "up": {
          "uv": [
            2.625,
            8.0625,
            2.5625,
            6.9375
          ],
          "tintindex": 0,
          "rotation": 0,
          "texture": "#0"
        },
        "down": {
          "uv": [
            2.6875,
            6.9375,
            2.625,
            8.0625
          ],
          "tintindex": 0,
          "rotation": 0,
          "texture": "#0"
        }
      }
    },
    {
      "from": [
        5.3749037,
        3.512251,
        1.8873
      ],
      "to": [
        6.3749037,
        12.791262,
        13.8873005
      ],
      "faces": {
        "east": {
          "uv": [
            4.875,
            0.5625,
            5.625,
            1.125
          ],
          "tintindex": 0,
          "rotation": 0,
          "texture": "#0"
        },
        "south": {
          "uv": [
            1.8125,
            7.4375,
            1.875,
            8.0
          ],
          "tintindex": 0,
          "rotation": 0,
          "texture": "#0"
        },
        "north": {
          "uv": [
            1.75,
            7.4375,
            1.8125,
            8.0
          ],
          "tintindex": 0,
          "rotation": 0,
          "texture": "#0"
        },
        "west": {
          "uv": [
            4.875,
            1.125,
            5.625,
            1.6875
          ],
          "tintindex": 0,
          "rotation": 0,
          "texture": "#0"
        },
        "up": {
          "uv": [
            0.1875,
            8.0,
            0.125,
            7.25
          ],
          "tintindex": 0,
          "rotation": 0,
          "texture": "#0"
        },
        "down": {
          "uv": [
            0.25,
            7.25,
            0.1875,
            8.0
          ],
          "tintindex": 0,
          "rotation": 0,
          "texture": "#0"
        }
      }
    }
  ],
  "display": {
    "head": {
      "rotation": [
        -0.0,
        0.0,
        10.0
      ]
    },
    "firstperson_righthand": {
      "rotation": [
        -0.0,
        0.0,
        10.0
      ]
    },
    "thirdperson_lefthand": {
      "rotation": [
        -0.0,
        -0.0,
        -10.0
      ]
    },
    "firstperson_lefthand": {
      "rotation": [
        -0.0,
        -0.0,
        -10.0
      ]
    },
    "fixed": {
      "rotation": [
        -0.0,
        0.0,
        10.0
      ]
    },
    "ground": {
      "rotation": [
        -0.0,
        0.0,
        10.0
      ]
    },
    "thirdperson_righthand": {
      "rotation": [
        -0.0,
        0.0,
        10.0
      ]
    },
    "gui": {
      "rotation": [
        -150.0,
        -45.0,
        -170.0
      ]
    }
  }
}