{
  "textures": {
    "0": "gwjritg0z:tex/qlh8hx27",
    "particle": "#0"
  },
  "elements": [
    {
      "from": [
        -2.333334,
        9.216832,
        21.871895
      ],
      "to": [
        0.33333302,
        11.216833,
        21.871895
      ],
      "faces": {
        "south": {
          "uv": [
            1.46875,
            8.46875,
            1.71875,
            8.65625
          ],
          "tintindex": 0,
          "rotation": 0,
          "texture": "#0"
        }
      }
    },
    {
      "from": [
        0.33333302,
        11.216833,
        21.871895
      ],
      "to": [
        -2.333334,
        9.216832,
        21.871895
      ],
      "faces": {
        "north": {
          "uv": [
            1.46875,
            8.65625,
            1.71875,
            8.46875
          ],
          "tintindex": 0,
          "rotation": 0,
          "texture": "#0"
        }
      }
    },
    {
      "from": [
        18.333334,
        11.216833,
        21.871895
      ],
      "to": [
        15.666667,
        9.216832,
        21.871895
      ],
      "faces": {
        "north": {
          "uv": [
            1.46875,
            8.65625,
            1.71875,
            8.46875
          ],
          "tintindex": 0,
          "rotation": 0,
          "texture": "#0"
        }
      }
    },
    {
      "from": [
        15.666667,
        9.216832,
        21.871895
      ],
      "to": [
        18.333334,
        11.216833,
        21.871895
      ],
      "faces": {
        "south": {
          "uv": [
            1.46875,
            8.46875,
            1.71875,
            8.65625
          ],
          "tintindex": 0,
          "rotation": 0,
          "texture": "#0"
        }
      }
    }
  ],
  "display": {
    "head": {
      "rotation": [
        -7.5,
        0.0,
        0.0
      ]
    },
    "firstperson_righthand": {
      "rotation": [
        -7.5,
        0.0,
        0.0
      ]
    },
    "thirdperson_lefthand": {
      "rotation": [
        -7.5,
        -0.0,
        -0.0
      ]
    },
    "firstperson_lefthand": {
      "rotation": [
        -7.5,
        -0.0,
        -0.0
      ]
    },
    "fixed": {
      "rotation": [
        -7.5,
        0.0,
        0.0
      ]
    },
    "ground": {
      "rotation": [
        -7.5,
        0.0,
        0.0
      ]
    },
    "thirdperson_righthand": {
      "rotation": [
        -7.5,
        0.0,
        0.0
      ]
    },
    "gui": {
      "rotation": [
        -139.45316,
        -44.511898,
        -172.56345
      ]
    }
  }
}