{
  "textures": {
    "0": "e8x683vbb:tex/lew3nwfe",
    "particle": "#0"
  },
  "elements": [
    {
      "from": [
        26.841667,
        5.6416664,
        7.0583334
      ],
      "to": [
        27.825,
        10.358334,
        8.941667
      ],
      "faces": {
        "east": {
          "uv": [
            3.9375,
            12.8125,
            4.125,
            13.25
          ],
          "tintindex": 0,
          "rotation": 0,
          "texture": "#0"
        },
        "south": {
          "uv": [
            0.0,
            0.0,
            0.0921875,
            0.4421875
          ],
          "tintindex": 0,
          "rotation": 0,
          "texture": "#0"
        },
        "north": {
          "uv": [
            0.0,
            0.0,
            0.0921875,
            0.4421875
          ],
          "tintindex": 0,
          "rotation": 0,
          "texture": "#0"
        },
        "west": {
          "uv": [
            4.15625,
            12.8125,
            4.34375,
            13.25
          ],
          "tintindex": 0,
          "rotation": 0,
          "texture": "#0"
        },
        "up": {
          "uv": [
            5.375,
            8.78125,
            5.28125,
            8.59375
          ],
          "tintindex": 0,
          "rotation": 0,
          "texture": "#0"
        },
        "down": {
          "uv": [
            5.375,
            8.8125,
            5.28125,
            9.0
          ],
          "tintindex": 0,
          "rotation": 0,
          "texture": "#0"
        }
      },
      "rotation": {
        "origin": [
          27.333334,
          8.0,
          8.0
        ],
        "angle": 45.0,
        "axis": "x"
      }
    },
    {
      "from": [
        26.841667,
        5.6416664,
        7.0583334
      ],
      "to": [
        27.825,
        10.358334,
        8.941667
      ],
      "faces": {
        "east": {
          "uv": [
            0.0,
            12.90625,
            0.1875,
            13.34375
          ],
          "tintindex": 0,
          "rotation": 0,
          "texture": "#0"
        },
        "south": {
          "uv": [
            0.0,
            0.0,
            0.0921875,
            0.4421875
          ],
          "tintindex": 0,
          "rotation": 0,
          "texture": "#0"
        },
        "north": {
          "uv": [
            0.0,
            0.0,
            0.0921875,
            0.4421875
          ],
          "tintindex": 0,
          "rotation": 0,
          "texture": "#0"
        },
        "west": {
          "uv": [
            0.21875,
            12.90625,
            0.40625,
            13.34375
          ],
          "tintindex": 0,
          "rotation": 0,
          "texture": "#0"
        },
        "up": {
          "uv": [
            5.375,
            9.65625,
            5.28125,
            9.46875
          ],
          "tintindex": 0,
          "rotation": 0,
          "texture": "#0"
        },
        "down": {
          "uv": [
            5.375,
            9.6875,
            5.28125,
            9.875
          ],
          "tintindex": 0,
          "rotation": 0,
          "texture": "#0"
        }
      },
      "rotation": {
        "origin": [
          27.333334,
          8.0,
          8.0
        ],
        "angle": -45.0,
        "axis": "x"
      }
    },
    {
      "from": [
        26.833334,
        7.0,
        5.6666665
      ],
      "to": [
        27.833334,
        9.0,
        10.333334
      ],
      "faces": {
        "east": {
          "uv": [
            4.25,
            10.0,
            4.4375,
            10.4375
          ],
          "tintindex": 0,
          "rotation": 270,
          "texture": "#0"
        },
        "south": {
          "uv": [
            5.375,
            9.21875,
            5.28125,
            9.03125
          ],
          "tintindex": 0,
          "rotation": 0,
          "texture": "#0"
        },
        "north": {
          "uv": [
            5.375,
            9.25,
            5.28125,
            9.4375
          ],
          "tintindex": 0,
          "rotation": 180,
          "texture": "#0"
        },
        "west": {
          "uv": [
            4.25,
            10.46875,
            4.4375,
            10.90625
          ],
          "tintindex": 0,
          "rotation": 90,
          "texture": "#0"
        }
      }
    },
    {
      "from": [
        26.825,
        5.6666665,
        7.0
      ],
      "to": [
        27.841667,
        10.333334,
        9.0
      ],
      "faces": {
        "east": {
          "uv": [
            0.4375,
            12.90625,
            0.625,
            13.34375
          ],
          "tintindex": 0,
          "rotation": 0,
          "texture": "#0"
        },
        "west": {
          "uv": [
            0.65625,
            12.90625,
            0.84375,
            13.34375
          ],
          "tintindex": 0,
          "rotation": 0,
          "texture": "#0"
        },
        "up": {
          "uv": [
            5.375,
            10.5,
            5.28125,
            10.3125
          ],
          "tintindex": 0,
          "rotation": 0,
          "texture": "#0"
        },
        "down": {
          "uv": [
            5.375,
            11.15625,
            5.28125,
            11.34375
          ],
          "tintindex": 0,
          "rotation": 0,
          "texture": "#0"
        }
      }
    }
  ],
  "display": {
    "head": {
      "rotation": [
        0.0,
        0.0,
        0.0
      ]
    },
    "firstperson_righthand": {
      "rotation": [
        0.0,
        0.0,
        0.0
      ]
    },
    "thirdperson_lefthand": {
      "rotation": [
        0.0,
        -0.0,
        -0.0
      ]
    },
    "firstperson_lefthand": {
      "rotation": [
        0.0,
        -0.0,
        -0.0
      ]
    },
    "fixed": {
      "rotation": [
        0.0,
        0.0,
        0.0
      ]
    },
    "ground": {
      "rotation": [
        0.0,
        0.0,
        0.0
      ]
    },
    "thirdperson_righthand": {
      "rotation": [
        0.0,
        0.0,
        0.0
      ]
    },
    "gui": {
      "rotation": [
        -150.0,
        -45.0,
        180.0
      ]
    }
  }
}