{
  "textures": {
    "0": "5exp3rjkn:tex/6lbo7w2b",
    "particle": "#0"
  },
  "elements": [
    {
      "from": [
        7.5,
        5.0,
        8.343151
      ],
      "to": [
        14.0,
        11.0,
        9.656849
      ],
      "faces": {
        "east": {
          "uv": [
            1.15625,
            9.0625,
            1.1875,
            9.25
          ],
          "tintindex": 0,
          "rotation": 0,
          "texture": "#0"
        },
        "south": {
          "uv": [
            7.78125,
            0.5,
            8.0,
            0.6875
          ],
          "tintindex": 0,
          "rotation": 0,
          "texture": "#0"
        },
        "north": {
          "uv": [
            7.78125,
            0.3125,
            8.0,
            0.5
          ],
          "tintindex": 0,
          "rotation": 0,
          "texture": "#0"
        },
        "west": {
          "uv": [
            2.59375,
            9.0625,
            2.625,
            9.25
          ],
          "tintindex": 0,
          "rotation": 0,
          "texture": "#0"
        },
        "up": {
          "uv": [
            9.1875,
            2.65625,
            8.96875,
            2.625
          ],
          "tintindex": 0,
          "rotation": 0,
          "texture": "#0"
        },
        "down": {
          "uv": [
            9.1875,
            2.65625,
            8.96875,
            2.6875
          ],
          "tintindex": 0,
          "rotation": 0,
          "texture": "#0"
        }
      }
    },
    {
      "from": [
        7.5,
        6.34315,
        5.0
      ],
      "to": [
        14.0,
        9.65685,
        6.0
      ],
      "faces": {
        "east": {
          "uv": [
            6.9375,
            9.1875,
            6.96875,
            9.28125
          ],
          "tintindex": 0,
          "rotation": 0,
          "texture": "#0"
        },
        "south": {
          "uv": [
            7.46875,
            4.625,
            7.6875,
            4.71875
          ],
          "tintindex": 0,
          "rotation": 0,
          "texture": "#0"
        },
        "north": {
          "uv": [
            6.96875,
            1.59375,
            7.1875,
            1.6875
          ],
          "tintindex": 0,
          "rotation": 0,
          "texture": "#0"
        },
        "west": {
          "uv": [
            9.1875,
            7.65625,
            9.21875,
            7.75
          ],
          "tintindex": 0,
          "rotation": 0,
          "texture": "#0"
        },
        "up": {
          "uv": [
            9.15625,
            8.46875,
            8.9375,
            8.4375
          ],
          "tintindex": 0,
          "rotation": 0,
          "texture": "#0"
        },
        "down": {
          "uv": [
            9.1875,
            0.96875,
            8.96875,
            1.0
          ],
          "tintindex": 0,
          "rotation": 0,
          "texture": "#0"
        }
      }
    },
    {
      "from": [
        7.5,
        4.0,
        7.343151
      ],
      "to": [
        14.0,
        5.0,
        10.656849
      ],
      "faces": {
        "east": {
          "uv": [
            5.8125,
            4.34375,
            5.90625,
            4.375
          ],
          "tintindex": 0,
          "rotation": 0,
          "texture": "#0"
        },
        "south": {
          "uv": [
            8.96875,
            2.28125,
            9.1875,
            2.3125
          ],
          "tintindex": 0,
          "rotation": 0,
          "texture": "#0"
        },
        "north": {
          "uv": [
            8.96875,
            2.25,
            9.1875,
            2.28125
          ],
          "tintindex": 0,
          "rotation": 0,
          "texture": "#0"
        },
        "west": {
          "uv": [
            6.25,
            5.09375,
            6.34375,
            5.125
          ],
          "tintindex": 0,
          "rotation": 0,
          "texture": "#0"
        },
        "up": {
          "uv": [
            8.6875,
            6.21875,
            8.46875,
            6.125
          ],
          "tintindex": 0,
          "rotation": 0,
          "texture": "#0"
        },
        "down": {
          "uv": [
            8.6875,
            6.875,
            8.46875,
            6.96875
          ],
          "tintindex": 0,
          "rotation": 0,
          "texture": "#0"
        }
      },
      "rotation": {
        "origin": [
          9.0,
          8.0,
          9.0
        ],
        "angle": 45.0,
        "axis": "x"
      }
    },
    {
      "from": [
        7.5,
        6.34315,
        5.0
      ],
      "to": [
        14.0,
        9.65685,
        6.0
      ],
      "faces": {
        "east": {
          "uv": [
            6.6875,
            9.1875,
            6.71875,
            9.28125
          ],
          "tintindex": 0,
          "rotation": 0,
          "texture": "#0"
        },
        "south": {
          "uv": [
            6.75,
            1.59375,
            6.96875,
            1.6875
          ],
          "tintindex": 0,
          "rotation": 0,
          "texture": "#0"
        },
        "north": {
          "uv": [
            5.59375,
            4.28125,
            5.8125,
            4.375
          ],
          "tintindex": 0,
          "rotation": 0,
          "texture": "#0"
        },
        "west": {
          "uv": [
            6.90625,
            9.1875,
            6.9375,
            9.28125
          ],
          "tintindex": 0,
          "rotation": 0,
          "texture": "#0"
        },
        "up": {
          "uv": [
            7.8125,
            4.84375,
            7.59375,
            4.8125
          ],
          "tintindex": 0,
          "rotation": 0,
          "texture": "#0"
        },
        "down": {
          "uv": [
            8.1875,
            2.96875,
            7.96875,
            3.0
          ],
          "tintindex": 0,
          "rotation": 0,
          "texture": "#0"
        }
      },
      "rotation": {
        "origin": [
          9.0,
          8.0,
          9.0
        ],
        "angle": 45.0,
        "axis": "x"
      }
    },
    {
      "from": [
        7.25,
        7.0,
        7.843151
      ],
      "to": [
        13.0,
        9.0,
        9.906849
      ],
      "faces": {
        "east": {
          "uv": [
            7.34375,
            7.6875,
            7.40625,
            7.75
          ],
          "tintindex": 0,
          "rotation": 180,
          "texture": "#0"
        },
        "south": {
          "uv": [
            5.8125,
            5.625,
            6.0,
            5.6875
          ],
          "tintindex": 0,
          "rotation": 180,
          "texture": "#0"
        },
        "north": {
          "uv": [
            5.3125,
            6.375,
            5.5,
            6.4375
          ],
          "tintindex": 0,
          "rotation": 180,
          "texture": "#0"
        },
        "west": {
          "uv": [
            4.21875,
            7.90625,
            4.28125,
            7.96875
          ],
          "tintindex": 0,
          "rotation": 180,
          "texture": "#0"
        },
        "up": {
          "uv": [
            7.3125,
            6.03125,
            7.125,
            6.09375
          ],
          "tintindex": 0,
          "rotation": 0,
          "texture": "#0"
        },
        "down": {
          "uv": [
            7.21875,
            0.625,
            7.03125,
            0.5625
          ],
          "tintindex": 0,
          "rotation": 0,
          "texture": "#0"
        }
      }
    },
    {
      "from": [
        7.5,
        4.0,
        7.343151
      ],
      "to": [
        14.0,
        5.0,
        10.656849
      ],