{
  "textures": {
    "4": "9qzmluhqk:tex/oko4ftro",
    "particle": "#4"
  },
  "elements": [
    {
      "from": [
        7.0249996,
        6.2249985,
        3.3999996
      ],
      "to": [
        12.975,
        9.775002,
        12.6
      ],
      "faces": {
        "east": {
          "uv": [
            12.78125,
            13.28125,
            12.90625,
            13.5625
          ],
          "tintindex": 0,
          "rotation": 270,
          "texture": "#4"
        },
        "south": {
          "uv": [
            13.96875,
            10.09375,
            13.78125,
            9.96875
          ],
          "tintindex": 0,
          "rotation": 0,
          "texture": "#4"
        },
        "north": {
          "uv": [
            13.96875,
            10.125,
            13.78125,
            10.25
          ],
          "tintindex": 0,
          "rotation": 180,
          "texture": "#4"
        },
        "west": {
          "uv": [
            13.4375,
            12.65625,
            13.5625,
            12.9375
          ],
          "tintindex": 0,
          "rotation": 90,
          "texture": "#4"
        },
        "up": {
          "uv": [
            0.0,
            0.0,
            0.1859375,
            0.2875
          ],
          "tintindex": 0,
          "rotation": 180,
          "texture": "#4"
        },
        "down": {
          "uv": [
            0.0,
            0.0,
            0.1859375,
            0.2875
          ],
          "tintindex": 0,
          "rotation": 0,
          "texture": "#4"
        }
      },
      "rotation": {
        "origin": [
          8.0,
          8.0,
          8.0
        ],
        "angle": 45.0,
        "axis": "x"
      }
    },
    {
      "from": [
        7.0,
        3.5,
        6.0
      ],
      "to": [
        13.0,
        12.5,
        10.0
      ],
      "faces": {
        "east": {
          "uv": [
            11.40625,
            13.21875,
            11.53125,
            13.5
          ],
          "tintindex": 0,
          "rotation": 0,
          "texture": "#4"
        },
        "south": {
          "uv": [
            0.0,
            0.0,
            0.1875,
            0.28125
          ],
          "tintindex": 0,
          "rotation": 0,
          "texture": "#4"
        },
        "north": {
          "uv": [
            0.0,
            0.0,
            0.1875,
            0.28125
          ],
          "tintindex": 0,
          "rotation": 0,
          "texture": "#4"
        },
        "west": {
          "uv": [
            12.3125,
            13.21875,
            12.4375,
            13.5
          ],
          "tintindex": 0,
          "rotation": 0,
          "texture": "#4"
        },
        "up": {
          "uv": [
            13.9375,
            9.78125,
            13.75,
            9.65625
          ],
          "tintindex": 0,
          "rotation": 0,
          "texture": "#4"
        },
        "down": {
          "uv": [
            13.9375,
            10.53125,
            13.75,
            10.65625
          ],
          "tintindex": 0,
          "rotation": 0,
          "texture": "#4"
        }
      }
    },
    {
      "from": [
        7.0,
        6.0,
        3.5
      ],
      "to": [
        13.0,
        10.0,
        12.5
      ],
      "faces": {
        "east": {
          "uv": [
            12.46875,
            13.21875,
            12.59375,
            13.5
          ],
          "tintindex": 0,
          "rotation": 270,
          "texture": "#4"
        },
        "south": {
          "uv": [
            12.84375,
            13.71875,
            12.65625,
            13.59375
          ],
          "tintindex": 0,
          "rotation": 0,
          "texture": "#4"
        },
        "north": {
          "uv": [
            13.96875,
            9.0,
            13.78125,
            9.125
          ],
          "tintindex": 0,
          "rotation": 180,
          "texture": "#4"
        },
        "west": {
          "uv": [
            12.625,
            13.21875,
            12.75,
            13.5
          ],
          "tintindex": 0,
          "rotation": 90,
          "texture": "#4"
        },
        "up": {
          "uv": [
            0.0,
            0.0,
            0.1875,
            0.28125
          ],
          "tintindex": 0,
          "rotation": 180,
          "texture": "#4"
        },
        "down": {
          "uv": [
            0.0,
            0.0,
            0.1875,
            0.28125
          ],
          "tintindex": 0,
          "rotation": 0,
          "texture": "#4"
        }
      }
    },
    {
      "from": [
        6.9750004,
        3.5,
        3.5
      ],
      "to": [
        13.025,
        12.5,
        12.5
      ],
      "faces": {
        "east": {
          "uv": [
            12.84375,
            9.46875,
            13.125,
            9.75
          ],
          "tintindex": 0,
          "rotation": 0,
          "texture": "#4"
        },
        "west": {
          "uv": [
            12.84375,
            9.78125,
            13.125,
            10.0625
          ],
          "tintindex": 0,
          "rotation": 0,
          "texture": "#4"
        }
      }
    },
    {
      "from": [
        7.0249996,
        3.3999996,
        6.2249985
      ],
      "to": [
        12.975,
        12.6,
        9.775002
      ],
      "faces": {
        "east": {
          "uv": [
            13.40625,
            9.96875,
            13.53125,
            10.25
          ],
          "tintindex": 0,
          "rotation": 0,
          "texture": "#4"
        },
        "south": {
          "uv": [
            0.0,
            0.0,
            0.1859375,
            0.2875
          ],
          "tintindex": 0,
          "rotation": 0,
          "texture": "#4"
        },
        "north": {
          "uv": [
            0.0,
            0.0,
            0.1859375,
            0.2875
          ],
          "tintindex": 0,
          "rotation": 0,
          "texture": "#4"
        },
        "west": {
          "uv": [
            13.40625,
            10.28125,
            13.53125,
            10.5625
          ],
          "tintindex": 0,
          "rotation": 0,
          "texture": "#4"
        },
        "up": {
          "uv": [
            13.96875,
            9.28125,
            13.78125,
            9.15625
          ],
          "tintindex": 0,
          "rotation": 0,
          "texture": "#4"
        },
        "down": {
          "uv": [
            13.96875,
            9.8125,
            13.78125,
            9.9375
          ],
          "tintindex": 0,
          "rotation": 0,
          "texture": "#4"
        }
      },
      "rotation": {
        "origin": [
          8.0,
          8.0,
          8.0
        ],
        "angle": 45.0,
        "axis": "x"
      }
    }
  ],
  "display": {
    "head": {
      "rotation": [
        0.0,
        0.0,
        0.0
      ]
    },
    "firstperson_righthand": {
      "rotation": [
        0.0,
        0.0,
        0.0
      ]
    },
    "thirdperson_lefthand": {
      "rotation": [
        0.0,
        -0.0,
        -0.0
      ]
    },
    "firstperson_lefthand": {
      "rotation": [
        0.0,
        -0.0,
        -0.0
      ]
    },
    "fixed": {
      "rotation": [
        0.0,
        0.0,
        0.0
      ]
    },
    "ground": {
      "rotation": [
        0.0,
        0.0,
        0.0
      ]
    },
    "thirdperson_righthand": {
      "rotation": [
        0.0,
        0.0,
        0.0
      ]
    },
    "gui": {
      "rotation": [
        -150.0,
        -45.0,
        180.0
      ]
    }
  }
}