{
  "textures": {
    "6": "gwjritg0z:tex/rgbchkdy",
    "particle": "#6"
  },
  "elements": [
    {
      "from": [
        7.0249996,
        0.5749998,
        4.825001
      ],
      "to": [
        8.975,
        15.425,
        11.174999
      ],
      "faces": {
        "east": {
          "uv": [
            12.59375,
            13.53125,
            12.78125,
            14.0
          ],
          "tintindex": 0,
          "rotation": 0,
          "texture": "#6"
        },
        "west": {
          "uv": [
            12.8125,
            13.53125,
            13.0,
            14.0
          ],
          "tintindex": 0,
          "rotation": 0,
          "texture": "#6"
        },
        "up": {
          "uv": [
            15.375,
            10.6875,
            15.3125,
            10.5
          ],
          "tintindex": 0,
          "rotation": 0,
          "texture": "#6"
        },
        "down": {
          "uv": [
            14.84375,
            15.1875,
            14.78125,
            15.375
          ],
          "tintindex": 0,
          "rotation": 0,
          "texture": "#6"
        }
      },
      "rotation": {
        "origin": [
          8.0,
          8.0,
          8.0
        ],
        "angle": -45.0,
        "axis": "x"
      }
    },
    {
      "from": [
        6.9750004,
        0.5,
        0.5
      ],
      "to": [
        9.025,
        15.5,
        15.5
      ],
      "faces": {
        "east": {
          "uv": [
            10.03125,
            10.40625,
            10.5,
            10.875
          ],
          "tintindex": 0,
          "rotation": 0,
          "texture": "#6"
        },
        "west": {
          "uv": [
            10.53125,
            9.90625,
            11.0,
            10.375
          ],
          "tintindex": 0,
          "rotation": 0,
          "texture": "#6"
        }
      }
    },
    {
      "from": [
        7.0249996,
        0.5749998,
        4.825001
      ],
      "to": [
        8.975,
        15.425,
        11.174999
      ],
      "faces": {
        "east": {
          "uv": [
            13.03125,
            13.53125,
            13.21875,
            14.0
          ],
          "tintindex": 0,
          "rotation": 0,
          "texture": "#6"
        },
        "west": {
          "uv": [
            13.25,
            13.53125,
            13.4375,
            14.0
          ],
          "tintindex": 0,
          "rotation": 0,
          "texture": "#6"
        },
        "up": {
          "uv": [
            14.9375,
            15.375,
            14.875,
            15.1875
          ],
          "tintindex": 0,
          "rotation": 0,
          "texture": "#6"
        },
        "down": {
          "uv": [
            15.03125,
            15.21875,
            14.96875,
            15.40625
          ],
          "tintindex": 0,
          "rotation": 0,
          "texture": "#6"
        }
      },
      "rotation": {
        "origin": [
          8.0,
          8.0,
          8.0
        ],
        "angle": 45.0,
        "axis": "x"
      }
    },
    {
      "from": [
        7.0,
        0.5,
        5.0
      ],
      "to": [
        9.0,
        15.5,
        11.0
      ],
      "faces": {
        "east": {
          "uv": [
            13.46875,
            13.53125,
            13.65625,
            14.0
          ],
          "tintindex": 0,
          "rotation": 0,
          "texture": "#6"
        },
        "west": {
          "uv": [
            13.6875,
            13.53125,
            13.875,
            14.0
          ],
          "tintindex": 0,
          "rotation": 0,
          "texture": "#6"
        },
        "up": {
          "uv": [
            15.125,
            15.40625,
            15.0625,
            15.21875
          ],
          "tintindex": 0,
          "rotation": 0,
          "texture": "#6"
        },
        "down": {
          "uv": [
            10.53125,
            15.25,
            10.46875,
            15.4375
          ],
          "tintindex": 0,
          "rotation": 0,
          "texture": "#6"
        }
      }
    },
    {
      "from": [
        7.0,
        5.0,
        0.5
      ],
      "to": [
        9.0,
        11.0,
        15.5
      ],
      "faces": {
        "east": {
          "uv": [
            12.15625,
            13.53125,
            12.34375,
            14.0
          ],
          "tintindex": 0,
          "rotation": 270,
          "texture": "#6"
        },
        "south": {
          "uv": [
            15.375,
            10.25,
            15.3125,
            10.0625
          ],
          "tintindex": 0,
          "rotation": 0,
          "texture": "#6"
        },
        "north": {
          "uv": [
            15.375,
            10.28125,
            15.3125,
            10.46875
          ],
          "tintindex": 0,
          "rotation": 180,
          "texture": "#6"
        },
        "west": {
          "uv": [
            12.375,
            13.53125,
            12.5625,
            14.0
          ],
          "tintindex": 0,
          "rotation": 90,
          "texture": "#6"
        }
      }
    }
  ],
  "display": {
    "head": {
      "rotation": [
        0.0,
        0.0,
        0.0
      ]
    },
    "firstperson_righthand": {
      "rotation": [
        0.0,
        0.0,
        0.0
      ]
    },
    "thirdperson_lefthand": {
      "rotation": [
        0.0,
        -0.0,
        -0.0
      ]
    },
    "firstperson_lefthand": {
      "rotation": [
        0.0,
        -0.0,
        -0.0
      ]
    },
    "fixed": {
      "rotation": [
        0.0,
        0.0,
        0.0
      ]
    },
    "ground": {
      "rotation": [
        0.0,
        0.0,
        0.0
      ]
    },
    "thirdperson_righthand": {
      "rotation": [
        0.0,
        0.0,
        0.0
      ]
    },
    "gui": {
      "rotation": [
        -150.0,
        -45.0,
        180.0
      ]
    }
  }
}