{
  "textures": {
    "0": "2thxh28ly:tex/wyx4v7je",
    "particle": "#0"
  },
  "elements": [
    {
      "from": [
        4.25,
        7.63866,
        7.7724295
      ],
      "to": [
        4.75,
        8.63866,
        14.27243
      ],
      "faces": {
        "east": {
          "uv": [
            1.875,
            9.40625,
            1.90625,
            9.625
          ],
          "tintindex": 0,
          "rotation": 90,
          "texture": "#0"
        },
        "south": {
          "uv": [
            2.71875,
            9.71875,
            2.6875,
            9.75
          ],
          "tintindex": 0,
          "rotation": 0,
          "texture": "#0"
        },
        "north": {
          "uv": [
            9.75,
            2.6875,
            9.71875,
            2.65625
          ],
          "tintindex": 0,
          "rotation": 180,
          "texture": "#0"
        },
        "west": {
          "uv": [
            1.9375,
            9.40625,
            1.96875,
            9.625
          ],
          "tintindex": 0,
          "rotation": 270,
          "texture": "#0"
        },
        "up": {
          "uv": [
            1.90625,
            9.40625,
            1.9375,
            9.625
          ],
          "tintindex": 0,
          "rotation": 0,
          "texture": "#0"
        },
        "down": {
          "uv": [
            1.34375,
            9.40625,
            1.375,
            9.625
          ],
          "tintindex": 0,
          "rotation": 180,
          "texture": "#0"
        }
      }
    },
    {
      "from": [
        4.25,
        9.93476,
        7.3157
      ],
      "to": [
        4.75,
        10.93476,
        13.815701
      ],
      "faces": {
        "east": {
          "uv": [
            1.21875,
            9.40625,
            1.25,
            9.625
          ],
          "tintindex": 0,
          "rotation": 90,
          "texture": "#0"
        },
        "south": {
          "uv": [
            2.3125,
            9.71875,
            2.28125,
            9.75
          ],
          "tintindex": 0,
          "rotation": 0,
          "texture": "#0"
        },
        "north": {
          "uv": [
            2.0625,
            9.75,
            2.03125,
            9.71875
          ],
          "tintindex": 0,
          "rotation": 180,
          "texture": "#0"
        },
        "west": {
          "uv": [
            1.3125,
            9.40625,
            1.34375,
            9.625
          ],
          "tintindex": 0,
          "rotation": 270,
          "texture": "#0"
        },
        "up": {
          "uv": [
            1.25,
            9.40625,
            1.28125,
            9.625
          ],
          "tintindex": 0,
          "rotation": 0,
          "texture": "#0"
        },
        "down": {
          "uv": [
            7.40625,
            8.0,
            7.4375,
            8.21875
          ],
          "tintindex": 0,
          "rotation": 180,
          "texture": "#0"
        }
      },
      "rotation": {
        "origin": [
          8.0,
          9.93476,
          13.315701
        ],
        "angle": -22.5,
        "axis": "x"
      }
    }
  ],
  "display": {
    "head": {
      "rotation": [
        0.0,
        0.0,
        0.0
      ]
    },
    "firstperson_righthand": {
      "rotation": [
        0.0,
        0.0,
        0.0
      ]
    },
    "thirdperson_lefthand": {
      "rotation": [
        0.0,
        -0.0,
        -0.0
      ]
    },
    "firstperson_lefthand": {
      "rotation": [
        0.0,
        -0.0,
        -0.0
      ]
    },
    "fixed": {
      "rotation": [
        0.0,
        0.0,
        0.0
      ]
    },
    "ground": {
      "rotation": [
        0.0,
        0.0,
        0.0
      ]
    },
    "thirdperson_righthand": {
      "rotation": [
        0.0,
        0.0,
        0.0
      ]
    },
    "gui": {
      "rotation": [
        -150.0,
        -45.0,
        180.0
      ]
    }
  }
}