{
  "textures": {
    "0": "xq9rmjx80:tex/kjanzurh",
    "particle": "#0"
  },
  "elements": [
    {
      "from": [
        24.935911,
        -7.8474035,
        9.565222
      ],
      "to": [
        26.269245,
        -6.3474035,
        16.088852
      ],
      "faces": {
        "east": {
          "uv": [
            9.875,
            9.75,
            11.125,
            10.0
          ],
          "tintindex": 0,
          "rotation": 0,
          "texture": "#0"
        }
      }
    }
  ],
  "display": {
    "head": {
      "rotation": [
        -58.918808,
        -50.945343,
        -48.217213
      ]
    },
    "firstperson_righthand": {
      "rotation": [
        -58.918808,
        -50.945343,
        -48.217213
      ]
    },
    "thirdperson_lefthand": {
      "rotation": [
        -58.918808,
        50.945343,
        48.217213
      ]
    },
    "firstperson_lefthand": {
      "rotation": [
        -58.918808,
        50.945343,
        48.217213
      ]
    },
    "fixed": {
      "rotation": [
        -58.918808,
        -50.945343,
        -48.217213
      ]
    },
    "ground": {
      "rotation": [
        -58.918808,
        -50.945343,
        -48.217213
      ]
    },
    "thirdperson_righthand": {
      "rotation": [
        -58.918808,
        -50.945343,
        -48.217213
      ]
    },
    "gui": {
      "rotation": [
        -115.29343,
        18.608467,
        171.49994
      ]
    }
  }
}