{
  "textures": {
    "0": "xq9rmjx80:tex/s55zjnhh",
    "particle": "#0"
  },
  "elements": [
    {
      "from": [
        6.675,
        7.65,
        8.0
      ],
      "to": [
        11.675,
        7.9833336,
        13.0
      ],
      "faces": {
        "south": {
          "uv": [
            8.0,
            7.5625,
            8.46875,
            7.59375
          ],
          "tintindex": 0,
          "rotation": 0,
          "texture": "#0"
        },
        "west": {
          "uv": [
            8.03125,
            2.78125,
            8.5,
            2.8125
          ],
          "tintindex": 0,
          "rotation": 0,
          "texture": "#0"
        },
        "up": {
          "uv": [
            7.125,
            0.6875,
            6.65625,
            0.21875
          ],
          "tintindex": 0,
          "rotation": 0,
          "texture": "#0"
        },
        "down": {
          "uv": [
            6.65625,
            0.6875,
            7.125,
            0.21875
          ],
          "tintindex": 0,
          "rotation": 0,
          "texture": "#0"
        }
      }
    },
    {
      "from": [
        23.658333,
        7.65,
        8.0
      ],
      "to": [
        28.658333,
        7.9833336,
        13.0
      ],
      "faces": {
        "east": {
          "uv": [
            8.03125,
            2.84375,
            8.5,
            2.875
          ],
          "tintindex": 0,
          "rotation": 0,
          "texture": "#0"
        },
        "south": {
          "uv": [
            8.03125,
            2.90625,
            8.5,
            2.9375
          ],
          "tintindex": 0,
          "rotation": 0,
          "texture": "#0"
        },
        "up": {
          "uv": [
            1.78125,
            7.1875,
            1.3125,
            6.71875
          ],
          "tintindex": 0,
          "rotation": 0,
          "texture": "#0"
        },
        "down": {
          "uv": [
            1.3125,
            7.1875,
            1.78125,
            6.71875
          ],
          "tintindex": 0,
          "rotation": 0,
          "texture": "#0"
        }
      }
    },
    {
      "from": [
        11.675,
        3.0499997,
        8.0
      ],
      "to": [
        23.658333,
        8.0,
        13.0
      ],
      "faces": {
        "east": {
          "uv": [
            5.0625,
            6.34375,
            5.53125,
            6.8125
          ],
          "tintindex": 0,
          "rotation": 0,
          "texture": "#0"
        },
        "south": {
          "uv": [
            4.53125,
            4.9375,
            5.65625,
            5.40625
          ],
          "tintindex": 0,
          "rotation": 0,
          "texture": "#0"
        },
        "west": {
          "uv": [
            0.8125,
            6.5,
            1.28125,
            6.96875
          ],
          "tintindex": 0,
          "rotation": 0,
          "texture": "#0"
        },
        "up": {
          "uv": [
            5.65625,
            5.90625,
            4.53125,
            5.4375
          ],
          "tintindex": 0,
          "rotation": 0,
          "texture": "#0"
        }
      }
    }
  ],
  "display": {
    "head": {
      "rotation": [
        0.0,
        0.0,
        0.0
      ]
    },
    "firstperson_righthand": {
      "rotation": [
        0.0,
        0.0,
        0.0
      ]
    },
    "thirdperson_lefthand": {
      "rotation": [
        0.0,
        -0.0,
        -0.0
      ]
    },
    "firstperson_lefthand": {
      "rotation": [
        0.0,
        -0.0,
        -0.0
      ]
    },
    "fixed": {
      "rotation": [
        0.0,
        0.0,
        0.0
      ]
    },
    "ground": {
      "rotation": [
        0.0,
        0.0,
        0.0
      ]
    },
    "thirdperson_righthand": {
      "rotation": [
        0.0,
        0.0,
        0.0
      ]
    },
    "gui": {
      "rotation": [
        -150.0,
        -45.0,
        180.0
      ]
    }
  }
}