{
  "textures": {
    "0": "xq9rmjx80:tex/kjanzurh",
    "particle": "#0"
  },
  "elements": [
    {
      "from": [
        17.097515,
        -5.0544615,
        3.5208106
      ],
      "to": [
        18.430847,
        -3.8044615,
        3.7680702
      ],
      "faces": {
        "east": {
          "uv": [
            6.3125,
            12.0625,
            6.375,
            12.3125
          ],
          "tintindex": 0,
          "rotation": 0,
          "texture": "#0"
        }
      }
    },
    {
      "from": [
        17.097515,
        -4.4711285,
        2.7916436
      ],
      "to": [
        18.430847,
        -3.4086285,
        3.7680702
      ],
      "faces": {
        "east": {
          "uv": [
            9.5625,
            11.875,
            9.75,
            12.0625
          ],
          "tintindex": 0,
          "rotation": 0,
          "texture": "#0"
        }
      }
    }
  ],
  "display": {
    "head": {
      "rotation": [
        1.7769442,
        67.96726,
        -0.0044359197
      ]
    },
    "firstperson_righthand": {
      "rotation": [
        1.7769442,
        67.96726,
        -0.0044359197
      ]
    },
    "thirdperson_lefthand": {
      "rotation": [
        1.7769442,
        -67.96726,
        0.0044359197
      ]
    },
    "firstperson_lefthand": {
      "rotation": [
        1.7769442,
        -67.96726,
        0.0044359197
      ]
    },
    "fixed": {
      "rotation": [
        1.7769442,
        67.96726,
        -0.0044359197
      ]
    },
    "ground": {
      "rotation": [
        1.7769442,
        67.96726,
        -0.0044359197
      ]
    },
    "thirdperson_righthand": {
      "rotation": [
        1.7769442,
        67.96726,
        -0.0044359197
      ]
    },
    "gui": {
      "rotation": [
        31.706985,
        -67.014015,
        3.2143342
      ]
    }
  }
}