{
  "textures": {
    "0": "xq9rmjx80:tex/ei205r15",
    "particle": "#0"
  },
  "elements": [
    {
      "from": [
        11.02039,
        15.495,
        3.7631698
      ],
      "to": [
        12.6046095,
        17.005001,
        6.0984
      ],
      "faces": {
        "east": {
          "uv": [
            1.25,
            9.75,
            1.75,
            10.125
          ],
          "tintindex": 0,
          "rotation": 0,
          "texture": "#0"
        },
        "south": {
          "uv": [
            13.75,
            13.5,
            14.0,
            13.875
          ],
          "tintindex": 0,
          "rotation": 0,
          "texture": "#0"
        },
        "north": {
          "uv": [
            5.25,
            9.0,
            5.5,
            9.375
          ],
          "tintindex": 0,
          "rotation": 0,
          "texture": "#0"
        },
        "west": {
          "uv": [
            12.75,
            8.375,
            13.25,
            8.75
          ],
          "tintindex": 0,
          "rotation": 0,
          "texture": "#0"
        },
        "up": {
          "uv": [
            6.875,
            14.25,
            6.625,
            13.75
          ],
          "tintindex": 0,
          "rotation": 0,
          "texture": "#0"
        },
        "down": {
          "uv": [
            7.125,
            13.75,
            6.875,
            14.25
          ],
          "tintindex": 0,
          "rotation": 0,
          "texture": "#0"
        }
      }
    },
    {
      "from": [
        10.77539,
        15.5,
        0.7681699
      ],
      "to": [
        11.724609,
        16.5,
        5.9818296
      ],
      "faces": {
        "east": {
          "uv": [
            2.75,
            11.375,
            4.0,
            11.625
          ],
          "tintindex": 0,
          "rotation": 0,
          "texture": "#0"
        },
        "south": {
          "uv": [
            14.0,
            2.5,
            14.25,
            2.75
          ],
          "tintindex": 0,
          "rotation": 0,
          "texture": "#0"
        },
        "north": {
          "uv": [
            13.875,
            7.875,
            14.125,
            8.125
          ],
          "tintindex": 0,
          "rotation": 0,
          "texture": "#0"
        },
        "west": {
          "uv": [
            12.75,
            8.125,
            14.0,
            8.375
          ],
          "tintindex": 0,
          "rotation": 0,
          "texture": "#0"
        },
        "up": {
          "uv": [
            13.5,
            9.625,
            13.25,
            8.375
          ],
          "tintindex": 0,
          "rotation": 0,
          "texture": "#0"
        },
        "down": {
          "uv": [
            12.625,
            13.25,
            12.375,
            14.5
          ],
          "tintindex": 0,
          "rotation": 0,
          "texture": "#0"
        }
      },
      "rotation": {
        "origin": [
          11.25,
          16.0,
          0.875
        ],
        "angle": -45.0,
        "axis": "z"
      }
    },
    {
      "from": [
        7.108405,
        14.5,
        5.257015
      ],
      "to": [
        10.822065,
        17.0,
        7.206235
      ],
      "faces": {
        "east": {
          "uv": [
            13.0,
            9.875,
            13.5,
            10.5
          ],
          "tintindex": 0,
          "rotation": 0,
          "texture": "#0"
        },
        "south": {
          "uv": [
            4.5,
            8.375,
            5.375,
            9.0
          ],
          "tintindex": 0,
          "rotation": 0,
          "texture": "#0"
        },
        "north": {
          "uv": [
            12.75,
            7.0,
            13.625,
            7.625
          ],
          "tintindex": 0,
          "rotation": 0,
          "texture": "#0"
        },
        "west": {
          "uv": [
            13.25,
            2.5,
            13.75,
            3.125
          ],
          "tintindex": 0,
          "rotation": 0,
          "texture": "#0"
        },
        "up": {
          "uv": [
            4.0,
            14.0,
            3.5,
            13.125
          ],
          "tintindex": 0,
          "rotation": 90,
          "texture": "#0"
        },
        "down": {
          "uv": [
            4.5,
            13.125,
            4.0,
            14.0
          ],
          "tintindex": 0,
          "rotation": 270,
          "texture": "#0"
        }
      },
      "rotation": {
        "origin": [
          8.965235,
          15.25,
          6.231625
        ],
        "angle": 22.5,
        "axis": "y"
      }
    },
    {
      "from": [
        10.77539,
        15.75,
        -6.2318306
      ],
      "to": [
        11.22461,
        16.125,
        0.98182964
      ],
      "faces": {
        "east": {
          "uv": [
            6.25,
            11.125,
            8.0,
            11.25
          ],
          "tintindex": 0,
          "rotation": 0,
          "texture": "#0"
        },
        "south": {
          "uv": [
            7.875,
            9.75,
            8.0,
            9.875
          ],
          "tintindex": 0,
          "rotation": 0,
          "texture": "#0"
        },
        "north": {
          "uv": [
            7.75,
            9.75,
            7.875,
            9.875
          ],
          "tintindex": 0,
          "rotation": 0,
          "texture": "#0"
        },
        "west": {
          "uv": [
            13.25,
            3.5,
            15.0,
            3.625
          ],
          "tintindex": 0,
          "rotation": 0,
          "texture": "#0"
        },
        "up": {
          "uv": [
            5.375,
            14.875,
            5.25,
            13.125
          ],
          "tintindex": 0,
          "rotation": 0,
          "texture": "#0"
        },
        "down": {
          "uv": [
            2.375,
            13.5,
            2.25,
            15.25
          ],
          "tintindex": 0,
          "rotation": 0,
          "texture": "#0"
        }
      },
      "rotation": {
        "origin": [
          11.25,
          15.625,
          0.875
        ],
        "angle": -45.0,
        "axis": "z"
      }
    },
    {
      "from": [
        10.77539,
        14.75,
        0.7681699
      ],
      "to": [
        11.22461,
        15.125,
        5.4818296
      ],
      "faces": {
        "east": {
          "uv": [
            2.75,
            10.25,
            3.875,
            10.375
          ],
          "tintindex": 0,
          "rotation": 0,
          "texture": "#0"
        },
        "south": {
          "uv": [
            8.125,
            9.75,
            8.25,
            9.875
          ],
          "tintindex": 0,
          "rotation": 0,
          "texture": "#0"
        },
        "north": {
          "uv": [
            8.0,
            9.75,
            8.125,
            9.875
          ],
          "tintindex": 0,
          "rotation": 0,
          "texture": "#0"
        },
        "west": {
          "uv": [
            4.0,
            11.0,
            5.125,
            11.125
          ],
          "tintindex": 0,
          "rotation": 0,
          "texture": "#0"
        },
        "up": {
          "uv": [
            13.75,
            13.125,
            13.625,
            12.0
          ],
          "tintindex": 0,
          "rotation": 0,
          "texture": "#0"
        },
        "down": {
          "uv": [
            13.75,
            13.125,
            13.625,
            14.25
          ],
          "tintindex": 0,
          "rotation": 0,
          "texture": "#0"
        }
      },
      "rotation": {
        "origin": [
          11.25,
          14.625,
          4.875
        ],
        "angle": -45.0,