{
  "textures": {
    "0": "xq9rmjx80:tex/tf2x7isp",
    "particle": "#0"
  },
  "elements": [
    {
      "from": [
        3.5,
        5.5,
        6.5
      ],
      "to": [
        6.5,
        8.5,
        13.5
      ],
      "faces": {
        "east": {
          "uv": [
            2.6875,
            9.5,
            2.90625,
            9.59375
          ],
          "tintindex": 0,
          "rotation": 0,
          "texture": "#0"
        },
        "south": {
          "uv": [
            3.21875,
            9.6875,
            3.3125,
            9.78125
          ],
          "tintindex": 0,
          "rotation": 0,
          "texture": "#0"
        },
        "north": {
          "uv": [
            3.21875,
            9.6875,
            3.3125,
            9.78125
          ],
          "tintindex": 0,
          "rotation": 0,
          "texture": "#0"
        },
        "west": {
          "uv": [
            2.6875,
            9.5,
            2.90625,
            9.59375
          ],
          "tintindex": 0,
          "rotation": 0,
          "texture": "#0"
        },
        "up": {
          "uv": [
            1.9375,
            11.03125,
            1.84375,
            10.8125
          ],
          "tintindex": 0,
          "rotation": 0,
          "texture": "#0"
        },
        "down": {
          "uv": [
            1.9375,
            10.8125,
            1.84375,
            11.03125
          ],
          "tintindex": 0,
          "rotation": 0,
          "texture": "#0"
        }
      }
    },
    {
      "from": [
        3.5,
        3.5,
        8.5
      ],
      "to": [
        6.5,
        10.5,
        11.5
      ],
      "faces": {
        "east": {
          "uv": [
            2.6875,
            9.25,
            2.78125,
            9.46875
          ],
          "tintindex": 0,
          "rotation": 0,
          "texture": "#0"
        },
        "south": {
          "uv": [
            1.84375,
            10.8125,
            1.9375,
            11.03125
          ],
          "tintindex": 0,
          "rotation": 0,
          "texture": "#0"
        },
        "north": {
          "uv": [
            1.84375,
            10.8125,
            1.9375,
            11.03125
          ],
          "tintindex": 0,
          "rotation": 0,
          "texture": "#0"
        },
        "west": {
          "uv": [
            2.6875,
            9.25,
            2.78125,
            9.46875
          ],
          "tintindex": 0,
          "rotation": 0,
          "texture": "#0"
        },
        "up": {
          "uv": [
            3.3125,
            9.78125,
            3.21875,
            9.6875
          ],
          "tintindex": 0,
          "rotation": 0,
          "texture": "#0"
        },
        "down": {
          "uv": [
            3.3125,
            9.6875,
            3.21875,
            9.78125
          ],
          "tintindex": 0,
          "rotation": 0,
          "texture": "#0"
        }
      }
    }
  ],
  "display": {
    "head": {
      "rotation": [
        0.0,
        0.0,
        0.0
      ]
    },
    "firstperson_righthand": {
      "rotation": [
        0.0,
        0.0,
        0.0
      ]
    },
    "thirdperson_lefthand": {
      "rotation": [
        0.0,
        -0.0,
        -0.0
      ]
    },
    "firstperson_lefthand": {
      "rotation": [
        0.0,
        -0.0,
        -0.0
      ]
    },
    "fixed": {
      "rotation": [
        0.0,
        0.0,
        0.0
      ]
    },
    "ground": {
      "rotation": [
        0.0,
        0.0,
        0.0
      ]
    },
    "thirdperson_righthand": {
      "rotation": [
        0.0,
        0.0,
        0.0
      ]
    },
    "gui": {
      "rotation": [
        -150.0,
        -45.0,
        180.0
      ]
    }
  }
}