{
  "textures": {
    "0": "xq9rmjx80:tex/kjanzurh",
    "particle": "#0"
  },
  "elements": [
    {
      "from": [
        17.097515,
        -1.5805416,
        -1.1814508
      ],
      "to": [
        18.430847,
        5.092126,
        4.10306
      ],
      "faces": {
        "east": {
          "uv": [
            8.375,
            2.9375,
            9.375,
            4.1875
          ],
          "tintindex": 0,
          "rotation": 0,
          "texture": "#0"
        }
      }
    },
    {
      "from": [
        18.430847,
        1.7527924,
        0.15188265
      ],
      "to": [
        18.764181,
        3.4254594,
        2.7697268
      ],
      "faces": {
        "east": {
          "uv": [
            3.75,
            11.125,
            4.25,
            11.4375
          ],
          "tintindex": 0,
          "rotation": 0,
          "texture": "#0"
        },
        "south": {
          "uv": [
            4.1875,
            12.0625,
            4.25,
            12.375
          ],
          "tintindex": 0,
          "rotation": 0,
          "texture": "#0"
        },
        "north": {
          "uv": [
            3.5,
            12.0625,
            3.5625,
            12.375
          ],
          "tintindex": 0,
          "rotation": 0,
          "texture": "#0"
        },
        "up": {
          "uv": [
            7.9375,
            5.5,
            7.875,
            5.0
          ],
          "tintindex": 0,
          "rotation": 0,
          "texture": "#0"
        },
        "down": {
          "uv": [
            4.25,
            11.5,
            4.1875,
            12.0
          ],
          "tintindex": 0,
          "rotation": 0,
          "texture": "#0"
        }
      }
    }
  ],
  "display": {
    "head": {
      "rotation": [
        20.461355,
        66.86696,
        -17.279482
      ]
    },
    "firstperson_righthand": {
      "rotation": [
        20.461355,
        66.86696,
        -17.279482
      ]
    },
    "thirdperson_lefthand": {
      "rotation": [
        20.461355,
        -66.86696,
        17.279482
      ]
    },
    "firstperson_lefthand": {
      "rotation": [
        20.461355,
        -66.86696,
        17.279482
      ]
    },
    "fixed": {
      "rotation": [
        20.461355,
        66.86696,
        -17.279482
      ]
    },
    "ground": {
      "rotation": [
        20.461355,
        66.86696,
        -17.279482
      ]
    },
    "thirdperson_righthand": {
      "rotation": [
        20.461355,
        66.86696,
        -17.279482
      ]
    },
    "gui": {
      "rotation": [
        49.400448,
        -65.57791,
        19.437088
      ]
    }
  }
}