{
  "textures": {
    "0": "gwjritg0z:tex/qlh8hx27",
    "particle": "#0"
  },
  "elements": [
    {
      "from": [
        -0.33333397,
        19.37284,
        20.582294
      ],
      "to": [
        16.333334,
        19.37284,
        23.24896
      ],
      "faces": {
        "up": {
          "uv": [
            6.71875,
            6.25,
            5.15625,
            6.0
          ],
          "tintindex": 0,
          "rotation": 0,
          "texture": "#0"
        }
      }
    },
    {
      "from": [
        -0.666667,
        17.90594,
        14.931053
      ],
      "to": [
        16.666668,
        19.272606,
        22.931053
      ],
      "faces": {
        "east": {
          "uv": [
            7.65625,
            0.125,
            8.40625,
            0.25
          ],
          "tintindex": 0,
          "rotation": 0,
          "texture": "#0"
        },
        "south": {
          "uv": [
            7.03125,
            4.6875,
            8.65625,
            4.8125
          ],
          "tintindex": 0,
          "rotation": 0,
          "texture": "#0"
        },
        "north": {
          "uv": [
            7.03125,
            4.53125,
            8.65625,
            4.65625
          ],
          "tintindex": 0,
          "rotation": 0,
          "texture": "#0"
        },
        "west": {
          "uv": [
            7.78125,
            3.1875,
            8.53125,
            3.3125
          ],
          "tintindex": 0,
          "rotation": 0,
          "texture": "#0"
        },
        "up": {
          "uv": [
            5.4375,
            3.34375,
            3.8125,
            2.59375
          ],
          "tintindex": 0,
          "rotation": 0,
          "texture": "#0"
        },
        "down": {
          "uv": [
            5.4375,
            3.375,
            3.8125,
            4.125
          ],
          "tintindex": 0,
          "rotation": 0,
          "texture": "#0"
        }
      }
    },
    {
      "from": [
        -1.9916668,
        17.939274,
        14.931053
      ],
      "to": [
        -0.666667,
        19.272606,
        18.431053
      ],
      "faces": {
        "west": {
          "uv": [
            8.5,
            6.65625,
            8.84375,
            6.78125
          ],
          "tintindex": 0,
          "rotation": 0,
          "texture": "#0"
        },
        "up": {
          "uv": [
            8.78125,
            8.65625,
            8.65625,
            8.3125
          ],
          "tintindex": 0,
          "rotation": 0,
          "texture": "#0"
        }
      }
    },
    {
      "from": [
        16.666668,
        17.939274,
        14.931053
      ],
      "to": [
        17.991667,
        19.272606,
        18.431053
      ],
      "faces": {
        "east": {
          "uv": [
            8.5625,
            3.15625,
            8.90625,
            3.28125
          ],
          "tintindex": 0,
          "rotation": 0,
          "texture": "#0"
        },
        "up": {
          "uv": [
            8.8125,
            1.78125,
            8.6875,
            1.4375
          ],
          "tintindex": 0,
          "rotation": 0,
          "texture": "#0"
        }
      }
    }
  ],
  "display": {
    "head": {
      "rotation": [
        17.5,
        0.0,
        -0.0
      ]
    },
    "firstperson_righthand": {
      "rotation": [
        17.5,
        0.0,
        -0.0
      ]
    },
    "thirdperson_lefthand": {
      "rotation": [
        17.5,
        -0.0,
        0.0
      ]
    },
    "firstperson_lefthand": {
      "rotation": [
        17.5,
        -0.0,
        0.0
      ]
    },
    "fixed": {
      "rotation": [
        17.5,
        0.0,
        -0.0
      ]
    },
    "ground": {
      "rotation": [
        17.5,
        0.0,
        -0.0
      ]
    },
    "thirdperson_righthand": {
      "rotation": [
        17.5,
        0.0,
        -0.0
      ]
    },
    "gui": {
      "rotation": [
        -174.03209,
        -42.406002,
        163.26366
      ]
    }
  }
}