{
  "textures": {
    "0": "xq9rmjx80:tex/kjanzurh",
    "particle": "#0"
  },
  "elements": [
    {
      "from": [
        -2.7641811,
        1.7527924,
        0.15188265
      ],
      "to": [
        -2.4308481,
        3.4254594,
        2.7697268
      ],
      "faces": {
        "south": {
          "uv": [
            6.1875,
            12.0625,
            6.25,
            12.375
          ],
          "tintindex": 0,
          "rotation": 0,
          "texture": "#0"
        },
        "north": {
          "uv": [
            6.0625,
            12.0625,
            6.125,
            12.375
          ],
          "tintindex": 0,
          "rotation": 0,
          "texture": "#0"
        },
        "west": {
          "uv": [
            11.125,
            6.375,
            11.625,
            6.6875
          ],
          "tintindex": 0,
          "rotation": 0,
          "texture": "#0"
        },
        "up": {
          "uv": [
            1.5,
            12.3125,
            1.4375,
            11.8125
          ],
          "tintindex": 0,
          "rotation": 0,
          "texture": "#0"
        },
        "down": {
          "uv": [
            11.25,
            11.875,
            11.1875,
            12.375
          ],
          "tintindex": 0,
          "rotation": 0,
          "texture": "#0"
        }
      }
    },
    {
      "from": [
        -2.4308481,
        -1.5805416,
        -1.1814508
      ],
      "to": [
        -1.0975151,
        5.092126,
        4.10306
      ],
      "faces": {
        "west": {
          "uv": [
            4.1875,
            8.5625,
            5.1875,
            9.8125
          ],
          "tintindex": 0,
          "rotation": 0,
          "texture": "#0"
        }
      }
    }
  ],
  "display": {
    "head": {
      "rotation": [
        20.461355,
        -66.86696,
        17.279482
      ]
    },
    "firstperson_righthand": {
      "rotation": [
        20.461355,
        -66.86696,
        17.279482
      ]
    },
    "thirdperson_lefthand": {
      "rotation": [
        20.461355,
        66.86696,
        -17.279482
      ]
    },
    "firstperson_lefthand": {
      "rotation": [
        20.461355,
        66.86696,
        -17.279482
      ]
    },
    "fixed": {
      "rotation": [
        20.461355,
        -66.86696,
        17.279482
      ]
    },
    "ground": {
      "rotation": [
        20.461355,
        -66.86696,
        17.279482
      ]
    },
    "thirdperson_righthand": {
      "rotation": [
        20.461355,
        -66.86696,
        17.279482
      ]
    },
    "gui": {
      "rotation": [
        -158.57742,
        22.953222,
        -178.29207
      ]
    }
  }
}