{
  "textures": {
    "0": "xq9rmjx80:tex/kjanzurh",
    "particle": "#0"
  },
  "elements": [
    {
      "from": [
        -2.4308481,
        -4.4711285,
        2.7916436
      ],
      "to": [
        -1.0975151,
        -3.4086285,
        3.7680702
      ],
      "faces": {
        "west": {
          "uv": [
            10.9375,
            11.875,
            11.125,
            12.0625
          ],
          "tintindex": 0,
          "rotation": 0,
          "texture": "#0"
        }
      }
    },
    {
      "from": [
        -2.4308472,
        -5.0544615,
        3.5208106
      ],
      "to": [
        -1.0975142,
        -3.8044615,
        3.7680702
      ],
      "faces": {
        "west": {
          "uv": [
            6.4375,
            12.0625,
            6.5,
            12.3125
          ],
          "tintindex": 0,
          "rotation": 0,
          "texture": "#0"
        }
      }
    }
  ],
  "display": {
    "head": {
      "rotation": [
        1.7769442,
        -67.96726,
        0.0044359197
      ]
    },
    "firstperson_righthand": {
      "rotation": [
        1.7769442,
        -67.96726,
        0.0044359197
      ]
    },
    "thirdperson_lefthand": {
      "rotation": [
        1.7769442,
        67.96726,
        -0.0044359197
      ]
    },
    "firstperson_lefthand": {
      "rotation": [
        1.7769442,
        67.96726,
        -0.0044359197
      ]
    },
    "fixed": {
      "rotation": [
        1.7769442,
        -67.96726,
        0.0044359197
      ]
    },
    "ground": {
      "rotation": [
        1.7769442,
        -67.96726,
        0.0044359197
      ]
    },
    "thirdperson_righthand": {
      "rotation": [
        1.7769442,
        -67.96726,
        0.0044359197
      ]
    },
    "gui": {
      "rotation": [
        -150.72394,
        22.975199,
        178.63977
      ]
    }
  }
}