{
  "textures": {
    "0": "5exp3rjkn:tex/6lbo7w2b",
    "particle": "#0"
  },
  "elements": [
    {
      "from": [
        5.0,
        2.0,
        6.514717
      ],
      "to": [
        6.0,
        14.0,
        11.485283
      ],
      "faces": {
        "east": {
          "uv": [
            6.875,
            7.4375,
            7.03125,
            7.8125
          ],
          "tintindex": 0,
          "rotation": 0,
          "texture": "#0"
        },
        "south": {
          "uv": [
            6.84375,
            8.8125,
            6.875,
            9.1875
          ],
          "tintindex": 0,
          "rotation": 0,
          "texture": "#0"
        },
        "north": {
          "uv": [
            6.8125,
            8.8125,
            6.84375,
            9.1875
          ],
          "tintindex": 0,
          "rotation": 0,
          "texture": "#0"
        },
        "west": {
          "uv": [
            7.4375,
            7.375,
            7.59375,
            7.75
          ],
          "tintindex": 0,
          "rotation": 0,
          "texture": "#0"
        },
        "up": {
          "uv": [
            2.90625,
            9.34375,
            2.875,
            9.1875
          ],
          "tintindex": 0,
          "rotation": 0,
          "texture": "#0"
        },
        "down": {
          "uv": [
            2.9375,
            9.1875,
            2.90625,
            9.34375
          ],
          "tintindex": 0,
          "rotation": 0,
          "texture": "#0"
        }
      }
    },
    {
      "from": [
        5.0,
        5.514721,
        3.0
      ],
      "to": [
        6.0,
        10.485279,
        15.0
      ],
      "faces": {
        "east": {
          "uv": [
            5.0625,
            7.4375,
            5.4375,
            7.59375
          ],
          "tintindex": 0,
          "rotation": 0,
          "texture": "#0"
        },
        "south": {
          "uv": [
            2.78125,
            9.1875,
            2.8125,
            9.34375
          ],
          "tintindex": 0,
          "rotation": 0,
          "texture": "#0"
        },
        "north": {
          "uv": [
            2.75,
            9.1875,
            2.78125,
            9.34375
          ],
          "tintindex": 0,
          "rotation": 0,
          "texture": "#0"
        },
        "west": {
          "uv": [
            7.4375,
            6.625,
            7.8125,
            6.78125
          ],
          "tintindex": 0,
          "rotation": 0,
          "texture": "#0"
        },
        "up": {
          "uv": [
            5.0,
            9.1875,
            4.96875,
            8.8125
          ],
          "tintindex": 0,
          "rotation": 0,
          "texture": "#0"
        },
        "down": {
          "uv": [
            8.84375,
            5.09375,
            8.8125,
            5.46875
          ],
          "tintindex": 0,
          "rotation": 0,
          "texture": "#0"
        }
      }
    },
    {
      "from": [
        5.0,
        2.0,
        6.514717
      ],
      "to": [
        6.0,
        14.0,
        11.485283
      ],
      "faces": {
        "east": {
          "uv": [
            5.59375,
            7.4375,
            5.75,
            7.8125
          ],
          "tintindex": 0,
          "rotation": 0,
          "texture": "#0"
        },
        "south": {
          "uv": [
            6.78125,
            8.8125,
            6.8125,
            9.1875
          ],
          "tintindex": 0,
          "rotation": 0,
          "texture": "#0"
        },
        "north": {
          "uv": [
            8.8125,
            6.25,
            8.84375,
            6.625
          ],
          "tintindex": 0,
          "rotation": 0,
          "texture": "#0"
        },
        "west": {
          "uv": [
            5.9375,
            7.4375,
            6.09375,
            7.8125
          ],
          "tintindex": 0,
          "rotation": 0,
          "texture": "#0"
        },
        "up": {
          "uv": [
            2.84375,
            9.34375,
            2.8125,
            9.1875
          ],
          "tintindex": 0,
          "rotation": 0,
          "texture": "#0"
        },
        "down": {
          "uv": [
            2.875,
            9.1875,
            2.84375,
            9.34375
          ],
          "tintindex": 0,
          "rotation": 0,
          "texture": "#0"
        }
      },
      "rotation": {
        "origin": [
          7.0,
          8.0,
          9.0
        ],
        "angle": 45.0,
        "axis": "x"
      }
    },
    {
      "from": [
        5.0,
        5.514721,
        3.0
      ],
      "to": [
        6.0,
        10.485279,
        15.0
      ],
      "faces": {
        "east": {
          "uv": [
            7.40625,
            0.6875,
            7.78125,
            0.84375
          ],
          "tintindex": 0,
          "rotation": 0,
          "texture": "#0"
        },
        "south": {
          "uv": [
            2.71875,
            9.1875,
            2.75,
            9.34375
          ],
          "tintindex": 0,
          "rotation": 0,
          "texture": "#0"
        },
        "north": {
          "uv": [
            2.6875,
            9.1875,
            2.71875,
            9.34375
          ],
          "tintindex": 0,
          "rotation": 0,
          "texture": "#0"
        },
        "west": {
          "uv": [
            4.6875,
            7.4375,
            5.0625,
            7.59375
          ],
          "tintindex": 0,
          "rotation": 0,
          "texture": "#0"
        },
        "up": {
          "uv": [
            4.9375,
            9.1875,
            4.90625,
            8.8125
          ],
          "tintindex": 0,
          "rotation": 0,
          "texture": "#0"
        },
        "down": {
          "uv": [
            4.96875,
            8.8125,
            4.9375,
            9.1875
          ],
          "tintindex": 0,
          "rotation": 0,
          "texture": "#0"
        }
      },
      "rotation": {
        "origin": [
          7.0,
          8.0,
          9.0
        ],
        "angle": 45.0,
        "axis": "x"
      }
    }
  ],
  "display": {
    "head": {
      "rotation": [
        0.0,
        0.0,
        0.0
      ]
    },
    "firstperson_righthand": {
      "rotation": [
        0.0,
        0.0,
        0.0
      ]
    },
    "thirdperson_lefthand": {
      "rotation": [
        0.0,
        -0.0,
        -0.0
      ]
    },
    "firstperson_lefthand": {
      "rotation": [
        0.0,
        -0.0,
        -0.0
      ]
    },
    "fixed": {
      "rotation": [
        0.0,
        0.0,
        0.0
      ]
    },
    "ground": {
      "rotation": [
        0.0,
        0.0,
        0.0
      ]
    },
    "thirdperson_righthand": {
      "rotation": [
        0.0,
        0.0,
        0.0
      ]
    },
    "gui": {
      "rotation": [
        -150.0,
        -45.0,
        180.0
      ]
    }
  }
}