{
  "textures": {
    "3": "f6o7c9v5q:tex/mq2qgyi9",
    "particle": "#3"
  },
  "elements": [
    {
      "from": [
        15.0,
        15.0,
        13.0
      ],
      "to": [
        18.0,
        17.0,
        16.0
      ],
      "faces": {
        "east": {
          "uv": [
            6.875,
            7.96875,
            6.96875,
            8.03125
          ],
          "tintindex": 0,
          "rotation": 0,
          "texture": "#3"
        },
        "south": {
          "uv": [
            0.8125,
            8.0,
            0.90625,
            8.0625
          ],
          "tintindex": 0,
          "rotation": 0,
          "texture": "#3"
        },
        "north": {
          "uv": [
            6.28125,
            7.96875,
            6.375,
            8.03125
          ],
          "tintindex": 0,
          "rotation": 0,
          "texture": "#3"
        },
        "west": {
          "uv": [
            0.9375,
            8.0,
            1.03125,
            8.0625
          ],
          "tintindex": 0,
          "rotation": 0,
          "texture": "#3"
        },
        "up": {
          "uv": [
            1.71875,
            6.1875,
            1.8125,
            6.28125
          ],
          "tintindex": 0,
          "rotation": 0,
          "texture": "#3"
        }
      }
    },
    {
      "from": [
        -9.0,
        1.0,
        1.0
      ],
      "to": [
        25.0,
        5.0,
        15.0
      ],
      "faces": {
        "east": {
          "uv": [
            7.46875,
            6.53125,
            7.90625,
            6.65625
          ],
          "tintindex": 0,
          "rotation": 0,
          "texture": "#3"
        },
        "west": {
          "uv": [
            7.5,
            0.3125,
            7.9375,
            0.4375
          ],
          "tintindex": 0,
          "rotation": 0,
          "texture": "#3"
        },
        "up": {
          "uv": [
            5.375,
            1.15625,
            4.3125,
            0.71875
          ],
          "tintindex": 0,
          "rotation": 0,
          "texture": "#3"
        },
        "down": {
          "uv": [
            5.375,
            1.1875,
            4.3125,
            1.625
          ],
          "tintindex": 0,
          "rotation": 0,
          "texture": "#3"
        }
      }
    },
    {
      "from": [
        1.0,
        1.0,
        -9.0
      ],
      "to": [
        15.0,
        5.0,
        25.0
      ],
      "faces": {
        "south": {
          "uv": [
            7.5,
            5.59375,
            7.9375,
            5.71875
          ],
          "tintindex": 0,
          "rotation": 0,
          "texture": "#3"
        },
        "north": {
          "uv": [
            7.53125,
            0.9375,
            7.96875,
            1.0625
          ],
          "tintindex": 0,
          "rotation": 0,
          "texture": "#3"
        },
        "up": {
          "uv": [
            5.4375,
            0.4375,
            4.375,
            0.0
          ],
          "tintindex": 0,
          "rotation": 90,
          "texture": "#3"
        },
        "down": {
          "uv": [
            5.53125,
            4.15625,
            4.46875,
            4.59375
          ],
          "tintindex": 0,
          "rotation": 270,
          "texture": "#3"
        }
      }
    },
    {
      "from": [
        -4.0,
        16.0,
        1.0
      ],
      "to": [
        6.0,
        17.0,
        11.0
      ],
      "faces": {
        "east": {
          "uv": [
            7.96875,
            0.5,
            8.28125,
            0.53125
          ],
          "tintindex": 0,
          "rotation": 0,
          "texture": "#3"
        },
        "south": {
          "uv": [
            7.96875,
            0.5625,
            8.28125,
            0.59375
          ],
          "tintindex": 0,
          "rotation": 0,
          "texture": "#3"
        },
        "north": {
          "uv": [
            7.96875,
            0.4375,
            8.28125,
            0.46875
          ],
          "tintindex": 0,
          "rotation": 0,
          "texture": "#3"
        },
        "west": {
          "uv": [
            7.96875,
            0.625,
            8.28125,
            0.65625
          ],
          "tintindex": 0,
          "rotation": 0,
          "texture": "#3"
        },
        "up": {
          "uv": [
            7.15625,
            0.8125,
            6.84375,
            0.5
          ],
          "tintindex": 0,
          "rotation": 0,
          "texture": "#3"
        },
        "down": {
          "uv": [
            7.15625,
            0.84375,
            6.84375,
            1.15625
          ],
          "tintindex": 0,
          "rotation": 0,
          "texture": "#3"
        }
      }
    },
    {
      "from": [
        0.9250002,
        1.0,
        -8.950001
      ],
      "to": [
        15.075,
        5.0,
        24.95
      ],
      "faces": {
        "east": {
          "uv": [
            0.0,
            0.0,
            0.5,
            0.1234375
          ],
          "tintindex": 0,
          "rotation": 0,
          "texture": "#3"
        },
        "south": {
          "uv": [
            7.53125,
            6.6875,
            7.96875,
            6.8125
          ],
          "tintindex": 0,
          "rotation": 0,
          "texture": "#3"
        },
        "north": {
          "uv": [
            7.53125,
            6.84375,
            7.96875,
            6.96875
          ],
          "tintindex": 0,
          "rotation": 0,
          "texture": "#3"
        },
        "west": {
          "uv": [
            0.0,
            0.0,
            0.5,
            0.1234375
          ],
          "tintindex": 0,
          "rotation": 0,
          "texture": "#3"
        },
        "up": {
          "uv": [
            5.25,
            5.0625,
            4.1875,
            4.625
          ],
          "tintindex": 0,
          "rotation": 90,
          "texture": "#3"
        },
        "down": {
          "uv": [
            5.75,
            2.6875,
            4.6875,
            3.125
          ],
          "tintindex": 0,
          "rotation": 270,
          "texture": "#3"
        }
      },
      "rotation": {
        "origin": [
          8.0,
          3.025,
          8.0
        ],
        "angle": -45.0,
        "axis": "y"
      }
    },
    {
      "from": [
        -1.0,
        3.0,
        -16.0
      ],
      "to": [
        17.0,
        16.05,
        27.0
      ],
      "faces": {
        "east": {
          "uv": [
            4.125,
            2.25,
            5.46875,
            2.65625
          ],
          "tintindex": 0,
          "rotation": 0,
          "texture": "#3"
        },
        "south": {
          "uv": [
            3.3125,
            5.5,
            3.875,
            5.90625
          ],
          "tintindex": 0,
          "rotation": 0,
          "texture": "#3"
        },
        "north": {
          "uv": [
            5.5,
            3.15625,
            6.0625,
            3.5625
          ],
          "tintindex": 0,
          "rotation": 0,
          "texture": "#3"
        },
        "west": {
          "uv": [
            2.0,
            4.15625,
            3.34375,
            4.5625
          ],
          "tintindex": 0,
          "rotation": 0,
          "texture": "#3"
        },
        "up": {
          "uv": [
            2.96875,
            4.125,
            2.40625,
            2.78125
          ],
          "tintindex": 0,
          "rotation": 0,
          "texture": "#3"
        },
        "down": {
          "uv": [
            3.5625,
            2.78125,
            3.0,
            4.125
          ],
          "tintindex": 0,
          "rotation": 0,