{
  "textures": {
    "0": "5exp3rjkn:tex/irnif5a0",
    "particle": "#0"
  },
  "elements": [
    {
      "from": [
        4.5,
        3.5,
        6.13604
      ],
      "to": [
        8.5,
        12.5,
        9.86396
      ],
      "faces": {
        "east": {
          "uv": [
            5.25,
            8.0625,
            5.0,
            8.625
          ],
          "tintindex": 0,
          "rotation": 0,
          "texture": "#0"
        },
        "west": {
          "uv": [
            2.9375,
            8.0,
            2.6875,
            8.5625
          ],
          "tintindex": 0,
          "rotation": 0,
          "texture": "#0"
        },
        "up": {
          "uv": [
            4.4375,
            9.1875,
            4.1875,
            9.4375
          ],
          "tintindex": 0,
          "rotation": 0,
          "texture": "#0"
        },
        "down": {
          "uv": [
            4.6875,
            9.1875,
            4.4375,
            9.4375
          ],
          "tintindex": 0,
          "rotation": 0,
          "texture": "#0"
        }
      },
      "rotation": {
        "origin": [
          5.0,
          8.0,
          8.0
        ],
        "angle": 45.0,
        "axis": "x"
      }
    },
    {
      "from": [
        8.5625,
        3.5,
        6.13604
      ],
      "to": [
        8.5625,
        4.5,
        9.86396
      ],
      "faces": {
        "east": {
          "uv": [
            10.0,
            8.125,
            9.75,
            8.1875
          ],
          "tintindex": 0,
          "rotation": 0,
          "texture": "#0"
        }
      },
      "rotation": {
        "origin": [
          9.0625,
          8.0,
          8.0
        ],
        "angle": 45.0,
        "axis": "x"
      }
    },
    {
      "from": [
        8.5625,
        11.5,
        6.13604
      ],
      "to": [
        8.5625,
        12.5,
        9.86396
      ],
      "faces": {
        "east": {
          "uv": [
            9.1875,
            9.75,
            8.9375,
            9.8125
          ],
          "tintindex": 0,
          "rotation": 0,
          "texture": "#0"
        }
      },
      "rotation": {
        "origin": [
          9.0625,
          8.0,
          8.0
        ],
        "angle": 45.0,
        "axis": "x"
      }
    },
    {
      "from": [
        8.5625,
        11.5,
        6.13604
      ],
      "to": [
        8.5625,
        12.5,
        9.86396
      ],
      "faces": {
        "east": {
          "uv": [
            9.8125,
            9.75,
            9.5625,
            9.8125
          ],
          "tintindex": 0,
          "rotation": 0,
          "texture": "#0"
        }
      }
    },
    {
      "from": [
        8.5625,
        3.5,
        6.13604
      ],
      "to": [
        8.5625,
        4.5,
        9.86396
      ],
      "faces": {
        "east": {
          "uv": [
            10.0,
            8.1875,
            9.75,
            8.25
          ],
          "tintindex": 0,
          "rotation": 0,
          "texture": "#0"
        }
      }
    },
    {
      "from": [
        8.5625,
        6.1360397,
        11.5
      ],
      "to": [
        8.5625,
        9.86396,
        12.5
      ],
      "faces": {
        "east": {
          "uv": [
            8.5625,
            9.75,
            8.5,
            10.0
          ],
          "tintindex": 0,
          "rotation": 0,
          "texture": "#0"
        }
      },
      "rotation": {
        "origin": [
          9.0625,
          8.0,
          8.0
        ],
        "angle": 45.0,
        "axis": "x"
      }
    },
    {
      "from": [
        8.75,
        7.375,
        7.375
      ],
      "to": [
        9.0,
        8.625,
        8.625
      ],
      "faces": {
        "east": {
          "uv": [
            0.5,
            9.4375,
            0.4375,
            9.5
          ],
          "tintindex": 0,
          "rotation": 0,
          "texture": "#0"
        },
        "south": {
          "uv": [
            2.625,
            9.375,
            2.5625,
            9.4375
          ],
          "tintindex": 0,
          "rotation": 0,
          "texture": "#0"
        },
        "north": {
          "uv": [
            1.9375,
            9.375,
            1.875,
            9.4375
          ],
          "tintindex": 0,
          "rotation": 0,
          "texture": "#0"
        },
        "up": {
          "uv": [
            7.8125,
            9.5625,
            7.75,
            9.625
          ],
          "tintindex": 0,
          "rotation": 0,
          "texture": "#0"
        },
        "down": {
          "uv": [
            8.75,
            9.5625,
            8.6875,
            9.625
          ],
          "tintindex": 0,
          "rotation": 0,
          "texture": "#0"
        }
      },
      "rotation": {
        "origin": [
          9.5,
          8.0,
          8.0
        ],
        "angle": 45.0,
        "axis": "x"
      }
    },
    {
      "from": [
        4.5,
        6.1360397,
        3.5
      ],
      "to": [
        8.5,
        9.86396,
        12.5
      ],
      "faces": {
        "east": {
          "uv": [
            6.4375,
            8.0,
            5.875,
            8.25
          ],
          "tintindex": 0,
          "rotation": 0,
          "texture": "#0"
        },
        "south": {
          "uv": [
            2.1875,
            9.1875,
            1.9375,
            9.4375
          ],
          "tintindex": 0,
          "rotation": 0,
          "texture": "#0"
        },
        "north": {
          "uv": [
            9.25,
            9.125,
            9.0,
            9.375
          ],
          "tintindex": 0,
          "rotation": 0,
          "texture": "#0"
        },
        "west": {
          "uv": [
            8.5625,
            5.375,
            8.0,
            5.625
          ],
          "tintindex": 0,
          "rotation": 0,
          "texture": "#0"
        }
      },
      "rotation": {
        "origin": [
          5.0,
          8.0,
          8.0
        ],
        "angle": 45.0,
        "axis": "x"
      }
    },
    {
      "from": [
        8.5625,
        6.1360397,
        3.5
      ],
      "to": [
        8.5625,
        9.86396,
        4.5
      ],
      "faces": {
        "east": {
          "uv": [
            8.4375,
            9.75,
            8.375,
            10.0
          ],
          "tintindex": 0,
          "rotation": 0,
          "texture": "#0"
        }
      },
      "rotation": {
        "origin": [
          9.0625,
          8.0,
          8.0
        ],
        "angle": 45.0,
        "axis": "x"
      }
    },
    {
      "from": [
        8.5625,
        6.1360397,
        11.5
      ],
      "to": [
        8.5625,
        9.86396,
        12.5
      ],
      "faces": {
        "east": {
          "uv": [
            8.625,
            9.75,
            8.5625,
            10.0
          ],
          "tintindex": 0,
          "rotation": 0,
          "texture": "#0"
        }
      }
    },
    {
      "from": [
        8.5,
        6.125,
        6.125
      ],
      "to": [
        8.75,
        9.875,
        9.875
      ],
      "faces": {
        "east": {
          "uv": [
            5.4375,
            9.1875,
            5.1875,
            9.4375
          ],
          "tintindex": 0,
          "rotation": 0,
          "texture": "#0"
        },
        "south": {
          "uv": [
            9.875,
            0.0,
            9.8125,
            0.25
          ],
          "tintindex": 0,
          "rotation": 0,
          "texture": "#0"
        },
        "north": {
          "uv": [
            8.6875,
            9.75,
            8.625,
            10.0
          ],
          "tintindex": 0,
          "rotation": 0,
          "texture": "#0"
        },