{
  "textures": {
    "0": "xq9rmjx80:tex/kjanzurh",
    "particle": "#0"
  },
  "elements": [
    {
      "from": [
        -2.449213,
        -3.4086285,
        1.3788624
      ],
      "to": [
        -1.11588,
        5.605706,
        3.813622
      ],
      "faces": {
        "west": {
          "uv": [
            6.9375,
            9.0625,
            7.375,
            10.75
          ],
          "tintindex": 0,
          "rotation": 0,
          "texture": "#0"
        }
      }
    }
  ],
  "display": {
    "head": {
      "rotation": [
        1.7769794,
        -68.217255,
        0.004465097
      ]
    },
    "firstperson_righthand": {
      "rotation": [
        1.7769794,
        -68.217255,
        0.004465097
      ]
    },
    "thirdperson_lefthand": {
      "rotation": [
        1.7769794,
        68.217255,
        -0.004465097
      ]
    },
    "firstperson_lefthand": {
      "rotation": [
        1.7769794,
        68.217255,
        -0.004465097
      ]
    },
    "fixed": {
      "rotation": [
        1.7769794,
        -68.217255,
        0.004465097
      ]
    },
    "ground": {
      "rotation": [
        1.7769794,
        -68.217255,
        0.004465097
      ]
    },
    "thirdperson_righthand": {
      "rotation": [
        1.7769794,
        -68.217255,
        0.004465097
      ]
    },
    "gui": {
      "rotation": [
        -150.71747,
        23.225122,
        178.63724
      ]
    }
  }
}