{
  "textures": {
    "4": "9qzmluhqk:tex/oko4ftro",
    "particle": "#4"
  },
  "elements": [
    {
      "from": [
        3.0249996,
        0.9250002,
        5.174999
      ],
      "to": [
        8.975,
        15.075,
        10.825001
      ],
      "faces": {
        "east": {
          "uv": [
            8.9375,
            11.6875,
            9.125,
            12.125
          ],
          "tintindex": 0,
          "rotation": 0,
          "texture": "#4"
        },
        "south": {
          "uv": [
            0.0,
            0.0,
            0.1859375,
            0.4421875
          ],
          "tintindex": 0,
          "rotation": 0,
          "texture": "#4"
        },
        "north": {
          "uv": [
            0.0,
            0.0,
            0.1859375,
            0.4421875
          ],
          "tintindex": 0,
          "rotation": 0,
          "texture": "#4"
        },
        "west": {
          "uv": [
            9.15625,
            11.6875,
            9.34375,
            12.125
          ],
          "tintindex": 0,
          "rotation": 0,
          "texture": "#4"
        },
        "up": {
          "uv": [
            9.5625,
            13.28125,
            9.375,
            13.09375
          ],
          "tintindex": 0,
          "rotation": 0,
          "texture": "#4"
        },
        "down": {
          "uv": [
            9.78125,
            13.09375,
            9.59375,
            13.28125
          ],
          "tintindex": 0,
          "rotation": 0,
          "texture": "#4"
        }
      },
      "rotation": {
        "origin": [
          8.0,
          8.0,
          8.0
        ],
        "angle": -45.0,
        "axis": "x"
      }
    },
    {
      "from": [
        3.0,
        5.0,
        1.0
      ],
      "to": [
        9.0,
        11.0,
        15.0
      ],
      "faces": {
        "east": {
          "uv": [
            11.125,
            11.59375,
            11.3125,
            12.03125
          ],
          "tintindex": 0,
          "rotation": 90,
          "texture": "#4"
        },
        "south": {
          "uv": [
            9.34375,
            13.09375,
            9.15625,
            13.28125
          ],
          "tintindex": 0,
          "rotation": 0,
          "texture": "#4"
        },
        "north": {
          "uv": [
            9.125,
            13.28125,
            8.9375,
            13.09375
          ],
          "tintindex": 0,
          "rotation": 180,
          "texture": "#4"
        },
        "west": {
          "uv": [
            11.34375,
            11.59375,
            11.53125,
            12.03125
          ],
          "tintindex": 0,
          "rotation": 270,
          "texture": "#4"
        },
        "up": {
          "uv": [
            0.0,
            0.0,
            0.1875,
            0.4375
          ],
          "tintindex": 0,
          "rotation": 0,
          "texture": "#4"
        },
        "down": {
          "uv": [
            0.0,
            0.0,
            0.1875,
            0.4375
          ],
          "tintindex": 0,
          "rotation": 180,
          "texture": "#4"
        }
      }
    },
    {
      "from": [
        3.0,
        1.0,
        5.0
      ],
      "to": [
        9.0,
        15.0,
        11.0
      ],
      "faces": {
        "east": {
          "uv": [
            10.6875,
            11.59375,
            10.875,
            12.03125
          ],
          "tintindex": 0,
          "rotation": 0,
          "texture": "#4"
        },
        "south": {
          "uv": [
            0.0,
            0.0,
            0.1875,
            0.4375
          ],
          "tintindex": 0,
          "rotation": 0,
          "texture": "#4"
        },
        "north": {
          "uv": [
            0.0,
            0.0,
            0.1875,
            0.4375
          ],
          "tintindex": 0,
          "rotation": 0,
          "texture": "#4"
        },
        "west": {
          "uv": [
            10.90625,
            11.59375,
            11.09375,
            12.03125
          ],
          "tintindex": 0,
          "rotation": 0,
          "texture": "#4"
        },
        "up": {
          "uv": [
            13.40625,
            12.875,
            13.21875,
            12.6875
          ],
          "tintindex": 0,
          "rotation": 0,
          "texture": "#4"
        },
        "down": {
          "uv": [
            13.40625,
            12.90625,
            13.21875,
            13.09375
          ],
          "tintindex": 0,
          "rotation": 0,
          "texture": "#4"
        }
      }
    },
    {
      "from": [
        3.0249996,
        0.9250002,
        5.174999
      ],
      "to": [
        8.975,
        15.075,
        10.825001
      ],
      "faces": {
        "east": {
          "uv": [
            11.71875,
            9.15625,
            11.90625,
            9.59375
          ],
          "tintindex": 0,
          "rotation": 0,
          "texture": "#4"
        },
        "south": {
          "uv": [
            0.0,
            0.0,
            0.1859375,
            0.4421875
          ],
          "tintindex": 0,
          "rotation": 0,
          "texture": "#4"
        },
        "north": {
          "uv": [
            0.0,
            0.0,
            0.1859375,
            0.4421875
          ],
          "tintindex": 0,
          "rotation": 0,
          "texture": "#4"
        },
        "west": {
          "uv": [
            10.46875,
            11.59375,
            10.65625,
            12.03125
          ],
          "tintindex": 0,
          "rotation": 0,
          "texture": "#4"
        },
        "up": {
          "uv": [
            13.375,
            10.5,
            13.1875,
            10.3125
          ],
          "tintindex": 0,
          "rotation": 0,
          "texture": "#4"
        },
        "down": {
          "uv": [
            13.375,
            10.53125,
            13.1875,
            10.71875
          ],
          "tintindex": 0,
          "rotation": 0,
          "texture": "#4"
        }
      },
      "rotation": {
        "origin": [
          8.0,
          8.0,
          8.0
        ],
        "angle": 45.0,
        "axis": "x"
      }
    },
    {
      "from": [
        2.9750004,
        1.0,
        1.0
      ],
      "to": [
        9.025,
        15.0,
        15.0
      ],
      "faces": {
        "east": {
          "uv": [
            8.9375,
            8.78125,
            9.375,
            9.21875
          ],
          "tintindex": 0,
          "rotation": 0,
          "texture": "#4"
        },
        "west": {
          "uv": [
            8.9375,
            9.25,
            9.375,
            9.6875
          ],
          "tintindex": 0,
          "rotation": 0,
          "texture": "#4"
        }
      }
    }
  ],
  "display": {
    "head": {
      "rotation": [
        0.0,
        0.0,
        0.0
      ]
    },
    "firstperson_righthand": {
      "rotation": [
        0.0,
        0.0,
        0.0
      ]
    },
    "thirdperson_lefthand": {
      "rotation": [
        0.0,
        -0.0,
        -0.0
      ]
    },
    "firstperson_lefthand": {
      "rotation": [
        0.0,
        -0.0,
        -0.0
      ]
    },
    "fixed": {
      "rotation": [
        0.0,
        0.0,
        0.0
      ]
    },
    "ground": {
      "rotation": [
        0.0,
        0.0,
        0.0
      ]
    },
    "thirdperson_righthand": {
      "rotation": [
        0.0,
        0.0,
        0.0
      ]
    },
    "gui": {
      "rotation": [
        -150.0,
        -45.0,
        180.0
      ]
    }
  }
}