{
  "textures": {
    "2": "5rsd0lnob:tex/klboiysg",
    "particle": "#2"
  },
  "elements": [
    {
      "from": [
        -5.0,
        11.025,
        -1.5
      ],
      "to": [
        21.0,
        12.025,
        -0.5
      ],
      "faces": {
        "east": {
          "uv": [
            10.46875,
            11.3125,
            10.53125,
            11.375
          ],
          "tintindex": 0,
          "rotation": 0,
          "texture": "#2"
        },
        "south": {
          "uv": [
            11.1875,
            9.90625,
            12.8125,
            9.96875
          ],
          "tintindex": 0,
          "rotation": 0,
          "texture": "#2"
        },
        "north": {
          "uv": [
            11.1875,
            9.8125,
            12.8125,
            9.875
          ],
          "tintindex": 0,
          "rotation": 0,
          "texture": "#2"
        },
        "west": {
          "uv": [
            11.53125,
            11.03125,
            11.59375,
            11.09375
          ],
          "tintindex": 0,
          "rotation": 0,
          "texture": "#2"
        },
        "up": {
          "uv": [
            12.8125,
            10.0625,
            11.1875,
            10.0
          ],
          "tintindex": 0,
          "rotation": 0,
          "texture": "#2"
        },
        "down": {
          "uv": [
            12.8125,
            10.09375,
            11.1875,
            10.15625
          ],
          "tintindex": 0,
          "rotation": 0,
          "texture": "#2"
        }
      }
    },
    {
      "from": [
        -5.0,
        11.025,
        6.5
      ],
      "to": [
        21.0,
        12.025,
        7.5
      ],
      "faces": {
        "east": {
          "uv": [
            10.46875,
            11.21875,
            10.53125,
            11.28125
          ],
          "tintindex": 0,
          "rotation": 0,
          "texture": "#2"
        },
        "south": {
          "uv": [
            10.625,
            10.9375,
            12.25,
            11.0
          ],
          "tintindex": 0,
          "rotation": 0,
          "texture": "#2"
        },
        "north": {
          "uv": [
            10.625,
            10.84375,
            12.25,
            10.90625
          ],
          "tintindex": 0,
          "rotation": 0,
          "texture": "#2"
        },
        "west": {
          "uv": [
            11.46875,
            9.625,
            11.53125,
            9.6875
          ],
          "tintindex": 0,
          "rotation": 0,
          "texture": "#2"
        },
        "up": {
          "uv": [
            11.5,
            11.09375,
            9.875,
            11.03125
          ],
          "tintindex": 0,
          "rotation": 0,
          "texture": "#2"
        },
        "down": {
          "uv": [
            12.8125,
            9.71875,
            11.1875,
            9.78125
          ],
          "tintindex": 0,
          "rotation": 0,
          "texture": "#2"
        }
      }
    },
    {
      "from": [
        -5.0,
        11.025,
        -9.0
      ],
      "to": [
        21.0,
        12.025,
        -8.0
      ],
      "faces": {
        "east": {
          "uv": [
            11.5625,
            9.625,
            11.625,
            9.6875
          ],
          "tintindex": 0,
          "rotation": 0,
          "texture": "#2"
        },
        "south": {
          "uv": [
            11.1875,
            10.28125,
            12.8125,
            10.34375
          ],
          "tintindex": 0,
          "rotation": 0,
          "texture": "#2"
        },
        "north": {
          "uv": [
            11.1875,
            10.1875,
            12.8125,
            10.25
          ],
          "tintindex": 0,
          "rotation": 0,
          "texture": "#2"
        },
        "west": {
          "uv": [
            10.46875,
            11.40625,
            10.53125,
            11.46875
          ],
          "tintindex": 0,
          "rotation": 0,
          "texture": "#2"
        },
        "up": {
          "uv": [
            12.8125,
            10.4375,
            11.1875,
            10.375
          ],
          "tintindex": 0,
          "rotation": 0,
          "texture": "#2"
        },
        "down": {
          "uv": [
            10.5625,
            11.125,
            8.9375,
            11.1875
          ],
          "tintindex": 0,
          "rotation": 0,
          "texture": "#2"
        }
      }
    },
    {
      "from": [
        -5.0,
        11.025,
        24.0
      ],
      "to": [
        21.0,
        12.025,
        25.0
      ],
      "faces": {
        "east": {
          "uv": [
            11.65625,
            9.625,
            11.71875,
            9.6875
          ],
          "tintindex": 0,
          "rotation": 0,
          "texture": "#2"
        },
        "south": {
          "uv": [
            11.28125,
            8.875,
            12.90625,
            8.9375
          ],
          "tintindex": 0,
          "rotation": 0,
          "texture": "#2"
        },
        "north": {
          "uv": [
            11.28125,
            8.78125,
            12.90625,
            8.84375
          ],
          "tintindex": 0,
          "rotation": 0,
          "texture": "#2"
        },
        "west": {
          "uv": [
            10.46875,
            11.5,
            10.53125,
            11.5625
          ],
          "tintindex": 0,
          "rotation": 0,
          "texture": "#2"
        },
        "up": {
          "uv": [
            12.90625,
            9.03125,
            11.28125,
            8.96875
          ],
          "tintindex": 0,
          "rotation": 0,
          "texture": "#2"
        },
        "down": {
          "uv": [
            12.90625,
            9.0625,
            11.28125,
            9.125
          ],
          "tintindex": 0,
          "rotation": 0,
          "texture": "#2"
        }
      }
    },
    {
      "from": [
        -5.0,
        11.025,
        16.0
      ],
      "to": [
        21.0,
        12.025,
        17.0
      ],
      "faces": {
        "east": {
          "uv": [
            11.28125,
            9.625,
            11.34375,
            9.6875
          ],
          "tintindex": 0,
          "rotation": 0,
          "texture": "#2"
        },
        "south": {
          "uv": [
            10.8125,
            10.46875,
            12.4375,
            10.53125
          ],
          "tintindex": 0,
          "rotation": 0,
          "texture": "#2"
        },
        "north": {
          "uv": [
            10.625,
            10.65625,
            12.25,
            10.71875
          ],
          "tintindex": 0,
          "rotation": 0,
          "texture": "#2"
        },
        "west": {
          "uv": [
            11.375,
            9.625,
            11.4375,
            9.6875
          ],
          "tintindex": 0,
          "rotation": 0,
          "texture": "#2"
        },
        "up": {
          "uv": [
            12.4375,
            10.625,
            10.8125,
            10.5625
          ],
          "tintindex": 0,
          "rotation": 0,
          "texture": "#2"
        },
        "down": {
          "uv": [
            12.25,
            10.75,
            10.625,
            10.8125
          ],
          "tintindex": 0,
          "rotation": 0,
          "texture": "#2"
        }
      }
    }
  ],
  "display": {
    "head": {
      "rotation": [
        0.0,
        0.0,
        0.0
      ]
    },
    "firstperson_righthand": {
      "rotation": [
        0.0,
        0.0,
        0.0
      ]
    },
    "thirdperson_lefthand": {
      "rotation": [
        0.0,
        -0.0,
        -0.0
      ]
    },
    "firstperson_lefthand": {
      "rotation": [
        0.0,
        -0.0,
        -0.0
      ]
    },