{
  "textures": {
    "0": "gwjritg0z:tex/qlh8hx27",
    "particle": "#0"
  },
  "elements": [
    {
      "from": [
        6.833333,
        1.7612114,
        -6.8572807
      ],
      "to": [
        9.166667,
        2.0945444,
        -1.8572817
      ],
      "faces": {
        "east": {
          "uv": [
            11.625,
            2.25,
            11.65625,
            2.71875
          ],
          "tintindex": 0,
          "rotation": 270,
          "texture": "#0"
        },
        "west": {
          "uv": [
            11.4375,
            2.25,
            11.46875,
            2.71875
          ],
          "tintindex": 0,
          "rotation": 270,
          "texture": "#0"
        },
        "up": {
          "uv": [
            11.4375,
            2.71875,
            11.65625,
            2.25
          ],
          "tintindex": 0,
          "rotation": 0,
          "texture": "#0"
        },
        "down": {
          "uv": [
            11.4375,
            2.25,
            11.65625,
            2.71875
          ],
          "tintindex": 0,
          "rotation": 0,
          "texture": "#0"
        }
      }
    }
  ],
  "display": {
    "head": {
      "rotation": [
        32.25,
        0.0,
        -0.0
      ]
    },
    "firstperson_righthand": {
      "rotation": [
        32.25,
        0.0,
        -0.0
      ]
    },
    "thirdperson_lefthand": {
      "rotation": [
        32.25,
        -0.0,
        0.0
      ]
    },
    "firstperson_lefthand": {
      "rotation": [
        32.25,
        -0.0,
        0.0
      ]
    },
    "fixed": {
      "rotation": [
        32.25,
        0.0,
        -0.0
      ]
    },
    "ground": {
      "rotation": [
        32.25,
        0.0,
        -0.0
      ]
    },
    "thirdperson_righthand": {
      "rotation": [
        32.25,
        0.0,
        -0.0
      ]
    },
    "gui": {
      "rotation": [
        168.2574,
        -36.728214,
        151.91498
      ]
    }
  }
}