{
  "textures": {
    "2": "xq9rmjx80:tex/6a6c60k6",
    "particle": "#2"
  },
  "elements": [
    {
      "from": [
        5.34509,
        6.15012,
        -2.8433504
      ],
      "to": [
        5.94182,
        7.15012,
        0.15664959
      ],
      "faces": {
        "south": {
          "uv": [
            0.971875,
            0.0625,
            1.2265625,
            0.4375
          ],
          "tintindex": 0,
          "rotation": 0,
          "texture": "#2"
        },
        "north": {
          "uv": [
            0.971875,
            0.0625,
            1.2265625,
            0.4375
          ],
          "tintindex": 0,
          "rotation": 0,
          "texture": "#2"
        },
        "up": {
          "uv": [
            0.971875,
            0.0625,
            1.2265625,
            0.4375
          ],
          "tintindex": 0,
          "rotation": 0,
          "texture": "#2"
        }
      }
    },
    {
      "from": [
        3.5,
        6.324999,
        -1.11971
      ],
      "to": [
        5.0,
        7.0249996,
        -0.91971016
      ],
      "faces": {
        "south": {
          "uv": [
            0.971875,
            0.0625,
            1.2265625,
            0.4375
          ],
          "tintindex": 0,
          "rotation": 0,
          "texture": "#2"
        },
        "north": {
          "uv": [
            0.971875,
            0.0625,
            1.2265625,
            0.4375
          ],
          "tintindex": 0,
          "rotation": 0,
          "texture": "#2"
        },
        "west": {
          "uv": [
            0.971875,
            0.0625,
            1.2265625,
            0.4375
          ],
          "tintindex": 0,
          "rotation": 0,
          "texture": "#2"
        },
        "up": {
          "uv": [
            0.971875,
            0.0625,
            1.2265625,
            0.4375
          ],
          "tintindex": 0,
          "rotation": 0,
          "texture": "#2"
        }
      }
    },
    {
      "from": [
        5.34509,
        6.15012,
        -2.8433504
      ],
      "to": [
        5.94182,
        7.15012,
        0.15664959
      ],
      "faces": {
        "south": {
          "uv": [
            0.971875,
            0.0625,
            1.2265625,
            0.4375
          ],
          "tintindex": 0,
          "rotation": 0,
          "texture": "#2"
        },
        "north": {
          "uv": [
            0.971875,
            0.0625,
            1.2265625,
            0.4375
          ],
          "tintindex": 0,
          "rotation": 0,
          "texture": "#2"
        },
        "up": {
          "uv": [
            0.971875,
            0.0625,
            1.2265625,
            0.4375
          ],
          "tintindex": 0,
          "rotation": 0,
          "texture": "#2"
        },
        "down": {
          "uv": [
            0.971875,
            0.0625,
            1.2265625,
            0.4375
          ],
          "tintindex": 0,
          "rotation": 0,
          "texture": "#2"
        }
      },
      "rotation": {
        "origin": [
          5.6434603,
          21.650118,
          -1.3433504
        ],
        "angle": 22.5,
        "axis": "y"
      }
    },
    {
      "from": [
        4.14346,
        6.15012,
        -1.6417198
      ],
      "to": [
        7.1434603,
        7.15012,
        -1.04498
      ],
      "faces": {
        "east": {
          "uv": [
            0.971875,
            0.0625,
            1.2265625,
            0.4375
          ],
          "tintindex": 0,
          "rotation": 0,
          "texture": "#2"
        },
        "west": {
          "uv": [
            0.971875,
            0.0625,
            1.2265625,
            0.4375
          ],
          "tintindex": 0,
          "rotation": 0,
          "texture": "#2"
        },
        "up": {
          "uv": [
            0.971875,
            0.0625,
            1.2265625,
            0.4375
          ],
          "tintindex": 0,
          "rotation": 0,
          "texture": "#2"
        }
      }
    },
    {
      "from": [
        4.14346,
        6.15012,
        -1.6417198
      ],
      "to": [
        7.1434603,
        7.15012,
        -1.04498
      ],
      "faces": {
        "east": {
          "uv": [
            0.971875,
            0.0625,
            1.2265625,
            0.4375
          ],
          "tintindex": 0,
          "rotation": 0,
          "texture": "#2"
        },
        "west": {
          "uv": [
            0.971875,
            0.0625,
            1.2265625,
            0.4375
          ],
          "tintindex": 0,
          "rotation": 0,
          "texture": "#2"
        },
        "up": {
          "uv": [
            0.971875,
            0.0625,
            1.2265625,
            0.4375
          ],
          "tintindex": 0,
          "rotation": 0,
          "texture": "#2"
        },
        "down": {
          "uv": [
            0.971875,
            0.0625,
            1.2265625,
            0.4375
          ],
          "tintindex": 0,
          "rotation": 0,
          "texture": "#2"
        }
      },
      "rotation": {
        "origin": [
          5.6434603,
          21.650118,
          -1.3433504
        ],
        "angle": -22.5,
        "axis": "y"
      }
    },
    {
      "from": [
        3.5,
        6.324999,
        -1.8197107
      ],
      "to": [
        5.0,
        7.0249996,
        -1.61971
      ],
      "faces": {
        "south": {
          "uv": [
            0.971875,
            0.0625,
            1.2265625,
            0.4375
          ],
          "tintindex": 0,
          "rotation": 0,
          "texture": "#2"
        },
        "north": {
          "uv": [
            0.971875,
            0.0625,
            1.2265625,
            0.4375
          ],
          "tintindex": 0,
          "rotation": 0,
          "texture": "#2"
        },
        "west": {
          "uv": [
            0.971875,
            0.0625,
            1.2265625,
            0.4375
          ],
          "tintindex": 0,
          "rotation": 0,
          "texture": "#2"
        },
        "up": {
          "uv": [
            0.971875,
            0.0625,
            1.2265625,
            0.4375
          ],
          "tintindex": 0,
          "rotation": 0,
          "texture": "#2"
        }
      }
    },
    {
      "from": [
        4.14346,
        6.15012,
        -1.6417198
      ],
      "to": [
        7.1434603,
        7.15012,
        -1.04498
      ],
      "faces": {
        "east": {
          "uv": [
            0.971875,
            0.0625,
            1.2265625,
            0.4375
          ],
          "tintindex": 0,
          "rotation": 0,
          "texture": "#2"
        },
        "west": {
          "uv": [
            0.971875,
            0.0625,
            1.2265625,
            0.4375
          ],
          "tintindex": 0,
          "rotation": 0,
          "texture": "#2"
        },
        "up": {
          "uv": [
            0.971875,
            0.0625,
            1.2265625,
            0.4375
          ],
          "tintindex": 0,
          "rotation": 0,
          "texture": "#2"
        },
        "down": {
          "uv": [
            0.971875,
            0.0625,
            1.2265625,
            0.4375
          ],
          "tintindex": 0,
          "rotation": 0,
          "texture": "#2"
        }
      },
      "rotation": {
        "origin": [
          5.6434603,
          21.650118,
          -1.3433504
        ],
        "angle": 22.5,
        "axis": "y"
      }
    },
    {
      "from": [
        5.34509,
        6.15012,
        -2.8433504
      ],
      "to": [
        5.94182,
        7.15012,
        0.15664959
      ],
      "faces": {
        "south": {
          "uv": [
            0.971875,
            0.0625,
            1.2265625,
            0.4375
          ],
          "tintindex": 0,