{
  "textures": {
    "0": "xq9rmjx80:tex/kjanzurh",
    "particle": "#0"
  },
  "elements": [
    {
      "from": [
        20.358528,
        -12.259506,
        15.123518
      ],
      "to": [
        20.691862,
        -9.259506,
        17.123518
      ],
      "faces": {
        "east": {
          "uv": [
            11.625,
            12.125,
            12.0,
            12.6875
          ],
          "tintindex": 0,
          "rotation": 0,
          "texture": "#0"
        }
      }
    }
  ],
  "display": {
    "head": {
      "rotation": [
        -17.842754,
        -51.996296,
        15.603287
      ]
    },
    "firstperson_righthand": {
      "rotation": [
        -17.842754,
        -51.996296,
        15.603287
      ]
    },
    "thirdperson_lefthand": {
      "rotation": [
        -17.842754,
        51.996296,
        -15.603287
      ]
    },
    "firstperson_lefthand": {
      "rotation": [
        -17.842754,
        51.996296,
        -15.603287
      ]
    },
    "fixed": {
      "rotation": [
        -17.842754,
        -51.996296,
        15.603287
      ]
    },
    "ground": {
      "rotation": [
        -17.842754,
        -51.996296,
        15.603287
      ]
    },
    "thirdperson_righthand": {
      "rotation": [
        -17.842754,
        -51.996296,
        15.603287
      ]
    },
    "gui": {
      "rotation": [
        -139.01163,
        8.206789,
        -151.75209
      ]
    }
  }
}