{
  "textures": {
    "0": "xq9rmjx80:tex/kjanzurh",
    "particle": "#0"
  },
  "elements": [
    {
      "from": [
        2.467785,
        21.467045,
        -5.3955107
      ],
      "to": [
        3.134451,
        23.467045,
        6.112939
      ],
      "faces": {
        "up": {
          "uv": [
            4.3125,
            8.5,
            4.1875,
            6.3125
          ],
          "tintindex": 0,
          "rotation": 0,
          "texture": "#0"
        }
      }
    }
  ],
  "display": {
    "head": {
      "rotation": [
        -10.007976,
        2.1556509,
        0.24999513
      ]
    },
    "firstperson_righthand": {
      "rotation": [
        -10.007976,
        2.1556509,
        0.24999513
      ]
    },
    "thirdperson_lefthand": {
      "rotation": [
        -10.007976,
        -2.1556509,
        -0.24999513
      ]
    },
    "firstperson_lefthand": {
      "rotation": [
        -10.007976,
        -2.1556509,
        -0.24999513
      ]
    },
    "fixed": {
      "rotation": [
        -10.007976,
        2.1556509,
        0.24999513
      ]
    },
    "ground": {
      "rotation": [
        -10.007976,
        2.1556509,
        0.24999513
      ]
    },
    "thirdperson_righthand": {
      "rotation": [
        -10.007976,
        2.1556509,
        0.24999513
      ]
    },
    "gui": {
      "rotation": [
        -135.45341,
        -46.25727,
        -169.51257
      ]
    }
  }
}