{
  "textures": {
    "0": "xq9rmjx80:tex/kjanzurh",
    "particle": "#0"
  },
  "elements": [
    {
      "from": [
        6.674611,
        7.325081,
        17.18481
      ],
      "to": [
        8.007944,
        9.658414,
        28.693258
      ],
      "faces": {
        "east": {
          "uv": [
            5.25,
            8.5625,
            7.4375,
            9.0
          ],
          "tintindex": 0,
          "rotation": 0,
          "texture": "#0"
        }
      }
    }
  ],
  "display": {
    "head": {
      "rotation": [
        10.235193,
        -0.0051194513,
        0.24611615
      ]
    },
    "firstperson_righthand": {
      "rotation": [
        10.235193,
        -0.0051194513,
        0.24611615
      ]
    },
    "thirdperson_lefthand": {
      "rotation": [
        10.235193,
        0.0051194513,
        -0.24611615
      ]
    },
    "firstperson_lefthand": {
      "rotation": [
        10.235193,
        0.0051194513,
        -0.24611615
      ]
    },
    "fixed": {
      "rotation": [
        10.235193,
        -0.0051194513,
        0.24611615
      ]
    },
    "ground": {
      "rotation": [
        10.235193,
        -0.0051194513,
        0.24611615
      ]
    },
    "thirdperson_righthand": {
      "rotation": [
        10.235193,
        -0.0051194513,
        0.24611615
      ]
    },
    "gui": {
      "rotation": [
        -164.32335,
        -44.090298,
        170.17131
      ]
    }
  }
}