{
  "textures": {
    "0": "xq9rmjx80:tex/kjanzurh",
    "particle": "#0"
  },
  "elements": [
    {
      "from": [
        21.532187,
        -2.6487808,
        10.50734
      ],
      "to": [
        22.80302,
        -0.9821148,
        16.572638
      ],
      "faces": {
        "down": {
          "uv": [
            2.0,
            10.125,
            1.75,
            11.25
          ],
          "tintindex": 0,
          "rotation": 0,
          "texture": "#0"
        }
      }
    },
    {
      "from": [
        22.803017,
        -2.6487808,
        8.215672
      ],
      "to": [
        23.178017,
        -0.9821148,
        16.405972
      ],
      "faces": {
        "down": {
          "uv": [
            1.75,
            11.3125,
            1.6875,
            12.875
          ],
          "tintindex": 0,
          "rotation": 0,
          "texture": "#0"
        }
      }
    },
    {
      "from": [
        23.178017,
        -2.6487808,
        6.9656715
      ],
      "to": [
        23.48887,
        -0.9821148,
        16.57264
      ],
      "faces": {
        "down": {
          "uv": [
            7.8125,
            11.25,
            7.75,
            13.0625
          ],
          "tintindex": 0,
          "rotation": 0,
          "texture": "#0"
        }
      }
    }
  ],
  "display": {
    "head": {
      "rotation": [
        -47.801426,
        -61.036762,
        1.3576401e-05
      ]
    },
    "firstperson_righthand": {
      "rotation": [
        -47.801426,
        -61.036762,
        1.3576401e-05
      ]
    },
    "thirdperson_lefthand": {
      "rotation": [
        -47.801426,
        61.036762,
        -1.3576401e-05
      ]
    },
    "firstperson_lefthand": {
      "rotation": [
        -47.801426,
        61.036762,
        -1.3576401e-05
      ]
    },
    "fixed": {
      "rotation": [
        -47.801426,
        -61.036762,
        1.3576401e-05
      ]
    },
    "ground": {
      "rotation": [
        -47.801426,
        -61.036762,
        1.3576401e-05
      ]
    },
    "thirdperson_righthand": {
      "rotation": [
        -47.801426,
        -61.036762,
        1.3576401e-05
      ]
    },
    "gui": {
      "rotation": [
        -127.08573,
        22.87166,
        -145.35153
      ]
    }
  }
}