{
  "textures": {
    "0": "2thxh28ly:tex/wyx4v7je",
    "particle": "#0"
  },
  "elements": [
    {
      "from": [
        2.0,
        11.333334,
        -9.666668
      ],
      "to": [
        14.0,
        13.333334,
        -7.0
      ],
      "faces": {
        "east": {
          "uv": [
            0.625,
            8.15625,
            0.875,
            8.34375
          ],
          "tintindex": 0,
          "rotation": 0,
          "texture": "#0"
        },
        "south": {
          "uv": [
            4.375,
            7.34375,
            5.5,
            7.53125
          ],
          "tintindex": 0,
          "rotation": 0,
          "texture": "#0"
        },
        "north": {
          "uv": [
            7.25,
            3.375,
            8.375,
            3.5625
          ],
          "tintindex": 0,
          "rotation": 0,
          "texture": "#0"
        },
        "west": {
          "uv": [
            8.15625,
            3.0625,
            8.40625,
            3.25
          ],
          "tintindex": 0,
          "rotation": 0,
          "texture": "#0"
        },
        "up": {
          "uv": [
            7.90625,
            0.9375,
            6.78125,
            0.6875
          ],
          "tintindex": 0,
          "rotation": 0,
          "texture": "#0"
        },
        "down": {
          "uv": [
            7.90625,
            0.9375,
            6.78125,
            1.1875
          ],
          "tintindex": 0,
          "rotation": 0,
          "texture": "#0"
        }
      }
    },
    {
      "from": [
        -0.03333378,
        13.3,
        -0.70000076
      ],
      "to": [
        16.033333,
        19.033333,
        2.6999998
      ],
      "faces": {
        "east": {
          "uv": [
            5.8125,
            7.34375,
            6.125,
            7.875
          ],
          "tintindex": 0,
          "rotation": 0,
          "texture": "#0"
        },
        "south": {
          "uv": [
            4.90625,
            1.71875,
            6.40625,
            2.25
          ],
          "tintindex": 0,
          "rotation": 0,
          "texture": "#0"
        },
        "north": {
          "uv": [
            4.875,
            3.28125,
            6.375,
            3.8125
          ],
          "tintindex": 0,
          "rotation": 0,
          "texture": "#0"
        },
        "west": {
          "uv": [
            5.8125,
            7.34375,
            6.125,
            7.875
          ],
          "tintindex": 0,
          "rotation": 0,
          "texture": "#0"
        },
        "up": {
          "uv": [
            7.96875,
            5.46875,
            6.46875,
            5.15625
          ],
          "tintindex": 0,
          "rotation": 0,
          "texture": "#0"
        },
        "down": {
          "uv": [
            7.96875,
            5.46875,
            6.46875,
            5.78125
          ],
          "tintindex": 0,
          "rotation": 0,
          "texture": "#0"
        }
      }
    },
    {
      "from": [
        10.583334,
        15.25,
        -10.333334
      ],
      "to": [
        10.916667,
        15.583334,
        -3.0
      ],
      "faces": {
        "east": {
          "uv": [
            8.46875,
            2.0,
            9.15625,
            2.03125
          ],
          "tintindex": 0,
          "rotation": 0,
          "texture": "#0"
        },
        "south": {
          "uv": [
            8.21875,
            2.53125,
            8.25,
            2.5625
          ],
          "tintindex": 0,
          "rotation": 0,
          "texture": "#0"
        },
        "north": {
          "uv": [
            6.34375,
            3.25,
            6.375,
            3.28125
          ],
          "tintindex": 0,
          "rotation": 0,
          "texture": "#0"
        },
        "west": {
          "uv": [
            8.59375,
            7.625,
            9.28125,
            7.65625
          ],
          "tintindex": 0,
          "rotation": 0,
          "texture": "#0"
        },
        "up": {
          "uv": [
            6.125,
            8.5625,
            6.09375,
            7.875
          ],
          "tintindex": 0,
          "rotation": 0,
          "texture": "#0"
        },
        "down": {
          "uv": [
            6.125,
            8.5625,
            6.09375,
            9.25
          ],
          "tintindex": 0,
          "rotation": 0,
          "texture": "#0"
        }
      },
      "rotation": {
        "origin": [
          10.75,
          15.416667,
          -6.666667
        ],
        "angle": -45.0,
        "axis": "z"
      }
    },
    {
      "from": [
        10.25,
        15.0,
        -6.333334
      ],
      "to": [
        11.25,
        16.0,
        -3.0
      ],
      "faces": {
        "east": {
          "uv": [
            8.3125,
            6.5625,
            8.625,
            6.65625
          ],
          "tintindex": 0,
          "rotation": 0,
          "texture": "#0"
        },
        "south": {
          "uv": [
            0.15625,
            9.3125,
            0.25,
            9.40625
          ],
          "tintindex": 0,
          "rotation": 0,
          "texture": "#0"
        },
        "north": {
          "uv": [
            4.0,
            8.59375,
            4.09375,
            8.6875
          ],
          "tintindex": 0,
          "rotation": 0,
          "texture": "#0"
        },
        "west": {
          "uv": [
            8.34375,
            4.625,
            8.65625,
            4.71875
          ],
          "tintindex": 0,
          "rotation": 0,
          "texture": "#0"
        },
        "up": {
          "uv": [
            5.4375,
            8.71875,
            5.34375,
            8.40625
          ],
          "tintindex": 0,
          "rotation": 0,
          "texture": "#0"
        },
        "down": {
          "uv": [
            5.96875,
            8.4375,
            5.875,
            8.75
          ],
          "tintindex": 0,
          "rotation": 0,
          "texture": "#0"
        }
      }
    },
    {
      "from": [
        2.333333,
        10.333334,
        -7.0
      ],
      "to": [
        13.666667,
        14.333334,
        18.666668
      ],
      "faces": {
        "east": {
          "uv": [
            4.375,
            4.78125,
            6.78125,
            5.15625
          ],
          "tintindex": 0,
          "rotation": 0,
          "texture": "#0"
        },
        "south": {
          "uv": [
            6.75,
            0.0,
            7.8125,
            0.375
          ],
          "tintindex": 0,
          "rotation": 0,
          "texture": "#0"
        },
        "north": {
          "uv": [
            6.59375,
            6.65625,
            7.65625,
            7.03125
          ],
          "tintindex": 0,
          "rotation": 0,
          "texture": "#0"
        },
        "west": {
          "uv": [
            4.375,
            4.78125,
            6.78125,
            5.15625
          ],
          "tintindex": 0,
          "rotation": 0,
          "texture": "#0"
        },
        "up": {
          "uv": [
            1.0625,
            4.40625,
            0.0,
            2.0
          ],
          "tintindex": 0,
          "rotation": 0,
          "texture": "#0"
        },
        "down": {
          "uv": [
            2.125,
            2.0,
            1.0625,
            4.40625
          ],
          "tintindex": 0,
          "rotation": 0,
          "texture": "#0"
        }
      }
    },
    {
      "from": [
        2.333333,
        13.333334,
        -4.666667
      ],
      "to": [
        13.666667,
        15.0,
        2.333333
      ],
      "faces": {
        "east": {
          "uv": [
            3.875,
            1.71875,
            4.53125,
            1.875
          ],
          "tintindex": 0,