{
  "textures": {
    "0": "xq9rmjx80:tex/kjanzurh",
    "particle": "#0"
  },
  "elements": [
    {
      "from": [
        15.0655985,
        11.344391,
        20.114164
      ],
      "to": [
        15.732265,
        15.144558,
        23.26709
      ],
      "faces": {
        "up": {
          "uv": [
            6.5,
            10.75,
            6.375,
            10.1875
          ],
          "tintindex": 0,
          "rotation": 0,
          "texture": "#0"
        }
      }
    }
  ],
  "display": {
    "head": {
      "rotation": [
        -75.04803,
        -12.089435,
        0.24491562
      ]
    },
    "firstperson_righthand": {
      "rotation": [
        -75.04803,
        -12.089435,
        0.24491562
      ]
    },
    "thirdperson_lefthand": {
      "rotation": [
        -75.04803,
        12.089435,
        -0.24491562
      ]
    },
    "firstperson_lefthand": {
      "rotation": [
        -75.04803,
        12.089435,
        -0.24491562
      ]
    },
    "fixed": {
      "rotation": [
        -75.04803,
        -12.089435,
        0.24491562
      ]
    },
    "ground": {
      "rotation": [
        -75.04803,
        -12.089435,
        0.24491562
      ]
    },
    "thirdperson_righthand": {
      "rotation": [
        -75.04803,
        -12.089435,
        0.24491562
      ]
    },
    "gui": {
      "rotation": [
        -79.06491,
        -1.7362533,
        -136.63893
      ]
    }
  }
}