{
  "textures": {
    "0": "5exp3rjkn:tex/irnif5a0",
    "particle": "#0"
  },
  "elements": [
    {
      "from": [
        10.0625,
        6.1360397,
        11.5
      ],
      "to": [
        10.0625,
        9.86396,
        12.5
      ],
      "faces": {
        "east": {
          "uv": [
            9.875,
            3.3125,
            9.8125,
            3.5625
          ],
          "tintindex": 0,
          "rotation": 0,
          "texture": "#0"
        }
      }
    },
    {
      "from": [
        10.0625,
        11.5,
        6.1360397
      ],
      "to": [
        10.0625,
        12.5,
        9.86396
      ],
      "faces": {
        "east": {
          "uv": [
            10.0625,
            3.5625,
            9.8125,
            3.625
          ],
          "tintindex": 0,
          "rotation": 0,
          "texture": "#0"
        }
      }
    },
    {
      "from": [
        10.0625,
        6.1360397,
        11.5
      ],
      "to": [
        10.0625,
        9.86396,
        12.5
      ],
      "faces": {
        "east": {
          "uv": [
            3.25,
            9.8125,
            3.1875,
            10.0625
          ],
          "tintindex": 0,
          "rotation": 0,
          "texture": "#0"
        }
      },
      "rotation": {
        "origin": [
          10.5625,
          8.0,
          8.0
        ],
        "angle": 45.0,
        "axis": "x"
      }
    },
    {
      "from": [
        6.0,
        6.1360397,
        3.5
      ],
      "to": [
        10.0,
        9.86396,
        12.5
      ],
      "faces": {
        "east": {
          "uv": [
            6.4375,
            8.25,
            5.875,
            8.5
          ],
          "tintindex": 0,
          "rotation": 0,
          "texture": "#0"
        },
        "south": {
          "uv": [
            3.125,
            9.25,
            2.875,
            9.5
          ],
          "tintindex": 0,
          "rotation": 0,
          "texture": "#0"
        },
        "north": {
          "uv": [
            1.25,
            9.25,
            1.0,
            9.5
          ],
          "tintindex": 0,
          "rotation": 0,
          "texture": "#0"
        },
        "west": {
          "uv": [
            8.8125,
            5.8125,
            8.25,
            6.0625
          ],
          "tintindex": 0,
          "rotation": 0,
          "texture": "#0"
        }
      },
      "rotation": {
        "origin": [
          6.5,
          8.0,
          8.0
        ],
        "angle": 45.0,
        "axis": "x"
      }
    },
    {
      "from": [
        10.0625,
        6.1360397,
        3.5
      ],
      "to": [
        10.0625,
        9.86396,
        4.5
      ],
      "faces": {
        "east": {
          "uv": [
            2.5625,
            9.8125,
            2.5,
            10.0625
          ],
          "tintindex": 0,
          "rotation": 0,
          "texture": "#0"
        }
      },
      "rotation": {
        "origin": [
          10.5625,
          8.0,
          8.0
        ],
        "angle": 45.0,
        "axis": "x"
      }
    },
    {
      "from": [
        10.0625,
        11.5,
        6.1360397
      ],
      "to": [
        10.0625,
        12.5,
        9.86396
      ],
      "faces": {
        "east": {
          "uv": [
            10.0625,
            2.1875,
            9.8125,
            2.25
          ],
          "tintindex": 0,
          "rotation": 0,
          "texture": "#0"
        }
      },
      "rotation": {
        "origin": [
          10.5625,
          8.0,
          8.0
        ],
        "angle": 45.0,
        "axis": "x"
      }
    },
    {
      "from": [
        6.0,
        3.5,
        6.1360397
      ],
      "to": [
        10.0,
        12.5,
        9.86396
      ],
      "faces": {
        "east": {
          "uv": [
            8.125,
            8.1875,
            7.875,
            8.75
          ],
          "tintindex": 0,
          "rotation": 0,
          "texture": "#0"
        },
        "west": {
          "uv": [
            7.1875,
            8.1875,
            6.9375,
            8.75
          ],
          "tintindex": 0,
          "rotation": 0,
          "texture": "#0"
        },
        "up": {
          "uv": [
            6.9375,
            9.25,
            6.6875,
            9.5
          ],
          "tintindex": 0,
          "rotation": 0,
          "texture": "#0"
        },
        "down": {
          "uv": [
            9.5,
            7.3125,
            9.25,
            7.5625
          ],
          "tintindex": 0,
          "rotation": 0,
          "texture": "#0"
        }
      },
      "rotation": {
        "origin": [
          6.5,
          8.0,
          8.0
        ],
        "angle": 45.0,
        "axis": "x"
      }
    },
    {
      "from": [
        10.25,
        7.375,
        7.375
      ],
      "to": [
        10.5,
        8.625,
        8.625
      ],
      "faces": {
        "east": {
          "uv": [
            5.75,
            9.9375,
            5.6875,
            10.0
          ],
          "tintindex": 0,
          "rotation": 0,
          "texture": "#0"
        },
        "south": {
          "uv": [
            10.0,
            5.375,
            9.9375,
            5.4375
          ],
          "tintindex": 0,
          "rotation": 0,
          "texture": "#0"
        },
        "north": {
          "uv": [
            10.0,
            5.3125,
            9.9375,
            5.375
          ],
          "tintindex": 0,
          "rotation": 0,
          "texture": "#0"
        },
        "up": {
          "uv": [
            5.8125,
            9.9375,
            5.75,
            10.0
          ],
          "tintindex": 0,
          "rotation": 0,
          "texture": "#0"
        },
        "down": {
          "uv": [
            5.875,
            9.9375,
            5.8125,
            10.0
          ],
          "tintindex": 0,
          "rotation": 0,
          "texture": "#0"
        }
      },
      "rotation": {
        "origin": [
          11.0,
          8.0,
          8.0
        ],
        "angle": 45.0,
        "axis": "x"
      }
    },
    {
      "from": [
        10.0625,
        6.1360397,
        3.5
      ],
      "to": [
        10.0625,
        9.86396,
        4.5
      ],
      "faces": {
        "east": {
          "uv": [
            3.1875,
            9.8125,
            3.125,
            10.0625
          ],
          "tintindex": 0,
          "rotation": 0,
          "texture": "#0"
        }
      }
    },
    {
      "from": [
        6.0,
        3.5,
        6.1360397
      ],
      "to": [
        10.0,
        12.5,
        9.86396
      ],
      "faces": {
        "east": {
          "uv": [
            4.6875,
            8.3125,
            4.4375,
            8.875
          ],
          "tintindex": 0,
          "rotation": 0,
          "texture": "#0"
        },
        "west": {
          "uv": [
            3.9375,
            8.3125,
            3.6875,
            8.875
          ],
          "tintindex": 0,
          "rotation": 0,
          "texture": "#0"
        },
        "up": {
          "uv": [
            9.5,
            7.5625,
            9.25,
            7.8125
          ],
          "tintindex": 0,
          "rotation": 0,
          "texture": "#0"
        },
        "down": {
          "uv": [
            9.5,
            7.8125,
            9.25,
            8.0625
          ],
          "tintindex": 0,
          "rotation": 0,
          "texture": "#0"
        }
      }
    },
    {
      "from": [
        6.0,
        6.1360397,
        3.5
      ],
      "to": [
        10.0,
        9.86396,
        12.5
      ],
      "faces": {
        "east": {
          "uv": [
            2.25,
            8.3125,
            1.6875,
            8.5625
          ],
          "tintindex": 0,
          "rotation": 0,