{
  "textures": {
    "0": "xq9rmjx80:tex/kjanzurh",
    "particle": "#0"
  },
  "elements": [
    {
      "from": [
        17.115881,
        -3.4086285,
        1.3788624
      ],
      "to": [
        18.449215,
        5.605706,
        3.813622
      ],
      "faces": {
        "east": {
          "uv": [
            3.5,
            8.9375,
            3.9375,
            10.625
          ],
          "tintindex": 0,
          "rotation": 0,
          "texture": "#0"
        }
      }
    }
  ],
  "display": {
    "head": {
      "rotation": [
        1.7769794,
        68.217255,
        -0.004465097
      ]
    },
    "firstperson_righthand": {
      "rotation": [
        1.7769794,
        68.217255,
        -0.004465097
      ]
    },
    "thirdperson_lefthand": {
      "rotation": [
        1.7769794,
        -68.217255,
        0.004465097
      ]
    },
    "firstperson_lefthand": {
      "rotation": [
        1.7769794,
        -68.217255,
        0.004465097
      ]
    },
    "fixed": {
      "rotation": [
        1.7769794,
        68.217255,
        -0.004465097
      ]
    },
    "ground": {
      "rotation": [
        1.7769794,
        68.217255,
        -0.004465097
      ]
    },
    "thirdperson_righthand": {
      "rotation": [
        1.7769794,
        68.217255,
        -0.004465097
      ]
    },
    "gui": {
      "rotation": [
        31.671438,
        -66.76441,
        3.1816437
      ]
    }
  }
}