{
  "textures": {
    "0": "800y9ucl5:tex/ia26j6g9",
    "particle": "#0"
  },
  "elements": [
    {
      "from": [
        7.984015,
        -6.8463097,
        7.953435
      ],
      "to": [
        8.015975,
        -6.153695,
        8.04657
      ],
      "faces": {
        "east": {
          "uv": [
            8.375,
            4.5,
            8.40625,
            4.6875
          ],
          "tintindex": 0,
          "rotation": 0,
          "texture": "#0"
        },
        "south": {
          "uv": [
            4.75,
            8.375,
            4.78125,
            8.5625
          ],
          "tintindex": 0,
          "rotation": 0,
          "texture": "#0"
        },
        "north": {
          "uv": [
            4.375,
            8.375,
            4.40625,
            8.5625
          ],
          "tintindex": 0,
          "rotation": 0,
          "texture": "#0"
        },
        "west": {
          "uv": [
            8.375,
            4.75,
            8.40625,
            4.9375
          ],
          "tintindex": 0,
          "rotation": 0,
          "texture": "#0"
        }
      },
      "rotation": {
        "origin": [
          8.0,
          -6.500005,
          8.0
        ],
        "angle": -45.0,
        "axis": "x"
      }
    },
    {
      "from": [
        7.959985,
        -6.65536,
        7.62494
      ],
      "to": [
        8.040005,
        -6.3446445,
        7.737465
      ],
      "faces": {
        "east": {
          "uv": [
            0.25,
            8.5,
            0.28125,
            8.5625
          ],
          "tintindex": 0,
          "rotation": 0,
          "texture": "#0"
        },
        "south": {
          "uv": [
            8.5,
            0.25,
            8.53125,
            0.3125
          ],
          "tintindex": 0,
          "rotation": 0,
          "texture": "#0"
        },
        "north": {
          "uv": [
            8.5,
            0.125,
            8.53125,
            0.1875
          ],
          "tintindex": 0,
          "rotation": 0,
          "texture": "#0"
        },
        "west": {
          "uv": [
            0.375,
            8.5,
            0.40625,
            8.5625
          ],
          "tintindex": 0,
          "rotation": 0,
          "texture": "#0"
        }
      }
    },
    {
      "from": [
        7.984015,
        -6.8463097,
        7.953435
      ],
      "to": [
        8.015975,
        -6.153695,
        8.04657
      ],
      "faces": {
        "east": {
          "uv": [
            4.125,
            8.375,
            4.15625,
            8.5625
          ],
          "tintindex": 0,
          "rotation": 0,
          "texture": "#0"
        },
        "south": {
          "uv": [
            4.25,
            8.375,
            4.28125,
            8.5625
          ],
          "tintindex": 0,
          "rotation": 0,
          "texture": "#0"
        },
        "north": {
          "uv": [
            8.375,
            4.0,
            8.40625,
            4.1875
          ],
          "tintindex": 0,
          "rotation": 0,
          "texture": "#0"
        },
        "west": {
          "uv": [
            8.375,
            4.25,
            8.40625,
            4.4375
          ],
          "tintindex": 0,
          "rotation": 0,
          "texture": "#0"
        }
      },
      "rotation": {
        "origin": [
          8.0,
          -6.5,
          8.0
        ],
        "angle": 45.0,
        "axis": "x"
      }
    },
    {
      "from": [
        7.959985,
        -6.65536,
        7.62494
      ],
      "to": [
        8.040005,
        -6.3446445,
        7.737465
      ],
      "faces": {
        "east": {
          "uv": [
            0.5,
            8.5,
            0.53125,
            8.5625
          ],
          "tintindex": 0,
          "rotation": 0,
          "texture": "#0"
        },
        "south": {
          "uv": [
            8.5,
            0.5,
            8.53125,
            0.5625
          ],
          "tintindex": 0,
          "rotation": 0,
          "texture": "#0"
        },
        "north": {
          "uv": [
            8.5,
            0.375,
            8.53125,
            0.4375
          ],
          "tintindex": 0,
          "rotation": 0,
          "texture": "#0"
        },
        "west": {
          "uv": [
            0.625,
            8.5,
            0.65625,
            8.5625
          ],
          "tintindex": 0,
          "rotation": 0,
          "texture": "#0"
        }
      },
      "rotation": {
        "origin": [
          8.0,
          -6.5,
          8.0
        ],
        "angle": -45.0,
        "axis": "x"
      }
    },
    {
      "from": [
        7.959985,
        -6.65536,
        8.262545
      ],
      "to": [
        8.040005,
        -6.3446445,
        8.37506
      ],
      "faces": {
        "east": {
          "uv": [
            7.625,
            8.375,
            7.65625,
            8.4375
          ],
          "tintindex": 0,
          "rotation": 0,
          "texture": "#0"
        },
        "south": {
          "uv": [
            7.75,
            8.375,
            7.78125,
            8.4375
          ],
          "tintindex": 0,
          "rotation": 0,
          "texture": "#0"
        },
        "north": {
          "uv": [
            8.375,
            7.5,
            8.40625,
            7.5625
          ],
          "tintindex": 0,
          "rotation": 0,
          "texture": "#0"
        },
        "west": {
          "uv": [
            8.375,
            7.75,
            8.40625,
            7.8125
          ],
          "tintindex": 0,
          "rotation": 0,
          "texture": "#0"
        }
      }
    },
    {
      "from": [
        7.9337797,
        -6.7606897,
        8.18834
      ],
      "to": [
        8.249035,
        -6.69061,
        8.256695
      ],
      "faces": {
        "east": {
          "uv": [
            8.5,
            1.75,
            8.53125,
            1.78125
          ],
          "tintindex": 0,
          "rotation": 0,
          "texture": "#0"
        },
        "south": {
          "uv": [
            8.375,
            6.5,
            8.46875,
            6.53125
          ],
          "tintindex": 0,
          "rotation": 0,
          "texture": "#0"
        },
        "north": {
          "uv": [
            6.375,
            8.375,
            6.46875,
            8.40625
          ],
          "tintindex": 0,
          "rotation": 0,
          "texture": "#0"
        },
        "west": {
          "uv": [
            1.875,
            8.5,
            1.90625,
            8.53125
          ],
          "tintindex": 0,
          "rotation": 0,
          "texture": "#0"
        },
        "up": {
          "uv": [
            6.71875,
            8.40625,
            6.625,
            8.375
          ],
          "tintindex": 0,
          "rotation": 0,
          "texture": "#0"
        },
        "down": {
          "uv": [
            8.46875,
            6.625,
            8.375,
            6.65625
          ],
          "tintindex": 0,
          "rotation": 0,
          "texture": "#0"
        }
      },
      "rotation": {
        "origin": [
          7.84541,
          -6.72565,
          8.22252
        ],
        "angle": 45.0,
        "axis": "x"
      }
    },
    {
      "from": [
        7.959985,
        -6.23746,
        7.844645
      ],
      "to": [
        8.040005,
        -6.12494,
        8.155355
      ],
      "faces": {
        "east": {
          "uv": [
            8.375,
            7.25,
            8.4375,
            7.28125
          ],
          "tintindex": 0,
          "rotation": 0,
          "texture": "#0"
        },
        "west": {
          "uv": [
            7.375,
            8.375,
            7.4375,
            8.40625
          ],
          "tintindex": 0,
          "rotation": 0,