{
  "textures": {
    "0": "xq9rmjx80:tex/kjanzurh",
    "particle": "#0"
  },
  "elements": [
    {
      "from": [
        -1.8736324,
        -5.3202085,
        3.004839
      ],
      "to": [
        -0.54030037,
        -3.793169,
        3.286806
      ],
      "faces": {
        "west": {
          "uv": [
            2.9375,
            12.0625,
            3.0,
            12.375
          ],
          "tintindex": 0,
          "rotation": 0,
          "texture": "#0"
        }
      }
    },
    {
      "from": [
        -1.8736324,
        -4.5702085,
        2.1715055
      ],
      "to": [
        -0.54030037,
        -2.376502,
        3.0159726
      ],
      "faces": {
        "west": {
          "uv": [
            3.9375,
            11.5,
            4.125,
            11.9375
          ],
          "tintindex": 0,
          "rotation": 0,
          "texture": "#0"
        }
      }
    }
  ],
  "display": {
    "head": {
      "rotation": [
        1.7764663,
        -65.29751,
        -1.5112438
      ]
    },
    "firstperson_righthand": {
      "rotation": [
        1.7764663,
        -65.29751,
        -1.5112438
      ]
    },
    "thirdperson_lefthand": {
      "rotation": [
        1.7764663,
        65.29751,
        1.5112438
      ]
    },
    "firstperson_lefthand": {
      "rotation": [
        1.7764663,
        65.29751,
        1.5112438
      ]
    },
    "fixed": {
      "rotation": [
        1.7764663,
        -65.29751,
        -1.5112438
      ]
    },
    "ground": {
      "rotation": [
        1.7764663,
        -65.29751,
        -1.5112438
      ]
    },
    "thirdperson_righthand": {
      "rotation": [
        1.7764663,
        -65.29751,
        -1.5112438
      ]
    },
    "gui": {
      "rotation": [
        -150.79149,
        20.306187,
        177.14946
      ]
    }
  }
}