{
  "textures": {
    "0": "2thxh28ly:tex/8keh4rqr",
    "particle": "#0"
  },
  "elements": [
    {
      "from": [
        6.97513,
        8.84009,
        -10.715851
      ],
      "to": [
        9.02487,
        10.18913,
        -10.130211
      ],
      "faces": {
        "east": {
          "uv": [
            2.73684,
            14.947371,
            2.8421094,
            15.210531
          ],
          "tintindex": 0,
          "rotation": 0,
          "texture": "#0"
        },
        "south": {
          "uv": [
            12.0,
            13.263161,
            12.42105,
            13.52632
          ],
          "tintindex": 0,
          "rotation": 0,
          "texture": "#0"
        },
        "north": {
          "uv": [
            9.894741,
            13.263161,
            10.315789,
            13.52632
          ],
          "tintindex": 0,
          "rotation": 0,
          "texture": "#0"
        },
        "west": {
          "uv": [
            5.2631598,
            14.947371,
            5.368421,
            15.210531
          ],
          "tintindex": 0,
          "rotation": 0,
          "texture": "#0"
        },
        "up": {
          "uv": [
            2.73684,
            14.63158,
            2.3157895,
            14.52632
          ],
          "tintindex": 0,
          "rotation": 0,
          "texture": "#0"
        },
        "down": {
          "uv": [
            14.947371,
            2.3157895,
            14.52632,
            2.4210505
          ],
          "tintindex": 0,
          "rotation": 0,
          "texture": "#0"
        }
      }
    },
    {
      "from": [
        6.97513,
        9.34009,
        -10.715851
      ],
      "to": [
        9.02487,
        10.18913,
        -10.130211
      ],
      "faces": {
        "east": {
          "uv": [
            15.368422,
            2.52632,
            15.47368,
            2.6842105
          ],
          "tintindex": 0,
          "rotation": 0,
          "texture": "#0"
        },
        "south": {
          "uv": [
            1.0526295,
            14.105258,
            1.47368,
            14.26316
          ],
          "tintindex": 0,
          "rotation": 0,
          "texture": "#0"
        },
        "north": {
          "uv": [
            14.105258,
            0.8421095,
            14.52632,
            1.0
          ],
          "tintindex": 0,
          "rotation": 0,
          "texture": "#0"
        },
        "west": {
          "uv": [
            2.73684,
            15.368422,
            2.8421094,
            15.52632
          ],
          "tintindex": 0,
          "rotation": 0,
          "texture": "#0"
        },
        "up": {
          "uv": [
            3.368421,
            14.63158,
            2.9473705,
            14.52632
          ],
          "tintindex": 0,
          "rotation": 0,
          "texture": "#0"
        },
        "down": {
          "uv": [
            14.947371,
            2.9473705,
            14.52632,
            3.0526297
          ],
          "tintindex": 0,
          "rotation": 0,
          "texture": "#0"
        }
      },
      "rotation": {
        "origin": [
          8.0,
          9.76461,
          -10.423031
        ],
        "angle": 45.0,
        "axis": "z"
      }
    },
    {
      "from": [
        6.97513,
        8.84009,
        -10.715851
      ],
      "to": [
        9.02487,
        9.68913,
        -10.130211
      ],
      "faces": {
        "east": {
          "uv": [
            15.368422,
            1.6842105,
            15.47368,
            1.8421094
          ],
          "tintindex": 0,
          "rotation": 0,
          "texture": "#0"
        },
        "south": {
          "uv": [
            14.105258,
            0.21053053,
            14.52632,
            0.36842105
          ],
          "tintindex": 0,
          "rotation": 0,
          "texture": "#0"
        },
        "north": {
          "uv": [
            13.894742,
            13.894742,
            14.315789,
            14.05263
          ],
          "tintindex": 0,
          "rotation": 0,
          "texture": "#0"
        },
        "west": {
          "uv": [
            15.368422,
            1.894741,
            15.47368,
            2.0526295
          ],
          "tintindex": 0,
          "rotation": 0,
          "texture": "#0"
        },
        "up": {
          "uv": [
            1.894741,
            14.63158,
            1.47368,
            14.52632
          ],
          "tintindex": 0,
          "rotation": 0,
          "texture": "#0"
        },
        "down": {
          "uv": [
            2.3157895,
            14.52632,
            1.894741,
            14.63158
          ],
          "tintindex": 0,
          "rotation": 0,
          "texture": "#0"
        }
      },
      "rotation": {
        "origin": [
          8.0,
          9.26461,
          -10.423031
        ],
        "angle": 45.0,
        "axis": "z"
      }
    },
    {
      "from": [
        7.57548,
        8.23974,
        -10.715851
      ],
      "to": [
        8.42452,
        10.28948,
        -10.130211
      ],
      "faces": {
        "east": {
          "uv": [
            12.84211,
            14.315789,
            12.947371,
            14.73684
          ],
          "tintindex": 0,
          "rotation": 0,
          "texture": "#0"
        },
        "south": {
          "uv": [
            14.105258,
            0.42105052,
            14.26316,
            0.8421095
          ],
          "tintindex": 0,
          "rotation": 0,
          "texture": "#0"
        },
        "north": {
          "uv": [
            12.0,
            13.894742,
            12.157891,
            14.315789
          ],
          "tintindex": 0,
          "rotation": 0,
          "texture": "#0"
        },
        "west": {
          "uv": [
            0.21053053,
            14.52632,
            0.31578946,
            14.947371
          ],
          "tintindex": 0,
          "rotation": 0,
          "texture": "#0"
        },
        "up": {
          "uv": [
            15.52632,
            2.2105305,
            15.368422,
            2.105259
          ],
          "tintindex": 0,
          "rotation": 0,
          "texture": "#0"
        },
        "down": {
          "uv": [
            2.47368,
            15.368422,
            2.3157895,
            15.47368
          ],
          "tintindex": 0,
          "rotation": 0,
          "texture": "#0"
        }
      },
      "rotation": {
        "origin": [
          8.0,
          9.26461,
          -10.423031
        ],
        "angle": 45.0,
        "axis": "z"
      }
    },
    {
      "from": [
        7.57548,
        8.73974,
        -10.715851
      ],
      "to": [
        8.42452,
        10.78948,
        -10.130211
      ],
      "faces": {
        "east": {
          "uv": [
            14.52632,
            2.52632,
            14.63158,
            2.9473705
          ],
          "tintindex": 0,
          "rotation": 0,
          "texture": "#0"
        },
        "south": {
          "uv": [
            0.8421095,
            14.105258,
            1.0,
            14.52632
          ],
          "tintindex": 0,
          "rotation": 0,
          "texture": "#0"
        },
        "north": {
          "uv": [
            0.63158107,
            14.105258,
            0.7894695,
            14.52632
          ],
          "tintindex": 0,
          "rotation": 0,
          "texture": "#0"
        },
        "west": {
          "uv": [
            2.73684,
            14.52632,
            2.8421094,
            14.947371
          ],
          "tintindex": 0,
          "rotation": 0,
          "texture": "#0"
        },
        "up": {
          "uv": [
            15.52632,
            2.4210505,
            15.368422,
            2.3157895
          ],
          "tintindex": 0,