{
  "textures": {
    "0": "f6o7c9v5q:tex/i9tbmxa3",
    "particle": "#0"
  },
  "elements": [
    {
      "from": [
        7.72559,
        9.51149,
        6.20864
      ],
      "to": [
        8.56399,
        9.93331,
        7.39419
      ],
      "faces": {
        "east": {
          "uv": [
            0.8063,
            6.6563,
            1.025,
            6.8437
          ],
          "tintindex": 0,
          "rotation": 0,
          "texture": "#0"
        },
        "south": {
          "uv": [
            0.2438,
            6.6625,
            0.4625,
            6.7937
          ],
          "tintindex": 0,
          "rotation": 0,
          "texture": "#0"
        },
        "north": {
          "uv": [
            0.2438,
            6.6625,
            0.4625,
            6.7937
          ],
          "tintindex": 0,
          "rotation": 0,
          "texture": "#0"
        },
        "west": {
          "uv": [
            0.8063,
            6.6563,
            1.025,
            6.8437
          ],
          "tintindex": 0,
          "rotation": 0,
          "texture": "#0"
        },
        "up": {
          "uv": [
            0.63125,
            6.6562,
            0.75625,
            6.8437
          ],
          "tintindex": 0,
          "rotation": 180,
          "texture": "#0"
        },
        "down": {
          "uv": [
            0.8063,
            6.65625,
            1.025,
            6.8437
          ],
          "tintindex": 0,
          "rotation": 180,
          "texture": "#0"
        }
      }
    },
    {
      "from": [
        8.78631,
        9.5128,
        6.30072
      ],
      "to": [
        9.62471,
        9.932,
        7.13912
      ],
      "faces": {
        "east": {
          "uv": [
            0.2438,
            6.6625,
            0.4625,
            6.7937
          ],
          "tintindex": 0,
          "rotation": 0,
          "texture": "#0"
        },
        "south": {
          "uv": [
            0.0,
            15.0,
            2.0,
            16.0
          ],
          "tintindex": 0,
          "rotation": 0,
          "texture": "#0"
        },
        "north": {
          "uv": [
            0.24375,
            6.6625,
            0.4625,
            6.79375
          ],
          "tintindex": 0,
          "rotation": 0,
          "texture": "#0"
        },
        "west": {
          "uv": [
            0.0,
            15.0,
            2.0,
            16.0
          ],
          "tintindex": 0,
          "rotation": 0,
          "texture": "#0"
        },
        "up": {
          "uv": [
            0.5375,
            6.76245,
            0.6188,
            6.84375
          ],
          "tintindex": 0,
          "rotation": 180,
          "texture": "#0"
        },
        "down": {
          "uv": [
            0.8063,
            6.6563,
            1.025,
            6.8437
          ],
          "tintindex": 0,
          "rotation": 0,
          "texture": "#0"
        }
      },
      "rotation": {
        "origin": [
          8.78631,
          9.5128,
          5.9863205
        ],
        "angle": -45.0,
        "axis": "y"
      }
    },
    {
      "from": [
        7.94791,
        9.5128,
        6.30072
      ],
      "to": [
        8.78631,
        9.932,
        7.13912
      ],
      "faces": {
        "east": {
          "uv": [
            0.0,
            15.0,
            2.0,
            16.0
          ],
          "tintindex": 0,
          "rotation": 0,
          "texture": "#0"
        },
        "south": {
          "uv": [
            0.2438,
            6.6625,
            0.4625,
            6.7937
          ],
          "tintindex": 0,
          "rotation": 0,
          "texture": "#0"
        },
        "north": {
          "uv": [
            0.0,
            15.0,
            2.0,
            16.0
          ],
          "tintindex": 0,
          "rotation": 0,
          "texture": "#0"
        },
        "west": {
          "uv": [
            0.2438,
            6.6625,
            0.4625,
            6.7937
          ],
          "tintindex": 0,
          "rotation": 0,
          "texture": "#0"
        },
        "up": {
          "uv": [
            0.5375,
            6.65625,
            0.6188,
            6.7375
          ],
          "tintindex": 0,
          "rotation": 270,
          "texture": "#0"
        },
        "down": {
          "uv": [
            0.8063,
            6.6563,
            1.025,
            6.8437
          ],
          "tintindex": 0,
          "rotation": 0,
          "texture": "#0"
        }
      },
      "rotation": {
        "origin": [
          7.94791,
          9.5128,
          5.9863205
        ],
        "angle": -45.0,
        "axis": "y"
      }
    }
  ],
  "display": {
    "head": {
      "rotation": [
        0.0,
        0.0,
        0.0
      ]
    },
    "firstperson_righthand": {
      "rotation": [
        0.0,
        0.0,
        0.0
      ]
    },
    "thirdperson_lefthand": {
      "rotation": [
        0.0,
        -0.0,
        -0.0
      ]
    },
    "firstperson_lefthand": {
      "rotation": [
        0.0,
        -0.0,
        -0.0
      ]
    },
    "fixed": {
      "rotation": [
        0.0,
        0.0,
        0.0
      ]
    },
    "ground": {
      "rotation": [
        0.0,
        0.0,
        0.0
      ]
    },
    "thirdperson_righthand": {
      "rotation": [
        0.0,
        0.0,
        0.0
      ]
    },
    "gui": {
      "rotation": [
        -150.0,
        -45.0,
        180.0
      ]
    }
  }
}