{
  "textures": {
    "0": "2thxh28ly:tex/8keh4rqr",
    "particle": "#0"
  },
  "elements": [
    {
      "from": [
        7.7257,
        8.81392,
        -12.221769
      ],
      "to": [
        8.2743,
        10.13838,
        -11.64336
      ],
      "faces": {
        "east": {
          "uv": [
            14.947371,
            13.263161,
            15.05263,
            13.52632
          ],
          "tintindex": 0,
          "rotation": 0,
          "texture": "#0"
        },
        "south": {
          "uv": [
            13.894742,
            14.947371,
            14.0,
            15.210531
          ],
          "tintindex": 0,
          "rotation": 0,
          "texture": "#0"
        },
        "north": {
          "uv": [
            12.631581,
            14.947371,
            12.73684,
            15.210531
          ],
          "tintindex": 0,
          "rotation": 0,
          "texture": "#0"
        },
        "west": {
          "uv": [
            14.105258,
            14.947371,
            14.210531,
            15.210531
          ],
          "tintindex": 0,
          "rotation": 0,
          "texture": "#0"
        },
        "up": {
          "uv": [
            10.0,
            15.47368,
            9.894741,
            15.368422
          ],
          "tintindex": 0,
          "rotation": 0,
          "texture": "#0"
        },
        "down": {
          "uv": [
            10.21053,
            15.368422,
            10.105259,
            15.47368
          ],
          "tintindex": 0,
          "rotation": 0,
          "texture": "#0"
        }
      },
      "rotation": {
        "origin": [
          8.0,
          9.47615,
          -12.03256
        ],
        "angle": 45.0,
        "axis": "z"
      }
    },
    {
      "from": [
        7.33777,
        9.44185,
        -12.221769
      ],
      "to": [
        8.66223,
        9.99046,
        -11.64336
      ],
      "faces": {
        "east": {
          "uv": [
            15.368422,
            10.315789,
            15.47368,
            10.42105
          ],
          "tintindex": 0,
          "rotation": 0,
          "texture": "#0"
        },
        "south": {
          "uv": [
            15.15789,
            0.0,
            15.421051,
            0.10526105
          ],
          "tintindex": 0,
          "rotation": 0,
          "texture": "#0"
        },
        "north": {
          "uv": [
            14.947371,
            14.947371,
            15.210531,
            15.05263
          ],
          "tintindex": 0,
          "rotation": 0,
          "texture": "#0"
        },
        "west": {
          "uv": [
            10.5263195,
            15.368422,
            10.631581,
            15.47368
          ],
          "tintindex": 0,
          "rotation": 0,
          "texture": "#0"
        },
        "up": {
          "uv": [
            15.421051,
            0.31578946,
            15.15789,
            0.21053053
          ],
          "tintindex": 0,
          "rotation": 0,
          "texture": "#0"
        },
        "down": {
          "uv": [
            15.421051,
            0.42105052,
            15.15789,
            0.52632
          ],
          "tintindex": 0,
          "rotation": 0,
          "texture": "#0"
        }
      },
      "rotation": {
        "origin": [
          8.0,
          9.71615,
          -12.03256
        ],
        "angle": 45.0,
        "axis": "z"
      }
    },
    {
      "from": [
        7.7257,
        8.81392,
        -12.221769
      ],
      "to": [
        8.2743,
        10.37838,
        -11.64336
      ],
      "faces": {
        "east": {
          "uv": [
            11.368422,
            14.73684,
            11.4736805,
            15.05263
          ],
          "tintindex": 0,
          "rotation": 0,
          "texture": "#0"
        },
        "south": {
          "uv": [
            11.57895,
            14.73684,
            11.684211,
            15.05263
          ],
          "tintindex": 0,
          "rotation": 0,
          "texture": "#0"
        },
        "north": {
          "uv": [
            14.73684,
            9.684211,
            14.842111,
            10.0
          ],
          "tintindex": 0,
          "rotation": 0,
          "texture": "#0"
        },
        "west": {
          "uv": [
            11.78947,
            14.73684,
            11.894741,
            15.05263
          ],
          "tintindex": 0,
          "rotation": 0,
          "texture": "#0"
        },
        "up": {
          "uv": [
            15.47368,
            10.631581,
            15.368422,
            10.5263195
          ],
          "tintindex": 0,
          "rotation": 0,
          "texture": "#0"
        },
        "down": {
          "uv": [
            10.84211,
            15.368422,
            10.73684,
            15.47368
          ],
          "tintindex": 0,
          "rotation": 0,
          "texture": "#0"
        }
      }
    },
    {
      "from": [
        7.33777,
        9.20185,
        -12.221769
      ],
      "to": [
        8.66223,
        9.75046,
        -11.64336
      ],
      "faces": {
        "east": {
          "uv": [
            9.4736805,
            15.368422,
            9.57895,
            15.47368
          ],
          "tintindex": 0,
          "rotation": 0,
          "texture": "#0"
        },
        "south": {
          "uv": [
            10.5263195,
            14.947371,
            10.78947,
            15.05263
          ],
          "tintindex": 0,
          "rotation": 0,
          "texture": "#0"
        },
        "north": {
          "uv": [
            10.105259,
            14.947371,
            10.368422,
            15.05263
          ],
          "tintindex": 0,
          "rotation": 0,
          "texture": "#0"
        },
        "west": {
          "uv": [
            9.684211,
            15.368422,
            9.78947,
            15.47368
          ],
          "tintindex": 0,
          "rotation": 0,
          "texture": "#0"
        },
        "up": {
          "uv": [
            11.21053,
            15.05263,
            10.947371,
            14.947371
          ],
          "tintindex": 0,
          "rotation": 0,
          "texture": "#0"
        },
        "down": {
          "uv": [
            15.210531,
            11.368422,
            14.947371,
            11.4736805
          ],
          "tintindex": 0,
          "rotation": 0,
          "texture": "#0"
        }
      },
      "rotation": {
        "origin": [
          8.0,
          9.47615,
          -12.03256
        ],
        "angle": 45.0,
        "axis": "z"
      }
    },
    {
      "from": [
        7.33777,
        9.20185,
        -12.221769
      ],
      "to": [
        8.66223,
        9.99046,
        -11.64336
      ],
      "faces": {
        "east": {
          "uv": [
            15.368422,
            5.0526295,
            15.47368,
            5.2105303
          ],
          "tintindex": 0,
          "rotation": 0,
          "texture": "#0"
        },
        "south": {
          "uv": [
            14.52632,
            5.47368,
            14.789469,
            5.631581
          ],
          "tintindex": 0,
          "rotation": 0,
          "texture": "#0"
        },
        "north": {
          "uv": [
            14.52632,
            5.2631598,
            14.789469,
            5.4210505
          ],
          "tintindex": 0,
          "rotation": 0,
          "texture": "#0"
        },
        "west": {
          "uv": [
            5.2631598,
            15.368422,
            5.368421,
            15.52632
          ],
          "tintindex": 0,
          "rotation": 0,
          "texture": "#0"
        },
        "up": {
          "uv": [
            15.210531,
            11.684211,
            14.947371,
            11.57895
          ],
          "tintindex": 0,