{
  "textures": {
    "0": "i666ow1af:tex/oziz45ns",
    "particle": "#0"
  },
  "elements": [
    {
      "from": [
        6.8303204,
        13.43255,
        14.65944
      ],
      "to": [
        25.16968,
        13.85896,
        15.68886
      ],
      "faces": {
        "south": {
          "uv": [
            1.0,
            7.0,
            2.0,
            8.0
          ],
          "tintindex": 0,
          "rotation": 0,
          "texture": "#0"
        },
        "north": {
          "uv": [
            1.0,
            7.0,
            2.0,
            8.0
          ],
          "tintindex": 0,
          "rotation": 0,
          "texture": "#0"
        }
      }
    },
    {
      "from": [
        6.8303204,
        13.131041,
        14.96095
      ],
      "to": [
        25.16968,
        14.16047,
        15.38735
      ],
      "faces": {
        "up": {
          "uv": [
            1.0,
            7.0,
            2.0,
            8.0
          ],
          "tintindex": 0,
          "rotation": 0,
          "texture": "#0"
        },
        "down": {
          "uv": [
            1.0,
            7.0,
            2.0,
            8.0
          ],
          "tintindex": 0,
          "rotation": 0,
          "texture": "#0"
        }
      }
    },
    {
      "from": [
        6.8303204,
        13.131041,
        14.96095
      ],
      "to": [
        25.16968,
        14.16047,
        15.38735
      ],
      "faces": {
        "north": {
          "uv": [
            1.0,
            7.0,
            2.0,
            8.0
          ],
          "tintindex": 0,
          "rotation": 0,
          "texture": "#0"
        },
        "up": {
          "uv": [
            1.0,
            7.0,
            2.0,
            8.0
          ],
          "tintindex": 0,
          "rotation": 0,
          "texture": "#0"
        },
        "down": {
          "uv": [
            1.0,
            7.0,
            2.0,
            8.0
          ],
          "tintindex": 0,
          "rotation": 0,
          "texture": "#0"
        }
      },
      "rotation": {
        "origin": [
          16.0,
          13.645761,
          15.17415
        ],
        "angle": 45.0,
        "axis": "x"
      }
    },
    {
      "from": [
        6.8303204,
        13.131041,
        14.96095
      ],
      "to": [
        25.16968,
        14.16047,
        15.38735
      ],
      "faces": {
        "south": {
          "uv": [
            1.0,
            7.0,
            2.0,
            8.0
          ],
          "tintindex": 0,
          "rotation": 0,
          "texture": "#0"
        },
        "up": {
          "uv": [
            1.0,
            7.0,
            2.0,
            8.0
          ],
          "tintindex": 0,
          "rotation": 0,
          "texture": "#0"
        },
        "down": {
          "uv": [
            1.0,
            7.0,
            2.0,
            8.0
          ],
          "tintindex": 0,
          "rotation": 0,
          "texture": "#0"
        }
      },
      "rotation": {
        "origin": [
          16.0,
          13.645761,
          15.17415
        ],
        "angle": -45.0,
        "axis": "x"
      }
    }
  ],
  "display": {
    "head": {
      "rotation": [
        0.0,
        0.0,
        0.0
      ]
    },
    "firstperson_righthand": {
      "rotation": [
        0.0,
        0.0,
        0.0
      ]
    },
    "thirdperson_lefthand": {
      "rotation": [
        0.0,
        -0.0,
        -0.0
      ]
    },
    "firstperson_lefthand": {
      "rotation": [
        0.0,
        -0.0,
        -0.0
      ]
    },
    "fixed": {
      "rotation": [
        0.0,
        0.0,
        0.0
      ]
    },
    "ground": {
      "rotation": [
        0.0,
        0.0,
        0.0
      ]
    },
    "thirdperson_righthand": {
      "rotation": [
        0.0,
        0.0,
        0.0
      ]
    },
    "gui": {
      "rotation": [
        -150.0,
        -45.0,
        180.0
      ]
    }
  }
}