{
  "textures": {
    "0": "xq9rmjx80:tex/kjanzurh",
    "particle": "#0"
  },
  "elements": [
    {
      "from": [
        22.786222,
        -2.1548996,
        -0.3557911
      ],
      "to": [
        23.097076,
        -0.48823357,
        9.251176
      ],
      "faces": {
        "down": {
          "uv": [
            3.3125,
            11.125,
            3.25,
            12.9375
          ],
          "tintindex": 0,
          "rotation": 0,
          "texture": "#0"
        }
      }
    },
    {
      "from": [
        22.411222,
        -2.1548996,
        -0.18912506
      ],
      "to": [
        22.786222,
        -0.48823357,
        8.001176
      ],
      "faces": {
        "down": {
          "uv": [
            9.9375,
            11.25,
            9.875,
            12.8125
          ],
          "tintindex": 0,
          "rotation": 0,
          "texture": "#0"
        }
      }
    }
  ],
  "display": {
    "head": {
      "rotation": [
        47.801426,
        61.036762,
        1.3576401e-05
      ]
    },
    "firstperson_righthand": {
      "rotation": [
        47.801426,
        61.036762,
        1.3576401e-05
      ]
    },
    "thirdperson_lefthand": {
      "rotation": [
        47.801426,
        -61.036762,
        -1.3576401e-05
      ]
    },
    "firstperson_lefthand": {
      "rotation": [
        47.801426,
        -61.036762,
        -1.3576401e-05
      ]
    },
    "fixed": {
      "rotation": [
        47.801426,
        61.036762,
        1.3576401e-05
      ]
    },
    "ground": {
      "rotation": [
        47.801426,
        61.036762,
        1.3576401e-05
      ]
    },
    "thirdperson_righthand": {
      "rotation": [
        47.801426,
        61.036762,
        1.3576401e-05
      ]
    },
    "gui": {
      "rotation": [
        72.70706,
        -58.067352,
        82.05093
      ]
    }
  }
}