{
  "textures": {
    "0": "xq9rmjx80:tex/kjanzurh",
    "particle": "#0"
  },
  "elements": [
    {
      "from": [
        6.6665325,
        27.512253,
        4.8922014
      ],
      "to": [
        7.9998493,
        29.290482,
        6.0111217
      ],
      "faces": {
        "east": {
          "uv": [
            3.6875,
            11.75,
            3.875,
            12.0625
          ],
          "tintindex": 0,
          "rotation": 0,
          "texture": "#0"
        }
      }
    }
  ],
  "display": {
    "head": {
      "rotation": [
        135.97716,
        0.03619763,
        0.03498353
      ]
    },
    "firstperson_righthand": {
      "rotation": [
        135.97716,
        0.03619763,
        0.03498353
      ]
    },
    "thirdperson_lefthand": {
      "rotation": [
        135.97716,
        -0.03619763,
        -0.03498353
      ]
    },
    "firstperson_lefthand": {
      "rotation": [
        135.97716,
        -0.03619763,
        -0.03498353
      ]
    },
    "fixed": {
      "rotation": [
        135.97716,
        0.03619763,
        0.03498353
      ]
    },
    "ground": {
      "rotation": [
        135.97716,
        0.03619763,
        0.03498353
      ]
    },
    "thirdperson_righthand": {
      "rotation": [
        135.97716,
        0.03619763,
        0.03498353
      ]
    },
    "gui": {
      "rotation": [
        83.78507,
        30.531195,
        145.25
      ]
    }
  }
}