{
  "textures": {
    "0": "gwjritg0z:tex/qlh8hx27",
    "particle": "#0"
  },
  "elements": [
    {
      "from": [
        12.437124,
        8.008827,
        1.1142387
      ],
      "to": [
        15.937124,
        12.996326,
        8.314239
      ],
      "faces": {
        "east": {
          "uv": [
            1.40625,
            7.40625,
            1.84375,
            7.71875
          ],
          "tintindex": 0,
          "rotation": 0,
          "texture": "#0"
        },
        "up": {
          "uv": [
            4.71875,
            8.1875,
            4.5,
            7.75
          ],
          "tintindex": 0,
          "rotation": 0,
          "texture": "#0"
        }
      }
    }
  ],
  "display": {
    "head": {
      "rotation": [
        10.2999935,
        -38.749996,
        -6.8675e-06
      ]
    },
    "firstperson_righthand": {
      "rotation": [
        10.2999935,
        -38.749996,
        -6.8675e-06
      ]
    },
    "thirdperson_lefthand": {
      "rotation": [
        10.2999935,
        38.749996,
        6.8675e-06
      ]
    },
    "firstperson_lefthand": {
      "rotation": [
        10.2999935,
        38.749996,
        6.8675e-06
      ]
    },
    "fixed": {
      "rotation": [
        10.2999935,
        -38.749996,
        -6.8675e-06
      ]
    },
    "ground": {
      "rotation": [
        10.2999935,
        -38.749996,
        -6.8675e-06
      ]
    },
    "thirdperson_righthand": {
      "rotation": [
        10.2999935,
        -38.749996,
        -6.8675e-06
      ]
    },
    "gui": {
      "rotation": [
        -158.05637,
        -5.7380276,
        172.69975
      ]
    }
  }
}