{
  "textures": {
    "0": "xq9rmjx80:tex/kjanzurh",
    "particle": "#0"
  },
  "elements": [
    {
      "from": [
        1.9113579,
        21.528263,
        20.835196
      ],
      "to": [
        8.4875345,
        23.492542,
        23.17698
      ],
      "faces": {
        "up": {
          "uv": [
            11.0625,
            6.8125,
            9.8125,
            6.375
          ],
          "tintindex": 0,
          "rotation": 0,
          "texture": "#0"
        }
      }
    }
  ],
  "display": {
    "head": {
      "rotation": [
        9.738446,
        21.947979,
        0.10074473
      ]
    },
    "firstperson_righthand": {
      "rotation": [
        9.738446,
        21.947979,
        0.10074473
      ]
    },
    "thirdperson_lefthand": {
      "rotation": [
        9.738446,
        -21.947979,
        -0.10074473
      ]
    },
    "firstperson_lefthand": {
      "rotation": [
        9.738446,
        -21.947979,
        -0.10074473
      ]
    },
    "fixed": {
      "rotation": [
        9.738446,
        21.947979,
        0.10074473
      ]
    },
    "ground": {
      "rotation": [
        9.738446,
        21.947979,
        0.10074473
      ]
    },
    "thirdperson_righthand": {
      "rotation": [
        9.738446,
        21.947979,
        0.10074473
      ]
    },
    "gui": {
      "rotation": [
        -172.32236,
        -65.60212,
        163.26929
      ]
    }
  }
}