{
  "textures": {
    "0": "gwjritg0z:tex/qlh8hx27",
    "particle": "#0"
  },
  "elements": [
    {
      "from": [
        5.768079,
        8.025,
        -3.0048103
      ],
      "to": [
        10.268078,
        12.975,
        2.4951892
      ],
      "faces": {
        "north": {
          "uv": [
            5.0625,
            7.78125,
            5.34375,
            8.09375
          ],
          "tintindex": 0,
          "rotation": 0,
          "texture": "#0"
        },
        "up": {
          "uv": [
            6.53125,
            8.09375,
            6.25,
            7.75
          ],
          "tintindex": 0,
          "rotation": 0,
          "texture": "#0"
        },
        "down": {
          "uv": [
            7.25,
            7.75,
            6.96875,
            8.09375
          ],
          "tintindex": 0,
          "rotation": 0,
          "texture": "#0"
        }
      }
    },
    {
      "from": [
        6.768079,
        13.0,
        -4.0048103
      ],
      "to": [
        7.268079,
        15.0,
        -3.5048103
      ],
      "faces": {
        "east": {
          "uv": [
            5.6875,
            8.65625,
            5.71875,
            8.78125
          ],
          "tintindex": 0,
          "rotation": 0,
          "texture": "#0"
        },
        "south": {
          "uv": [
            8.46875,
            7.5625,
            8.5,
            7.6875
          ],
          "tintindex": 0,
          "rotation": 0,
          "texture": "#0"
        },
        "north": {
          "uv": [
            2.40625,
            7.09375,
            2.4375,
            7.21875
          ],
          "tintindex": 0,
          "rotation": 0,
          "texture": "#0"
        },
        "west": {
          "uv": [
            8.09375,
            1.4375,
            8.125,
            1.5625
          ],
          "tintindex": 0,
          "rotation": 0,
          "texture": "#0"
        },
        "up": {
          "uv": [
            9.15625,
            4.5625,
            9.125,
            4.53125
          ],
          "tintindex": 0,
          "rotation": 0,
          "texture": "#0"
        }
      }
    },
    {
      "from": [
        6.943079,
        15.0,
        -3.8298092
      ],
      "to": [
        7.0930786,
        28.0,
        -3.6798086
      ],
      "faces": {
        "east": {
          "uv": [
            1.375,
            8.71875,
            1.40625,
            9.53125
          ],
          "tintindex": 0,
          "rotation": 0,
          "texture": "#0"
        },
        "south": {
          "uv": [
            4.40625,
            8.875,
            4.4375,
            9.6875
          ],
          "tintindex": 0,
          "rotation": 0,
          "texture": "#0"
        },
        "north": {
          "uv": [
            2.125,
            8.6875,
            2.15625,
            9.5
          ],
          "tintindex": 0,
          "rotation": 0,
          "texture": "#0"
        },
        "west": {
          "uv": [
            5.25,
            8.875,
            5.28125,
            9.6875
          ],
          "tintindex": 0,
          "rotation": 0,
          "texture": "#0"
        },
        "up": {
          "uv": [
            8.28125,
            9.15625,
            8.25,
            9.125
          ],
          "tintindex": 0,
          "rotation": 0,
          "texture": "#0"
        }
      }
    },
    {
      "from": [
        6.268079,
        12.0,
        -4.5048103
      ],
      "to": [
        7.768079,
        13.0,
        -3.0048103
      ],
      "faces": {
        "east": {
          "uv": [
            8.6875,
            8.21875,
            8.78125,
            8.28125
          ],
          "tintindex": 0,
          "rotation": 0,
          "texture": "#0"
        },
        "north": {
          "uv": [
            2.59375,
            8.125,
            2.6875,
            8.1875
          ],
          "tintindex": 0,
          "rotation": 0,
          "texture": "#0"
        },
        "west": {
          "uv": [
            4.0625,
            9.375,
            4.15625,
            9.4375
          ],
          "tintindex": 0,
          "rotation": 0,
          "texture": "#0"
        },
        "up": {
          "uv": [
            9.4375,
            3.78125,
            9.34375,
            3.6875
          ],
          "tintindex": 0,
          "rotation": 0,
          "texture": "#0"
        },
        "down": {
          "uv": [
            9.4375,
            3.8125,
            9.34375,
            3.90625
          ],
          "tintindex": 0,
          "rotation": 0,
          "texture": "#0"
        }
      }
    }
  ],
  "display": {
    "head": {
      "rotation": [
        -0.0,
        32.5,
        -0.0
      ]
    },
    "firstperson_righthand": {
      "rotation": [
        -0.0,
        32.5,
        -0.0
      ]
    },
    "thirdperson_lefthand": {
      "rotation": [
        -0.0,
        -32.5,
        0.0
      ]
    },
    "firstperson_lefthand": {
      "rotation": [
        -0.0,
        -32.5,
        0.0
      ]
    },
    "fixed": {
      "rotation": [
        -0.0,
        32.5,
        -0.0
      ]
    },
    "ground": {
      "rotation": [
        -0.0,
        32.5,
        -0.0
      ]
    },
    "thirdperson_righthand": {
      "rotation": [
        -0.0,
        32.5,
        -0.0
      ]
    },
    "gui": {
      "rotation": [
        -150.0,
        -77.5,
        -180.0
      ]
    }
  }
}