{
  "textures": {
    "0": "i666ow1af:tex/fihmpucz",
    "particle": "#0"
  },
  "elements": [
    {
      "from": [
        2.5249996,
        0.9250002,
        5.174999
      ],
      "to": [
        5.4750004,
        15.075,
        10.825001
      ],
      "faces": {
        "east": {
          "uv": [
            1.75,
            12.90625,
            1.9375,
            13.34375
          ],
          "tintindex": 0,
          "rotation": 0,
          "texture": "#0"
        },
        "south": {
          "uv": [
            0.0,
            0.0,
            0.0921875,
            0.4421875
          ],
          "tintindex": 0,
          "rotation": 0,
          "texture": "#0"
        },
        "north": {
          "uv": [
            0.0,
            0.0,
            0.0921875,
            0.4421875
          ],
          "tintindex": 0,
          "rotation": 0,
          "texture": "#0"
        },
        "west": {
          "uv": [
            1.96875,
            12.90625,
            2.15625,
            13.34375
          ],
          "tintindex": 0,
          "rotation": 0,
          "texture": "#0"
        },
        "up": {
          "uv": [
            5.375,
            12.4375,
            5.28125,
            12.25
          ],
          "tintindex": 0,
          "rotation": 0,
          "texture": "#0"
        },
        "down": {
          "uv": [
            5.375,
            12.46875,
            5.28125,
            12.65625
          ],
          "tintindex": 0,
          "rotation": 0,
          "texture": "#0"
        }
      },
      "rotation": {
        "origin": [
          4.0,
          8.0,
          8.0
        ],
        "angle": -45.0,
        "axis": "x"
      }
    },
    {
      "from": [
        2.5249996,
        0.9250002,
        5.174999
      ],
      "to": [
        5.4750004,
        15.075,
        10.825001
      ],
      "faces": {
        "east": {
          "uv": [
            0.875,
            12.90625,
            1.0625,
            13.34375
          ],
          "tintindex": 0,
          "rotation": 0,
          "texture": "#0"
        },
        "south": {
          "uv": [
            0.0,
            0.0,
            0.0921875,
            0.4421875
          ],
          "tintindex": 0,
          "rotation": 0,
          "texture": "#0"
        },
        "north": {
          "uv": [
            0.0,
            0.0,
            0.0921875,
            0.4421875
          ],
          "tintindex": 0,
          "rotation": 0,
          "texture": "#0"
        },
        "west": {
          "uv": [
            1.09375,
            12.90625,
            1.28125,
            13.34375
          ],
          "tintindex": 0,
          "rotation": 0,
          "texture": "#0"
        },
        "up": {
          "uv": [
            5.375,
            11.5625,
            5.28125,
            11.375
          ],
          "tintindex": 0,
          "rotation": 0,
          "texture": "#0"
        },
        "down": {
          "uv": [
            5.375,
            11.59375,
            5.28125,
            11.78125
          ],
          "tintindex": 0,
          "rotation": 0,
          "texture": "#0"
        }
      },
      "rotation": {
        "origin": [
          4.0,
          8.0,
          8.0
        ],
        "angle": 45.0,
        "axis": "x"
      }
    },
    {
      "from": [
        2.4750004,
        1.0,
        5.0
      ],
      "to": [
        5.5250015,
        15.0,
        11.0
      ],
      "faces": {
        "east": {
          "uv": [
            2.1875,
            12.90625,
            2.375,
            13.34375
          ],
          "tintindex": 0,
          "rotation": 0,
          "texture": "#0"
        },
        "west": {
          "uv": [
            2.40625,
            12.90625,
            2.59375,
            13.34375
          ],
          "tintindex": 0,
          "rotation": 0,
          "texture": "#0"
        },
        "up": {
          "uv": [
            5.375,
            12.875,
            5.28125,
            12.6875
          ],
          "tintindex": 0,
          "rotation": 0,
          "texture": "#0"
        },
        "down": {
          "uv": [
            5.375,
            12.90625,
            5.28125,
            13.09375
          ],
          "tintindex": 0,
          "rotation": 0,
          "texture": "#0"
        }
      }
    },
    {
      "from": [
        2.5,
        5.0,
        1.0
      ],
      "to": [
        5.5,
        11.0,
        15.0
      ],
      "faces": {
        "east": {
          "uv": [
            1.3125,
            12.90625,
            1.5,
            13.34375
          ],
          "tintindex": 0,
          "rotation": 270,
          "texture": "#0"
        },
        "south": {
          "uv": [
            5.375,
            12.0,
            5.28125,
            11.8125
          ],
          "tintindex": 0,
          "rotation": 0,
          "texture": "#0"
        },
        "north": {
          "uv": [
            5.375,
            12.03125,
            5.28125,
            12.21875
          ],
          "tintindex": 0,
          "rotation": 180,
          "texture": "#0"
        },
        "west": {
          "uv": [
            1.53125,
            12.90625,
            1.71875,
            13.34375
          ],
          "tintindex": 0,
          "rotation": 90,
          "texture": "#0"
        }
      }
    }
  ],
  "display": {
    "head": {
      "rotation": [
        0.0,
        0.0,
        0.0
      ]
    },
    "firstperson_righthand": {
      "rotation": [
        0.0,
        0.0,
        0.0
      ]
    },
    "thirdperson_lefthand": {
      "rotation": [
        0.0,
        -0.0,
        -0.0
      ]
    },
    "firstperson_lefthand": {
      "rotation": [
        0.0,
        -0.0,
        -0.0
      ]
    },
    "fixed": {
      "rotation": [
        0.0,
        0.0,
        0.0
      ]
    },
    "ground": {
      "rotation": [
        0.0,
        0.0,
        0.0
      ]
    },
    "thirdperson_righthand": {
      "rotation": [
        0.0,
        0.0,
        0.0
      ]
    },
    "gui": {
      "rotation": [
        -150.0,
        -45.0,
        180.0
      ]
    }
  }
}