{
  "textures": {
    "1": "2thxh28ly:tex/stw20385",
    "particle": "#1"
  },
  "elements": [
    {
      "from": [
        8.47851,
        4.39797,
        8.56418
      ],
      "to": [
        9.60351,
        4.84797,
        14.18918
      ],
      "faces": {
        "south": {
          "uv": [
            12.0,
            0.0,
            13.0,
            1.0
          ],
          "tintindex": 0,
          "rotation": 0,
          "texture": "#1"
        },
        "north": {
          "uv": [
            12.0,
            0.0,
            13.0,
            1.0
          ],
          "tintindex": 0,
          "rotation": 0,
          "texture": "#1"
        },
        "west": {
          "uv": [
            12.0,
            0.0,
            13.0,
            1.0
          ],
          "tintindex": 0,
          "rotation": 0,
          "texture": "#1"
        },
        "up": {
          "uv": [
            12.0,
            0.0,
            13.0,
            1.0
          ],
          "tintindex": 0,
          "rotation": 0,
          "texture": "#1"
        }
      },
      "rotation": {
        "origin": [
          16.35351,
          11.59797,
          15.98918
        ],
        "angle": -22.5,
        "axis": "z"
      }
    },
    {
      "from": [
        6.32264,
        7.50967,
        8.56418
      ],
      "to": [
        8.34764,
        7.95967,
        14.18918
      ],
      "faces": {
        "east": {
          "uv": [
            12.0,
            0.0,
            13.0,
            1.0
          ],
          "tintindex": 0,
          "rotation": 0,
          "texture": "#1"
        },
        "south": {
          "uv": [
            12.0,
            0.0,
            13.0,
            1.0
          ],
          "tintindex": 0,
          "rotation": 0,
          "texture": "#1"
        },
        "west": {
          "uv": [
            12.0,
            0.0,
            13.0,
            1.0
          ],
          "tintindex": 0,
          "rotation": 0,
          "texture": "#1"
        },
        "down": {
          "uv": [
            12.0,
            0.0,
            13.0,
            1.0
          ],
          "tintindex": 0,
          "rotation": 0,
          "texture": "#1"
        }
      }
    },
    {
      "from": [
        6.32264,
        4.89512,
        8.88345
      ],
      "to": [
        8.34764,
        5.34512,
        10.90845
      ],
      "faces": {
        "east": {
          "uv": [
            12.0,
            0.0,
            13.0,
            1.0
          ],
          "tintindex": 0,
          "rotation": 0,
          "texture": "#1"
        },
        "west": {
          "uv": [
            12.0,
            0.0,
            13.0,
            1.0
          ],
          "tintindex": 0,
          "rotation": 0,
          "texture": "#1"
        },
        "up": {
          "uv": [
            12.0,
            0.0,
            13.0,
            1.0
          ],
          "tintindex": 0,
          "rotation": 0,
          "texture": "#1"
        },
        "down": {
          "uv": [
            12.0,
            0.0,
            13.0,
            1.0
          ],
          "tintindex": 0,
          "rotation": 0,
          "texture": "#1"
        }
      },
      "rotation": {
        "origin": [
          14.197639,
          12.09512,
          16.308449
        ],
        "angle": 22.5,
        "axis": "x"
      }
    },
    {
      "from": [
        3.9535098,
        9.99472,
        8.56418
      ],
      "to": [
        5.0785103,
        10.44472,
        14.18918
      ],
      "faces": {
        "east": {
          "uv": [
            12.0,
            0.0,
            13.0,
            1.0
          ],
          "tintindex": 0,
          "rotation": 0,
          "texture": "#1"
        },
        "south": {
          "uv": [
            12.0,
            0.0,
            13.0,
            1.0
          ],
          "tintindex": 0,
          "rotation": 0,
          "texture": "#1"
        },
        "north": {
          "uv": [
            12.0,
            0.0,
            13.0,
            1.0
          ],
          "tintindex": 0,
          "rotation": 0,
          "texture": "#1"
        },
        "up": {
          "uv": [
            12.0,
            0.0,
            13.0,
            1.0
          ],
          "tintindex": 0,
          "rotation": 0,
          "texture": "#1"
        },
        "down": {
          "uv": [
            12.0,
            0.0,
            13.0,
            1.0
          ],
          "tintindex": 0,
          "rotation": 0,
          "texture": "#1"
        }
      },
      "rotation": {
        "origin": [
          11.82851,
          17.19472,
          15.98918
        ],
        "angle": 22.5,
        "axis": "z"
      }
    },
    {
      "from": [
        6.32264,
        8.25035,
        4.84053
      ],
      "to": [
        8.34764,
        8.70035,
        6.86553
      ],
      "faces": {
        "east": {
          "uv": [
            12.0,
            0.0,
            13.0,
            1.0
          ],
          "tintindex": 0,
          "rotation": 0,
          "texture": "#1"
        },
        "north": {
          "uv": [
            12.0,
            0.0,
            13.0,
            1.0
          ],
          "tintindex": 0,
          "rotation": 0,
          "texture": "#1"
        },
        "west": {
          "uv": [
            12.0,
            0.0,
            13.0,
            1.0
          ],
          "tintindex": 0,
          "rotation": 0,
          "texture": "#1"
        },
        "up": {
          "uv": [
            12.0,
            0.0,
            13.0,
            1.0
          ],
          "tintindex": 0,
          "rotation": 0,
          "texture": "#1"
        },
        "down": {
          "uv": [
            12.0,
            0.0,
            13.0,
            1.0
          ],
          "tintindex": 0,
          "rotation": 0,
          "texture": "#1"
        }
      }
    }
  ],
  "display": {
    "head": {
      "rotation": [
        0.0,
        0.0,
        0.0
      ]
    },
    "firstperson_righthand": {
      "rotation": [
        0.0,
        0.0,
        0.0
      ]
    },
    "thirdperson_lefthand": {
      "rotation": [
        0.0,
        -0.0,
        -0.0
      ]
    },
    "firstperson_lefthand": {
      "rotation": [
        0.0,
        -0.0,
        -0.0
      ]
    },
    "fixed": {
      "rotation": [
        0.0,
        0.0,
        0.0
      ]
    },
    "ground": {
      "rotation": [
        0.0,
        0.0,
        0.0
      ]
    },
    "thirdperson_righthand": {
      "rotation": [
        0.0,
        0.0,
        0.0
      ]
    },
    "gui": {
      "rotation": [
        -150.0,
        -45.0,
        180.0
      ]
    }
  }
}