{
  "textures": {
    "0": "gwjritg0z:tex/qlh8hx27",
    "particle": "#0"
  },
  "elements": [
    {
      "from": [
        -4.8143616,
        17.939274,
        14.665762
      ],
      "to": [
        -3.4893627,
        19.264273,
        18.832428
      ],
      "faces": {
        "west": {
          "uv": [
            8.34375,
            2.1875,
            8.75,
            2.3125
          ],
          "tintindex": 0,
          "rotation": 0,
          "texture": "#0"
        },
        "up": {
          "uv": [
            1.4375,
            8.6875,
            1.3125,
            8.28125
          ],
          "tintindex": 0,
          "rotation": 0,
          "texture": "#0"
        }
      }
    }
  ],
  "display": {
    "head": {
      "rotation": [
        17.499998,
        18.750002,
        6.771307e-07
      ]
    },
    "firstperson_righthand": {
      "rotation": [
        17.499998,
        18.750002,
        6.771307e-07
      ]
    },
    "thirdperson_lefthand": {
      "rotation": [
        17.499998,
        -18.750002,
        -6.771307e-07
      ]
    },
    "firstperson_lefthand": {
      "rotation": [
        17.499998,
        -18.750002,
        -6.771307e-07
      ]
    },
    "fixed": {
      "rotation": [
        17.499998,
        18.750002,
        6.771307e-07
      ]
    },
    "ground": {
      "rotation": [
        17.499998,
        18.750002,
        6.771307e-07
      ]
    },
    "thirdperson_righthand": {
      "rotation": [
        17.499998,
        18.750002,
        6.771307e-07
      ]
    },
    "gui": {
      "rotation": [
        175.30463,
        -59.98363,
        154.84605
      ]
    }
  }
}