{
  "textures": {
    "0": "xq9rmjx80:tex/kjanzurh",
    "particle": "#0"
  },
  "elements": [
    {
      "from": [
        8.000151,
        27.512253,
        4.8922014
      ],
      "to": [
        9.3334675,
        29.290482,
        6.0111217
      ],
      "faces": {
        "west": {
          "uv": [
            1.1875,
            11.8125,
            1.375,
            12.125
          ],
          "tintindex": 0,
          "rotation": 0,
          "texture": "#0"
        }
      }
    }
  ],
  "display": {
    "head": {
      "rotation": [
        135.97716,
        -0.03619763,
        -0.03498353
      ]
    },
    "firstperson_righthand": {
      "rotation": [
        135.97716,
        -0.03619763,
        -0.03498353
      ]
    },
    "thirdperson_lefthand": {
      "rotation": [
        135.97716,
        0.03619763,
        0.03498353
      ]
    },
    "firstperson_lefthand": {
      "rotation": [
        135.97716,
        0.03619763,
        0.03498353
      ]
    },
    "fixed": {
      "rotation": [
        135.97716,
        -0.03619763,
        -0.03498353
      ]
    },
    "ground": {
      "rotation": [
        135.97716,
        -0.03619763,
        -0.03498353
      ]
    },
    "thirdperson_righthand": {
      "rotation": [
        135.97716,
        -0.03619763,
        -0.03498353
      ]
    },
    "gui": {
      "rotation": [
        83.83305,
        30.590643,
        145.15564
      ]
    }
  }
}