{
  "textures": {
    "0": "xq9rmjx80:tex/kjanzurh",
    "particle": "#0"
  },
  "elements": [
    {
      "from": [
        6.7649016,
        -5.0544605,
        -3.2562056
      ],
      "to": [
        8.098235,
        5.605707,
        -2.8839455
      ],
      "faces": {
        "east": {
          "uv": [
            7.25,
            10.8125,
            7.3125,
            12.8125
          ],
          "tintindex": 0,
          "rotation": 0,
          "texture": "#0"
        }
      }
    }
  ],
  "display": {
    "head": {
      "rotation": [
        1.7728442,
        0.5503122,
        -0.0016562652
      ]
    },
    "firstperson_righthand": {
      "rotation": [
        1.7728442,
        0.5503122,
        -0.0016562652
      ]
    },
    "thirdperson_lefthand": {
      "rotation": [
        1.7728442,
        -0.5503122,
        0.0016562652
      ]
    },
    "firstperson_lefthand": {
      "rotation": [
        1.7728442,
        -0.5503122,
        0.0016562652
      ]
    },
    "fixed": {
      "rotation": [
        1.7728442,
        0.5503122,
        -0.0016562652
      ]
    },
    "ground": {
      "rotation": [
        1.7728442,
        0.5503122,
        -0.0016562652
      ]
    },
    "thirdperson_righthand": {
      "rotation": [
        1.7728442,
        0.5503122,
        -0.0016562652
      ]
    },
    "gui": {
      "rotation": [
        -152.53067,
        -45.52263,
        178.2091
      ]
    }
  }
}