{
  "textures": {
    "6": "gwjritg0z:tex/rgbchkdy",
    "particle": "#6"
  },
  "elements": [
    {
      "from": [
        7.0249996,
        0.5749998,
        4.825
      ],
      "to": [
        8.975,
        15.425,
        11.175
      ],
      "faces": {
        "east": {
          "uv": [
            9.96875,
            13.15625,
            10.15625,
            13.625
          ],
          "tintindex": 0,
          "rotation": 0,
          "texture": "#6"
        },
        "west": {
          "uv": [
            10.1875,
            13.15625,
            10.375,
            13.625
          ],
          "tintindex": 0,
          "rotation": 0,
          "texture": "#6"
        },
        "up": {
          "uv": [
            15.34375,
            13.59375,
            15.28125,
            13.40625
          ],
          "tintindex": 0,
          "rotation": 0,
          "texture": "#6"
        },
        "down": {
          "uv": [
            15.34375,
            13.625,
            15.28125,
            13.8125
          ],
          "tintindex": 0,
          "rotation": 0,
          "texture": "#6"
        }
      },
      "rotation": {
        "origin": [
          8.0,
          8.0,
          8.0
        ],
        "angle": -45.0,
        "axis": "x"
      }
    },
    {
      "from": [
        6.9750004,
        0.5,
        0.5
      ],
      "to": [
        9.025,
        15.5,
        15.5
      ],
      "faces": {
        "east": {
          "uv": [
            10.03125,
            9.40625,
            10.5,
            9.875
          ],
          "tintindex": 0,
          "rotation": 0,
          "texture": "#6"
        },
        "west": {
          "uv": [
            10.03125,
            9.90625,
            10.5,
            10.375
          ],
          "tintindex": 0,
          "rotation": 0,
          "texture": "#6"
        }
      }
    },
    {
      "from": [
        7.0249996,
        0.5749998,
        4.825
      ],
      "to": [
        8.975,
        15.425,
        11.175
      ],
      "faces": {
        "east": {
          "uv": [
            9.53125,
            13.15625,
            9.71875,
            13.625
          ],
          "tintindex": 0,
          "rotation": 0,
          "texture": "#6"
        },
        "west": {
          "uv": [
            9.75,
            13.15625,
            9.9375,
            13.625
          ],
          "tintindex": 0,
          "rotation": 0,
          "texture": "#6"
        },
        "up": {
          "uv": [
            10.34375,
            15.34375,
            10.28125,
            15.15625
          ],
          "tintindex": 0,
          "rotation": 0,
          "texture": "#6"
        },
        "down": {
          "uv": [
            10.4375,
            15.15625,
            10.375,
            15.34375
          ],
          "tintindex": 0,
          "rotation": 0,
          "texture": "#6"
        }
      },
      "rotation": {
        "origin": [
          8.0,
          8.0,
          8.0
        ],
        "angle": 45.0,
        "axis": "x"
      }
    },
    {
      "from": [
        7.0,
        5.0,
        0.5
      ],
      "to": [
        9.0,
        11.0,
        15.5
      ],
      "faces": {
        "east": {
          "uv": [
            12.9375,
            13.03125,
            13.125,
            13.5
          ],
          "tintindex": 0,
          "rotation": 270,
          "texture": "#6"
        },
        "south": {
          "uv": [
            10.15625,
            15.34375,
            10.09375,
            15.15625
          ],
          "tintindex": 0,
          "rotation": 0,
          "texture": "#6"
        },
        "north": {
          "uv": [
            10.25,
            15.15625,
            10.1875,
            15.34375
          ],
          "tintindex": 0,
          "rotation": 180,
          "texture": "#6"
        },
        "west": {
          "uv": [
            13.15625,
            13.03125,
            13.34375,
            13.5
          ],
          "tintindex": 0,
          "rotation": 90,
          "texture": "#6"
        }
      }
    },
    {
      "from": [
        7.0,
        0.5,
        5.0
      ],
      "to": [
        9.0,
        15.5,
        11.0
      ],
      "faces": {
        "east": {
          "uv": [
            10.40625,
            13.15625,
            10.59375,
            13.625
          ],
          "tintindex": 0,
          "rotation": 0,
          "texture": "#6"
        },
        "west": {
          "uv": [
            10.625,
            13.15625,
            10.8125,
            13.625
          ],
          "tintindex": 0,
          "rotation": 0,
          "texture": "#6"
        },
        "up": {
          "uv": [
            15.34375,
            14.03125,
            15.28125,
            13.84375
          ],
          "tintindex": 0,
          "rotation": 0,
          "texture": "#6"
        },
        "down": {
          "uv": [
            15.34375,
            14.0625,
            15.28125,
            14.25
          ],
          "tintindex": 0,
          "rotation": 0,
          "texture": "#6"
        }
      }
    }
  ],
  "display": {
    "head": {
      "rotation": [
        0.0,
        0.0,
        0.0
      ]
    },
    "firstperson_righthand": {
      "rotation": [
        0.0,
        0.0,
        0.0
      ]
    },
    "thirdperson_lefthand": {
      "rotation": [
        0.0,
        -0.0,
        -0.0
      ]
    },
    "firstperson_lefthand": {
      "rotation": [
        0.0,
        -0.0,
        -0.0
      ]
    },
    "fixed": {
      "rotation": [
        0.0,
        0.0,
        0.0
      ]
    },
    "ground": {
      "rotation": [
        0.0,
        0.0,
        0.0
      ]
    },
    "thirdperson_righthand": {
      "rotation": [
        0.0,
        0.0,
        0.0
      ]
    },
    "gui": {
      "rotation": [
        -150.0,
        -45.0,
        180.0
      ]
    }
  }
}