{
  "textures": {
    "1": "2thxh28ly:tex/stw20385",
    "particle": "#1"
  },
  "elements": [
    {
      "from": [
        5.3551397,
        5.07423,
        5.65053
      ],
      "to": [
        9.31514,
        5.39647,
        7.2705297
      ],
      "faces": {
        "east": {
          "uv": [
            12.0,
            0.0,
            13.0,
            1.0
          ],
          "tintindex": 0,
          "rotation": 270,
          "texture": "#1"
        },
        "south": {
          "uv": [
            12.0,
            0.0,
            13.0,
            1.0
          ],
          "tintindex": 0,
          "rotation": 270,
          "texture": "#1"
        },
        "north": {
          "uv": [
            12.0,
            0.0,
            13.0,
            1.0
          ],
          "tintindex": 0,
          "rotation": 270,
          "texture": "#1"
        },
        "west": {
          "uv": [
            12.0,
            0.0,
            13.0,
            1.0
          ],
          "tintindex": 0,
          "rotation": 270,
          "texture": "#1"
        }
      }
    },
    {
      "from": [
        5.3551397,
        5.07423,
        5.65053
      ],
      "to": [
        9.31514,
        5.39647,
        7.2705297
      ],
      "faces": {
        "east": {
          "uv": [
            12.0,
            0.0,
            13.0,
            1.0
          ],
          "tintindex": 0,
          "rotation": 270,
          "texture": "#1"
        },
        "south": {
          "uv": [
            12.0,
            0.0,
            13.0,
            1.0
          ],
          "tintindex": 0,
          "rotation": 270,
          "texture": "#1"
        },
        "north": {
          "uv": [
            12.0,
            0.0,
            13.0,
            1.0
          ],
          "tintindex": 0,
          "rotation": 270,
          "texture": "#1"
        },
        "west": {
          "uv": [
            12.0,
            0.0,
            13.0,
            1.0
          ],
          "tintindex": 0,
          "rotation": 270,
          "texture": "#1"
        }
      },
      "rotation": {
        "origin": [
          7.78514,
          5.23535,
          6.4605303
        ],
        "angle": -22.5,
        "axis": "x"
      }
    },
    {
      "from": [
        5.3551397,
        4.42535,
        6.29941
      ],
      "to": [
        9.31514,
        6.04535,
        6.6216497
      ],
      "faces": {
        "east": {
          "uv": [
            12.0,
            0.0,
            13.0,
            1.0
          ],
          "tintindex": 0,
          "rotation": 270,
          "texture": "#1"
        },
        "west": {
          "uv": [
            12.0,
            0.0,
            13.0,
            1.0
          ],
          "tintindex": 0,
          "rotation": 270,
          "texture": "#1"
        },
        "up": {
          "uv": [
            12.0,
            0.0,
            13.0,
            1.0
          ],
          "tintindex": 0,
          "rotation": 270,
          "texture": "#1"
        },
        "down": {
          "uv": [
            12.0,
            0.0,
            13.0,
            1.0
          ],
          "tintindex": 0,
          "rotation": 270,
          "texture": "#1"
        }
      }
    },
    {
      "from": [
        5.3551397,
        4.42535,
        6.29941
      ],
      "to": [
        9.31514,
        6.04535,
        6.6216497
      ],
      "faces": {
        "east": {
          "uv": [
            12.0,
            0.0,
            13.0,
            1.0
          ],
          "tintindex": 0,
          "rotation": 270,
          "texture": "#1"
        },
        "west": {
          "uv": [
            12.0,
            0.0,
            13.0,
            1.0
          ],
          "tintindex": 0,
          "rotation": 270,
          "texture": "#1"
        },
        "up": {
          "uv": [
            12.0,
            0.0,
            13.0,
            1.0
          ],
          "tintindex": 0,
          "rotation": 270,
          "texture": "#1"
        },
        "down": {
          "uv": [
            12.0,
            0.0,
            13.0,
            1.0
          ],
          "tintindex": 0,
          "rotation": 270,
          "texture": "#1"
        }
      },
      "rotation": {
        "origin": [
          7.78514,
          5.23535,
          6.4605303
        ],
        "angle": -22.5,
        "axis": "x"
      }
    },
    {
      "from": [
        3.2761402,
        5.07946,
        5.78553
      ],
      "to": [
        11.39414,
        5.33725,
        7.08153
      ],
      "faces": {
        "east": {
          "uv": [
            12.0,
            0.0,
            13.0,
            1.0
          ],
          "tintindex": 0,
          "rotation": 270,
          "texture": "#1"
        },
        "south": {
          "uv": [
            12.0,
            0.0,
            13.0,
            1.0
          ],
          "tintindex": 0,
          "rotation": 270,
          "texture": "#1"
        },
        "north": {
          "uv": [
            12.0,
            0.0,
            13.0,
            1.0
          ],
          "tintindex": 0,
          "rotation": 270,
          "texture": "#1"
        },
        "west": {
          "uv": [
            12.0,
            0.0,
            13.0,
            1.0
          ],
          "tintindex": 0,
          "rotation": 270,
          "texture": "#1"
        }
      },
      "rotation": {
        "origin": [
          7.69514,
          5.20835,
          6.54153
        ],
        "angle": 45.0,
        "axis": "x"
      }
    },
    {
      "from": [
        3.2761402,
        5.15583,
        5.8171597
      ],
      "to": [
        11.39414,
        5.41362,
        7.11316
      ],
      "faces": {
        "east": {
          "uv": [
            12.0,
            0.0,
            13.0,
            1.0
          ],
          "tintindex": 0,
          "rotation": 270,
          "texture": "#1"
        },
        "south": {
          "uv": [
            12.0,
            0.0,
            13.0,
            1.0
          ],
          "tintindex": 0,
          "rotation": 270,
          "texture": "#1"
        },
        "north": {
          "uv": [
            12.0,
            0.0,
            13.0,
            1.0
          ],
          "tintindex": 0,
          "rotation": 270,
          "texture": "#1"
        },
        "west": {
          "uv": [
            12.0,
            0.0,
            13.0,
            1.0
          ],
          "tintindex": 0,
          "rotation": 270,
          "texture": "#1"
        }
      },
      "rotation": {
        "origin": [
          7.69514,
          5.28472,
          6.46516
        ],
        "angle": 22.5,
        "axis": "x"
      }
    },
    {
      "from": [
        3.2761402,
        5.15583,
        5.8171597
      ],
      "to": [
        11.39414,
        5.41362,
        7.11316
      ],
      "faces": {
        "east": {
          "uv": [
            12.0,
            0.0,
            13.0,
            1.0
          ],
          "tintindex": 0,
          "rotation": 270,
          "texture": "#1"
        },
        "south": {
          "uv": [
            12.0,
            0.0,
            13.0,
            1.0
          ],
          "tintindex": 0,
          "rotation": 270,
          "texture": "#1"
        },
        "north": {
          "uv": [
            12.0,
            0.0,
            13.0,
            1.0
          ],
          "tintindex": 0,
          "rotation": 270,
          "texture": "#1"
        },
        "west": {
          "uv": [
            12.0,
            0.0,
            13.0,
            1.0
          ],
          "tintindex": 0,
          "rotation": 270,
          "texture": "#1"
        }
      },
      "rotation": {
        "origin": [
          7.69514,
          5.28472,
          6.46516
        ],