{
  "textures": {
    "0": "2thxh28ly:tex/wyx4v7je",
    "particle": "#0"
  },
  "elements": [
    {
      "from": [
        6.825001,
        5.5,
        6.96447
      ],
      "to": [
        9.825001,
        10.5,
        9.03553
      ],
      "faces": {
        "east": {
          "uv": [
            1.59375,
            9.1875,
            1.65625,
            9.34375
          ],
          "tintindex": 0,
          "rotation": 0,
          "texture": "#0"
        },
        "south": {
          "uv": [
            4.34375,
            9.125,
            4.4375,
            9.28125
          ],
          "tintindex": 0,
          "rotation": 0,
          "texture": "#0"
        },
        "north": {
          "uv": [
            4.25,
            9.125,
            4.34375,
            9.28125
          ],
          "tintindex": 0,
          "rotation": 0,
          "texture": "#0"
        },
        "west": {
          "uv": [
            0.78125,
            9.21875,
            0.84375,
            9.375
          ],
          "tintindex": 0,
          "rotation": 0,
          "texture": "#0"
        },
        "up": {
          "uv": [
            5.40625,
            9.0,
            5.3125,
            8.9375
          ],
          "tintindex": 0,
          "rotation": 0,
          "texture": "#0"
        },
        "down": {
          "uv": [
            7.21875,
            8.9375,
            7.125,
            9.0
          ],
          "tintindex": 0,
          "rotation": 0,
          "texture": "#0"
        }
      }
    },
    {
      "from": [
        6.825001,
        6.96447,
        5.5
      ],
      "to": [
        9.825001,
        9.03553,
        10.5
      ],
      "faces": {
        "east": {
          "uv": [
            9.25,
            4.375,
            9.40625,
            4.4375
          ],
          "tintindex": 0,
          "rotation": 0,
          "texture": "#0"
        },
        "south": {
          "uv": [
            0.0,
            8.84375,
            0.09375,
            8.90625
          ],
          "tintindex": 0,
          "rotation": 0,
          "texture": "#0"
        },
        "north": {
          "uv": [
            7.4375,
            8.8125,
            7.53125,
            8.875
          ],
          "tintindex": 0,
          "rotation": 0,
          "texture": "#0"
        },
        "west": {
          "uv": [
            9.25,
            5.0625,
            9.40625,
            5.125
          ],
          "tintindex": 0,
          "rotation": 0,
          "texture": "#0"
        },
        "up": {
          "uv": [
            3.53125,
            9.28125,
            3.4375,
            9.125
          ],
          "tintindex": 0,
          "rotation": 0,
          "texture": "#0"
        },
        "down": {
          "uv": [
            3.625,
            9.125,
            3.53125,
            9.28125
          ],
          "tintindex": 0,
          "rotation": 0,
          "texture": "#0"
        }
      }
    },
    {
      "from": [
        6.825001,
        6.96447,
        5.5
      ],
      "to": [
        9.825001,
        9.03553,
        10.5
      ],
      "faces": {
        "east": {
          "uv": [
            2.25,
            9.25,
            2.40625,
            9.3125
          ],
          "tintindex": 0,
          "rotation": 0,
          "texture": "#0"
        },
        "south": {
          "uv": [
            5.625,
            8.8125,
            5.71875,
            8.875
          ],
          "tintindex": 0,
          "rotation": 0,
          "texture": "#0"
        },
        "north": {
          "uv": [
            4.34375,
            8.78125,
            4.4375,
            8.84375
          ],
          "tintindex": 0,
          "rotation": 0,
          "texture": "#0"
        },
        "west": {
          "uv": [
            9.25,
            4.3125,
            9.40625,
            4.375
          ],
          "tintindex": 0,
          "rotation": 0,
          "texture": "#0"
        },
        "up": {
          "uv": [
            9.21875,
            2.625,
            9.125,
            2.46875
          ],
          "tintindex": 0,
          "rotation": 0,
          "texture": "#0"
        },
        "down": {
          "uv": [
            2.59375,
            9.125,
            2.5,
            9.28125
          ],
          "tintindex": 0,
          "rotation": 0,
          "texture": "#0"
        }
      },
      "rotation": {
        "origin": [
          9.825001,
          8.0,
          8.0
        ],
        "angle": 45.0,
        "axis": "x"
      }
    },
    {
      "from": [
        6.825001,
        5.5,
        6.96447
      ],
      "to": [
        9.825001,
        10.5,
        9.03553
      ],
      "faces": {
        "east": {
          "uv": [
            5.90625,
            9.125,
            5.96875,
            9.28125
          ],
          "tintindex": 0,
          "rotation": 0,
          "texture": "#0"
        },
        "south": {
          "uv": [
            4.15625,
            9.125,
            4.25,
            9.28125
          ],
          "tintindex": 0,
          "rotation": 0,
          "texture": "#0"
        },
        "north": {
          "uv": [
            4.0625,
            9.125,
            4.15625,
            9.28125
          ],
          "tintindex": 0,
          "rotation": 0,
          "texture": "#0"
        },
        "west": {
          "uv": [
            2.6875,
            9.15625,
            2.75,
            9.3125
          ],
          "tintindex": 0,
          "rotation": 0,
          "texture": "#0"
        },
        "up": {
          "uv": [
            3.96875,
            8.96875,
            3.875,
            8.90625
          ],
          "tintindex": 0,
          "rotation": 0,
          "texture": "#0"
        },
        "down": {
          "uv": [
            9.0,
            4.0625,
            8.90625,
            4.125
          ],
          "tintindex": 0,
          "rotation": 0,
          "texture": "#0"
        }
      },
      "rotation": {
        "origin": [
          9.825001,
          8.0,
          8.0
        ],
        "angle": 45.0,
        "axis": "x"
      }
    },
    {
      "from": [
        6.575001,
        7.0,
        6.96447
      ],
      "to": [
        6.825001,
        9.0,
        9.03553
      ],
      "faces": {
        "east": {
          "uv": [
            7.53125,
            5.09375,
            7.59375,
            5.15625
          ],
          "tintindex": 0,
          "rotation": 0,
          "texture": "#0"
        },
        "south": {
          "uv": [
            7.875,
            8.4375,
            7.90625,
            8.5
          ],
          "tintindex": 0,
          "rotation": 0,
          "texture": "#0"
        },
        "north": {
          "uv": [
            7.625,
            8.375,
            7.65625,
            8.4375
          ],
          "tintindex": 0,
          "rotation": 0,
          "texture": "#0"
        },
        "west": {
          "uv": [
            7.78125,
            7.34375,
            7.84375,
            7.40625
          ],
          "tintindex": 0,
          "rotation": 0,
          "texture": "#0"
        },
        "up": {
          "uv": [
            0.875,
            8.65625,
            0.84375,
            8.59375
          ],
          "tintindex": 0,
          "rotation": 0,
          "texture": "#0"
        },
        "down": {
          "uv": [
            8.78125,
            7.40625,
            8.75,
            7.46875
          ],
          "tintindex": 0,
          "rotation": 0,
          "texture": "#0"
        }
      }
    }
  ],
  "display": {
    "head": {
      "rotation": [
        0.0,
        0.0,
        0.0
      ]
    },
    "firstperson_righthand": {
      "rotation": [
        0.0,
        0.0,
        0.0
      ]
    },