{
  "textures": {
    "0": "gwjritg0z:tex/qlh8hx27",
    "particle": "#0"
  },
  "elements": [
    {
      "from": [
        7.580312,
        2.6058574,
        16.884068
      ],
      "to": [
        12.080312,
        7.1058574,
        17.384068
      ],
      "faces": {
        "south": {
          "uv": [
            7.78125,
            6.28125,
            8.0625,
            6.5625
          ],
          "tintindex": 0,
          "rotation": 0,
          "texture": "#0"
        },
        "down": {
          "uv": [
            9.625,
            3.0,
            9.34375,
            3.03125
          ],
          "tintindex": 0,
          "rotation": 0,
          "texture": "#0"
        }
      }
    }
  ],
  "display": {
    "head": {
      "rotation": [
        -41.875305,
        38.480885,
        37.14156
      ]
    },
    "firstperson_righthand": {
      "rotation": [
        -41.875305,
        38.480885,
        37.14156
      ]
    },
    "thirdperson_lefthand": {
      "rotation": [
        -41.875305,
        -38.480885,
        -37.14156
      ]
    },
    "firstperson_lefthand": {
      "rotation": [
        -41.875305,
        -38.480885,
        -37.14156
      ]
    },
    "fixed": {
      "rotation": [
        -41.875305,
        38.480885,
        37.14156
      ]
    },
    "ground": {
      "rotation": [
        -41.875305,
        38.480885,
        37.14156
      ]
    },
    "thirdperson_righthand": {
      "rotation": [
        -41.875305,
        38.480885,
        37.14156
      ]
    },
    "gui": {
      "rotation": [
        -56.950436,
        -58.447495,
        -78.43527
      ]
    }
  }
}