{
  "textures": {
    "3": "f6o7c9v5q:tex/mq2qgyi9",
    "particle": "#3"
  },
  "elements": [
    {
      "from": [
        16.0,
        4.0,
        5.4000015
      ],
      "to": [
        19.0,
        6.0,
        15.400002
      ],
      "faces": {
        "east": {
          "uv": [
            5.71875,
            7.8125,
            6.03125,
            7.875
          ],
          "tintindex": 0,
          "rotation": 0,
          "texture": "#3"
        },
        "south": {
          "uv": [
            3.03125,
            7.1875,
            3.125,
            7.25
          ],
          "tintindex": 0,
          "rotation": 0,
          "texture": "#3"
        },
        "north": {
          "uv": [
            1.71875,
            6.65625,
            1.8125,
            6.71875
          ],
          "tintindex": 0,
          "rotation": 0,
          "texture": "#3"
        },
        "west": {
          "uv": [
            6.0625,
            7.8125,
            6.375,
            7.875
          ],
          "tintindex": 0,
          "rotation": 0,
          "texture": "#3"
        },
        "up": {
          "uv": [
            7.84375,
            8.03125,
            7.75,
            7.71875
          ],
          "tintindex": 0,
          "rotation": 0,
          "texture": "#3"
        },
        "down": {
          "uv": [
            7.875,
            3.0625,
            7.78125,
            3.375
          ],
          "tintindex": 0,
          "rotation": 0,
          "texture": "#3"
        }
      }
    },
    {
      "from": [
        3.0,
        4.300949,
        9.22126
      ],
      "to": [
        13.0,
        5.300949,
        19.22126
      ],
      "faces": {
        "east": {
          "uv": [
            7.96875,
            0.1875,
            8.28125,
            0.21875
          ],
          "tintindex": 0,
          "rotation": 0,
          "texture": "#3"
        },
        "south": {
          "uv": [
            7.96875,
            0.3125,
            8.28125,
            0.34375
          ],
          "tintindex": 0,
          "rotation": 0,
          "texture": "#3"
        },
        "north": {
          "uv": [
            0.15625,
            7.96875,
            0.46875,
            8.0
          ],
          "tintindex": 0,
          "rotation": 0,
          "texture": "#3"
        },
        "west": {
          "uv": [
            7.96875,
            0.375,
            8.28125,
            0.40625
          ],
          "tintindex": 0,
          "rotation": 0,
          "texture": "#3"
        },
        "up": {
          "uv": [
            1.25,
            6.96875,
            0.9375,
            6.65625
          ],
          "tintindex": 0,
          "rotation": 0,
          "texture": "#3"
        },
        "down": {
          "uv": [
            0.9375,
            6.65625,
            1.25,
            6.96875
          ],
          "tintindex": 0,
          "rotation": 0,
          "texture": "#3"
        }
      }
    },
    {
      "from": [
        -3.0,
        4.0,
        5.4000015
      ],
      "to": [
        0.0,
        6.0,
        15.400002
      ],
      "faces": {
        "east": {
          "uv": [
            0.8125,
            7.84375,
            1.125,
            7.90625
          ],
          "tintindex": 0,
          "rotation": 0,
          "texture": "#3"
        },
        "south": {
          "uv": [
            0.5,
            7.96875,
            0.59375,
            8.03125
          ],
          "tintindex": 0,
          "rotation": 0,
          "texture": "#3"
        },
        "north": {
          "uv": [
            7.53125,
            7.9375,
            7.625,
            8.0
          ],
          "tintindex": 0,
          "rotation": 0,
          "texture": "#3"
        },
        "west": {
          "uv": [
            7.84375,
            1.5625,
            8.15625,
            1.625
          ],
          "tintindex": 0,
          "rotation": 0,
          "texture": "#3"
        },
        "up": {
          "uv": [
            3.6875,
            8.09375,
            3.59375,
            7.78125
          ],
          "tintindex": 0,
          "rotation": 0,
          "texture": "#3"
        },
        "down": {
          "uv": [
            3.8125,
            7.78125,
            3.71875,
            8.09375
          ],
          "tintindex": 0,
          "rotation": 0,
          "texture": "#3"
        }
      }
    }
  ],
  "display": {
    "head": {
      "rotation": [
        0.0,
        0.0,
        0.0
      ]
    },
    "firstperson_righthand": {
      "rotation": [
        0.0,
        0.0,
        0.0
      ]
    },
    "thirdperson_lefthand": {
      "rotation": [
        0.0,
        -0.0,
        -0.0
      ]
    },
    "firstperson_lefthand": {
      "rotation": [
        0.0,
        -0.0,
        -0.0
      ]
    },
    "fixed": {
      "rotation": [
        0.0,
        0.0,
        0.0
      ]
    },
    "ground": {
      "rotation": [
        0.0,
        0.0,
        0.0
      ]
    },
    "thirdperson_righthand": {
      "rotation": [
        0.0,
        0.0,
        0.0
      ]
    },
    "gui": {
      "rotation": [
        -150.0,
        -45.0,
        180.0
      ]
    }
  }
}