{
  "textures": {
    "6": "gwjritg0z:tex/rgbchkdy",
    "particle": "#6"
  },
  "elements": [
    {
      "from": [
        9.025,
        0.9250002,
        5.174999
      ],
      "to": [
        19.975,
        15.075001,
        10.825001
      ],
      "faces": {
        "east": {
          "uv": [
            14.59375,
            12.40625,
            14.78125,
            12.84375
          ],
          "tintindex": 0,
          "rotation": 0,
          "texture": "#6"
        },
        "west": {
          "uv": [
            11.0625,
            14.53125,
            11.25,
            14.96875
          ],
          "tintindex": 0,
          "rotation": 0,
          "texture": "#6"
        },
        "up": {
          "uv": [
            15.03125,
            11.625,
            14.6875,
            11.4375
          ],
          "tintindex": 0,
          "rotation": 0,
          "texture": "#6"
        },
        "down": {
          "uv": [
            15.03125,
            11.65625,
            14.6875,
            11.84375
          ],
          "tintindex": 0,
          "rotation": 0,
          "texture": "#6"
        }
      },
      "rotation": {
        "origin": [
          8.0,
          8.0,
          8.0
        ],
        "angle": 45.0,
        "axis": "x"
      }
    },
    {
      "from": [
        9.025,
        0.9250002,
        5.174999
      ],
      "to": [
        19.975,
        15.075001,
        10.825001
      ],
      "faces": {
        "east": {
          "uv": [
            14.34375,
            14.375,
            14.53125,
            14.8125
          ],
          "tintindex": 0,
          "rotation": 0,
          "texture": "#6"
        },
        "west": {
          "uv": [
            10.625,
            14.4375,
            10.8125,
            14.875
          ],
          "tintindex": 0,
          "rotation": 0,
          "texture": "#6"
        },
        "up": {
          "uv": [
            14.125,
            14.71875,
            13.78125,
            14.53125
          ],
          "tintindex": 0,
          "rotation": 0,
          "texture": "#6"
        },
        "down": {
          "uv": [
            15.03125,
            10.78125,
            14.6875,
            10.96875
          ],
          "tintindex": 0,
          "rotation": 0,
          "texture": "#6"
        }
      },
      "rotation": {
        "origin": [
          8.0,
          8.0,
          8.0
        ],
        "angle": -45.0,
        "axis": "x"
      }
    },
    {
      "from": [
        9.0,
        5.0,
        1.0
      ],
      "to": [
        20.0,
        11.0,
        15.0
      ],
      "faces": {
        "east": {
          "uv": [
            10.84375,
            14.4375,
            11.03125,
            14.875
          ],
          "tintindex": 0,
          "rotation": 270,
          "texture": "#6"
        },
        "south": {
          "uv": [
            15.03125,
            11.1875,
            14.6875,
            11.0
          ],
          "tintindex": 0,
          "rotation": 0,
          "texture": "#6"
        },
        "north": {
          "uv": [
            15.03125,
            11.21875,
            14.6875,
            11.40625
          ],
          "tintindex": 0,
          "rotation": 180,
          "texture": "#6"
        },
        "west": {
          "uv": [
            14.5625,
            14.375,
            14.75,
            14.8125
          ],
          "tintindex": 0,
          "rotation": 90,
          "texture": "#6"
        }
      }
    },
    {
      "from": [
        8.975,
        1.0,
        5.0
      ],
      "to": [
        20.025,
        15.0,
        11.0
      ],
      "faces": {
        "east": {
          "uv": [
            14.375,
            12.40625,
            14.5625,
            12.84375
          ],
          "tintindex": 0,
          "rotation": 0,
          "texture": "#6"
        },
        "west": {
          "uv": [
            14.46875,
            13.03125,
            14.65625,
            13.46875
          ],
          "tintindex": 0,
          "rotation": 0,
          "texture": "#6"
        },
        "up": {
          "uv": [
            13.375,
            14.71875,
            13.03125,
            14.53125
          ],
          "tintindex": 0,
          "rotation": 0,
          "texture": "#6"
        },
        "down": {
          "uv": [
            13.75,
            14.53125,
            13.40625,
            14.71875
          ],
          "tintindex": 0,
          "rotation": 0,
          "texture": "#6"
        }
      }
    }
  ],
  "display": {
    "head": {
      "rotation": [
        0.0,
        0.0,
        0.0
      ]
    },
    "firstperson_righthand": {
      "rotation": [
        0.0,
        0.0,
        0.0
      ]
    },
    "thirdperson_lefthand": {
      "rotation": [
        0.0,
        -0.0,
        -0.0
      ]
    },
    "firstperson_lefthand": {
      "rotation": [
        0.0,
        -0.0,
        -0.0
      ]
    },
    "fixed": {
      "rotation": [
        0.0,
        0.0,
        0.0
      ]
    },
    "ground": {
      "rotation": [
        0.0,
        0.0,
        0.0
      ]
    },
    "thirdperson_righthand": {
      "rotation": [
        0.0,
        0.0,
        0.0
      ]
    },
    "gui": {
      "rotation": [
        -150.0,
        -45.0,
        180.0
      ]
    }
  }
}