{
  "textures": {
    "0": "5exp3rjkn:tex/irnif5a0",
    "particle": "#0"
  },
  "elements": [
    {
      "from": [
        7.5,
        3.5,
        6.1360397
      ],
      "to": [
        11.5,
        12.5,
        9.86396
      ],
      "faces": {
        "east": {
          "uv": [
            7.375,
            7.9375,
            7.625,
            8.5
          ],
          "tintindex": 0,
          "rotation": 0,
          "texture": "#0"
        },
        "west": {
          "uv": [
            7.625,
            7.9375,
            7.875,
            8.5
          ],
          "tintindex": 0,
          "rotation": 0,
          "texture": "#0"
        },
        "up": {
          "uv": [
            1.9375,
            9.375,
            1.6875,
            9.125
          ],
          "tintindex": 0,
          "rotation": 0,
          "texture": "#0"
        },
        "down": {
          "uv": [
            9.375,
            2.8125,
            9.125,
            3.0625
          ],
          "tintindex": 0,
          "rotation": 0,
          "texture": "#0"
        }
      },
      "rotation": {
        "origin": [
          11.0,
          8.0,
          8.0
        ],
        "angle": 45.0,
        "axis": "x"
      }
    },
    {
      "from": [
        7.4375,
        6.1360397,
        11.5
      ],
      "to": [
        7.4375,
        9.86396,
        12.5
      ],
      "faces": {
        "west": {
          "uv": [
            8.0,
            9.75,
            8.0625,
            10.0
          ],
          "tintindex": 0,
          "rotation": 0,
          "texture": "#0"
        }
      }
    },
    {
      "from": [
        7.4375,
        6.1360397,
        11.5
      ],
      "to": [
        7.4375,
        9.86396,
        12.5
      ],
      "faces": {
        "west": {
          "uv": [
            7.6875,
            9.75,
            7.75,
            10.0
          ],
          "tintindex": 0,
          "rotation": 0,
          "texture": "#0"
        }
      },
      "rotation": {
        "origin": [
          6.9375,
          8.0,
          8.0
        ],
        "angle": 45.0,
        "axis": "x"
      }
    },
    {
      "from": [
        7.4375,
        11.5,
        6.1360397
      ],
      "to": [
        7.4375,
        12.5,
        9.86396
      ],
      "faces": {
        "west": {
          "uv": [
            9.75,
            8.0,
            10.0,
            8.0625
          ],
          "tintindex": 0,
          "rotation": 0,
          "texture": "#0"
        }
      },
      "rotation": {
        "origin": [
          6.9375,
          8.0,
          8.0
        ],
        "angle": 45.0,
        "axis": "x"
      }
    },
    {
      "from": [
        7.5,
        3.5,
        6.1360397
      ],
      "to": [
        11.5,
        12.5,
        9.86396
      ],
      "faces": {
        "east": {
          "uv": [
            0.75,
            8.0,
            1.0,
            8.5625
          ],
          "tintindex": 0,
          "rotation": 0,
          "texture": "#0"
        },
        "west": {
          "uv": [
            1.0,
            8.0,
            1.25,
            8.5625
          ],
          "tintindex": 0,
          "rotation": 0,
          "texture": "#0"
        },
        "up": {
          "uv": [
            9.375,
            4.3125,
            9.125,
            4.0625
          ],
          "tintindex": 0,
          "rotation": 0,
          "texture": "#0"
        },
        "down": {
          "uv": [
            9.375,
            5.0625,
            9.125,
            5.3125
          ],
          "tintindex": 0,
          "rotation": 0,
          "texture": "#0"
        }
      }
    },
    {
      "from": [
        7.25,
        6.125,
        6.125
      ],
      "to": [
        7.5,
        9.875,
        9.875
      ],
      "faces": {
        "south": {
          "uv": [
            8.125,
            9.75,
            8.1875,
            10.0
          ],
          "tintindex": 0,
          "rotation": 0,
          "texture": "#0"
        },
        "north": {
          "uv": [
            8.0625,
            9.75,
            8.125,
            10.0
          ],
          "tintindex": 0,
          "rotation": 0,
          "texture": "#0"
        },
        "west": {
          "uv": [
            8.1875,
            9.125,
            8.4375,
            9.375
          ],
          "tintindex": 0,
          "rotation": 0,
          "texture": "#0"
        },
        "up": {
          "uv": [
            8.25,
            10.0,
            8.1875,
            9.75
          ],
          "tintindex": 0,
          "rotation": 0,
          "texture": "#0"
        },
        "down": {
          "uv": [
            8.375,
            9.75,
            8.3125,
            10.0
          ],
          "tintindex": 0,
          "rotation": 0,
          "texture": "#0"
        }
      },
      "rotation": {
        "origin": [
          6.5,
          8.0,
          8.0
        ],
        "angle": 45.0,
        "axis": "x"
      }
    },
    {
      "from": [
        7.4375,
        6.1360397,
        3.5
      ],
      "to": [
        7.4375,
        9.86396,
        4.5
      ],
      "faces": {
        "west": {
          "uv": [
            7.625,
            9.75,
            7.6875,
            10.0
          ],
          "tintindex": 0,
          "rotation": 0,
          "texture": "#0"
        }
      }
    },
    {
      "from": [
        7.5,
        6.1360397,
        3.5
      ],
      "to": [
        11.5,
        9.86396,
        12.5
      ],
      "faces": {
        "east": {
          "uv": [
            7.9375,
            2.0,
            8.5,
            2.25
          ],
          "tintindex": 0,
          "rotation": 0,
          "texture": "#0"
        },
        "south": {
          "uv": [
            0.25,
            9.125,
            0.5,
            9.375
          ],
          "tintindex": 0,
          "rotation": 0,
          "texture": "#0"
        },
        "north": {
          "uv": [
            0.0,
            9.125,
            0.25,
            9.375
          ],
          "tintindex": 0,
          "rotation": 0,
          "texture": "#0"
        },
        "west": {
          "uv": [
            7.9375,
            3.4375,
            8.5,
            3.6875
          ],
          "tintindex": 0,
          "rotation": 0,
          "texture": "#0"
        }
      },
      "rotation": {
        "origin": [
          11.0,
          8.0,
          8.0
        ],
        "angle": 45.0,
        "axis": "x"
      }
    },
    {
      "from": [
        7.5,
        6.1360397,
        3.5
      ],
      "to": [
        11.5,
        9.86396,
        12.5
      ],
      "faces": {
        "east": {
          "uv": [
            7.9375,
            3.6875,
            8.5,
            3.9375
          ],
          "tintindex": 0,
          "rotation": 0,
          "texture": "#0"
        },
        "south": {
          "uv": [
            1.4375,
            9.125,
            1.6875,
            9.375
          ],
          "tintindex": 0,
          "rotation": 0,
          "texture": "#0"
        },
        "north": {
          "uv": [
            9.125,
            1.375,
            9.375,
            1.625
          ],
          "tintindex": 0,
          "rotation": 0,
          "texture": "#0"
        },
        "west": {
          "uv": [
            7.9375,
            3.9375,
            8.5,
            4.1875
          ],
          "tintindex": 0,
          "rotation": 0,
          "texture": "#0"
        }
      }
    },
    {
      "from": [
        7.4375,
        3.5,
        6.1360397
      ],
      "to": [
        7.4375,
        4.5,
        9.86396
      ],
      "faces": {
        "west": {
          "uv": [
            9.75,
            7.25,
            10.0,
            7.3125
          ],