{
  "textures": {
    "0": "gwjritg0z:tex/qlh8hx27",
    "particle": "#0"
  },
  "elements": [
    {
      "from": [
        -6.2227097,
        -3.4805632,
        11.84767
      ],
      "to": [
        -5.906043,
        0.18610287,
        12.84767
      ],
      "faces": {
        "south": {
          "uv": [
            1.71875,
            9.0625,
            1.75,
            9.40625
          ],
          "tintindex": 0,
          "rotation": 0,
          "texture": "#0"
        },
        "west": {
          "uv": [
            1.65625,
            8.09375,
            1.75,
            8.4375
          ],
          "tintindex": 0,
          "rotation": 0,
          "texture": "#0"
        }
      }
    }
  ],
  "display": {
    "head": {
      "rotation": [
        -74.1846,
        5.588684,
        18.973137
      ]
    },
    "firstperson_righthand": {
      "rotation": [
        -74.1846,
        5.588684,
        18.973137
      ]
    },
    "thirdperson_lefthand": {
      "rotation": [
        -74.1846,
        -5.588684,
        -18.973137
      ]
    },
    "firstperson_lefthand": {
      "rotation": [
        -74.1846,
        -5.588684,
        -18.973137
      ]
    },
    "fixed": {
      "rotation": [
        -74.1846,
        5.588684,
        18.973137
      ]
    },
    "ground": {
      "rotation": [
        -74.1846,
        5.588684,
        18.973137
      ]
    },
    "thirdperson_righthand": {
      "rotation": [
        -74.1846,
        5.588684,
        18.973137
      ]
    },
    "gui": {
      "rotation": [
        -67.315765,
        -15.109263,
        -116.221535
      ]
    }
  }
}