{
  "textures": {
    "6": "gwjritg0z:tex/rgbchkdy",
    "particle": "#6"
  },
  "elements": [
    {
      "from": [
        7.0249996,
        5.875,
        3.0500002
      ],
      "to": [
        13.975,
        10.125,
        12.950001
      ],
      "faces": {
        "east": {
          "uv": [
            15.0625,
            11.4375,
            15.1875,
            11.75
          ],
          "tintindex": 0,
          "rotation": 270,
          "texture": "#6"
        },
        "south": {
          "uv": [
            15.4375,
            12.59375,
            15.21875,
            12.46875
          ],
          "tintindex": 0,
          "rotation": 0,
          "texture": "#6"
        },
        "north": {
          "uv": [
            15.4375,
            12.625,
            15.21875,
            12.75
          ],
          "tintindex": 0,
          "rotation": 180,
          "texture": "#6"
        },
        "west": {
          "uv": [
            15.0625,
            11.78125,
            15.1875,
            12.09375
          ],
          "tintindex": 0,
          "rotation": 90,
          "texture": "#6"
        }
      },
      "rotation": {
        "origin": [
          8.0,
          8.0,
          8.0
        ],
        "angle": 45.0,
        "axis": "x"
      }
    },
    {
      "from": [
        7.0249996,
        3.0500002,
        5.875
      ],
      "to": [
        13.975,
        12.950001,
        10.125
      ],
      "faces": {
        "east": {
          "uv": [
            15.0625,
            12.8125,
            15.1875,
            13.125
          ],
          "tintindex": 0,
          "rotation": 0,
          "texture": "#6"
        },
        "west": {
          "uv": [
            15.0625,
            13.15625,
            15.1875,
            13.46875
          ],
          "tintindex": 0,
          "rotation": 0,
          "texture": "#6"
        },
        "up": {
          "uv": [
            15.4375,
            13.21875,
            15.21875,
            13.09375
          ],
          "tintindex": 0,
          "rotation": 0,
          "texture": "#6"
        },
        "down": {
          "uv": [
            15.4375,
            13.25,
            15.21875,
            13.375
          ],
          "tintindex": 0,
          "rotation": 0,
          "texture": "#6"
        }
      },
      "rotation": {
        "origin": [
          8.0,
          8.0,
          8.0
        ],
        "angle": 45.0,
        "axis": "x"
      }
    },
    {
      "from": [
        7.0,
        6.0,
        3.0
      ],
      "to": [
        14.0,
        10.0,
        13.0
      ],
      "faces": {
        "east": {
          "uv": [
            15.0625,
            12.125,
            15.1875,
            12.4375
          ],
          "tintindex": 0,
          "rotation": 270,
          "texture": "#6"
        },
        "south": {
          "uv": [
            15.4375,
            12.90625,
            15.21875,
            12.78125
          ],
          "tintindex": 0,
          "rotation": 0,
          "texture": "#6"
        },
        "north": {
          "uv": [
            15.4375,
            12.9375,
            15.21875,
            13.0625
          ],
          "tintindex": 0,
          "rotation": 180,
          "texture": "#6"
        },
        "west": {
          "uv": [
            15.0625,
            12.46875,
            15.1875,
            12.78125
          ],
          "tintindex": 0,
          "rotation": 90,
          "texture": "#6"
        }
      }
    },
    {
      "from": [
        6.9750004,
        3.0,
        6.0
      ],
      "to": [
        14.025,
        13.0,
        10.0
      ],
      "faces": {
        "east": {
          "uv": [
            15.0625,
            10.75,
            15.1875,
            11.0625
          ],
          "tintindex": 0,
          "rotation": 0,
          "texture": "#6"
        },
        "west": {
          "uv": [
            15.0625,
            11.09375,
            15.1875,
            11.40625
          ],
          "tintindex": 0,
          "rotation": 0,
          "texture": "#6"
        },
        "up": {
          "uv": [
            15.4375,
            12.28125,
            15.21875,
            12.15625
          ],
          "tintindex": 0,
          "rotation": 0,
          "texture": "#6"
        },
        "down": {
          "uv": [
            15.4375,
            12.3125,
            15.21875,
            12.4375
          ],
          "tintindex": 0,
          "rotation": 0,
          "texture": "#6"
        }
      }
    }
  ],
  "display": {
    "head": {
      "rotation": [
        0.0,
        0.0,
        0.0
      ]
    },
    "firstperson_righthand": {
      "rotation": [
        0.0,
        0.0,
        0.0
      ]
    },
    "thirdperson_lefthand": {
      "rotation": [
        0.0,
        -0.0,
        -0.0
      ]
    },
    "firstperson_lefthand": {
      "rotation": [
        0.0,
        -0.0,
        -0.0
      ]
    },
    "fixed": {
      "rotation": [
        0.0,
        0.0,
        0.0
      ]
    },
    "ground": {
      "rotation": [
        0.0,
        0.0,
        0.0
      ]
    },
    "thirdperson_righthand": {
      "rotation": [
        0.0,
        0.0,
        0.0
      ]
    },
    "gui": {
      "rotation": [
        -150.0,
        -45.0,
        180.0
      ]
    }
  }
}