{
  "textures": {
    "6": "gwjritg0z:tex/rgbchkdy",
    "particle": "#6"
  },
  "elements": [
    {
      "from": [
        13.658334,
        14.701105,
        22.282982
      ],
      "to": [
        13.675,
        16.03444,
        26.282982
      ],
      "faces": {
        "east": {
          "uv": [
            6.09375,
            8.34375,
            6.46875,
            8.46875
          ],
          "tintindex": 0,
          "rotation": 0,
          "texture": "#6"
        },
        "west": {
          "uv": [
            8.34375,
            6.8125,
            8.71875,
            6.9375
          ],
          "tintindex": 0,
          "rotation": 0,
          "texture": "#6"
        }
      }
    },
    {
      "from": [
        -2.0,
        16.03444,
        23.616316
      ],
      "to": [
        2.333333,
        16.367771,
        26.282982
      ],
      "faces": {
        "east": {
          "uv": [
            9.125,
            4.53125,
            9.375,
            4.5625
          ],
          "tintindex": 0,
          "rotation": 0,
          "texture": "#6"
        },
        "south": {
          "uv": [
            8.96875,
            3.40625,
            9.375,
            3.4375
          ],
          "tintindex": 0,
          "rotation": 0,
          "texture": "#6"
        },
        "north": {
          "uv": [
            8.96875,
            1.75,
            9.375,
            1.78125
          ],
          "tintindex": 0,
          "rotation": 0,
          "texture": "#6"
        },
        "west": {
          "uv": [
            9.125,
            4.59375,
            9.375,
            4.625
          ],
          "tintindex": 0,
          "rotation": 0,
          "texture": "#6"
        },
        "up": {
          "uv": [
            8.09375,
            6.3125,
            7.6875,
            6.0625
          ],
          "tintindex": 0,
          "rotation": 0,
          "texture": "#6"
        },
        "down": {
          "uv": [
            8.09375,
            6.34375,
            7.6875,
            6.59375
          ],
          "tintindex": 0,
          "rotation": 0,
          "texture": "#6"
        }
      }
    },
    {
      "from": [
        2.3249998,
        14.701105,
        22.282982
      ],
      "to": [
        2.3416662,
        16.03444,
        26.282982
      ],
      "faces": {
        "east": {
          "uv": [
            5.65625,
            2.9375,
            6.03125,
            3.0625
          ],
          "tintindex": 0,
          "rotation": 0,
          "texture": "#6"
        },
        "west": {
          "uv": [
            8.28125,
            5.78125,
            8.65625,
            5.90625
          ],
          "tintindex": 0,
          "rotation": 0,
          "texture": "#6"
        }
      }
    },
    {
      "from": [
        13.666667,
        16.03444,
        23.616316
      ],
      "to": [
        18.0,
        16.367771,
        26.282982
      ],
      "faces": {
        "east": {
          "uv": [
            9.125,
            5.03125,
            9.375,
            5.0625
          ],
          "tintindex": 0,
          "rotation": 0,
          "texture": "#6"
        },
        "south": {
          "uv": [
            8.96875,
            4.65625,
            9.375,
            4.6875
          ],
          "tintindex": 0,
          "rotation": 0,
          "texture": "#6"
        },
        "north": {
          "uv": [
            8.96875,
            3.46875,
            9.375,
            3.5
          ],
          "tintindex": 0,
          "rotation": 0,
          "texture": "#6"
        },
        "west": {
          "uv": [
            9.125,
            5.09375,
            9.375,
            5.125
          ],
          "tintindex": 0,
          "rotation": 0,
          "texture": "#6"
        },
        "up": {
          "uv": [
            8.09375,
            6.875,
            7.6875,
            6.625
          ],
          "tintindex": 0,
          "rotation": 0,
          "texture": "#6"
        },
        "down": {
          "uv": [
            8.125,
            1.78125,
            7.71875,
            2.03125
          ],
          "tintindex": 0,
          "rotation": 0,
          "texture": "#6"
        }
      }
    }
  ],
  "display": {
    "head": {
      "rotation": [
        32.5,
        0.0,
        -0.0
      ]
    },
    "firstperson_righthand": {
      "rotation": [
        32.5,
        0.0,
        -0.0
      ]
    },
    "thirdperson_lefthand": {
      "rotation": [
        32.5,
        -0.0,
        0.0
      ]
    },
    "firstperson_lefthand": {
      "rotation": [
        32.5,
        -0.0,
        0.0
      ]
    },
    "fixed": {
      "rotation": [
        32.5,
        0.0,
        -0.0
      ]
    },
    "ground": {
      "rotation": [
        32.5,
        0.0,
        -0.0
      ]
    },
    "thirdperson_righthand": {
      "rotation": [
        32.5,
        0.0,
        -0.0
      ]
    },
    "gui": {
      "rotation": [
        167.98262,
        -36.610203,
        151.75089
      ]
    }
  }
}