{
  "textures": {
    "0": "xq9rmjx80:tex/kjanzurh",
    "particle": "#0"
  },
  "elements": [
    {
      "from": [
        -11.11198,
        -3.6973715,
        15.648203
      ],
      "to": [
        -9.778646,
        5.3169622,
        18.082962
      ],
      "faces": {
        "west": {
          "uv": [
            1.25,
            9.4375,
            1.6875,
            11.125
          ],
          "tintindex": 0,
          "rotation": 0,
          "texture": "#0"
        }
      }
    }
  ],
  "display": {
    "head": {
      "rotation": [
        -1.7769794,
        68.217255,
        0.004465097
      ]
    },
    "firstperson_righthand": {
      "rotation": [
        -1.7769794,
        68.217255,
        0.004465097
      ]
    },
    "thirdperson_lefthand": {
      "rotation": [
        -1.7769794,
        -68.217255,
        -0.004465097
      ]
    },
    "firstperson_lefthand": {
      "rotation": [
        -1.7769794,
        -68.217255,
        -0.004465097
      ]
    },
    "fixed": {
      "rotation": [
        -1.7769794,
        68.217255,
        0.004465097
      ]
    },
    "ground": {
      "rotation": [
        -1.7769794,
        68.217255,
        0.004465097
      ]
    },
    "thirdperson_righthand": {
      "rotation": [
        -1.7769794,
        68.217255,
        0.004465097
      ]
    },
    "gui": {
      "rotation": [
        28.328562,
        -66.76441,
        -3.1816437
      ]
    }
  }
}