{
  "textures": {
    "2": "xq9rmjx80:tex/6a6c60k6",
    "particle": "#2"
  },
  "elements": [
    {
      "from": [
        -0.62294006,
        8.29091,
        18.69499
      ],
      "to": [
        0.57705975,
        8.59091,
        19.79499
      ],
      "faces": {
        "east": {
          "uv": [
            7.8125,
            5.375,
            7.8828125,
            5.390625
          ],
          "tintindex": 0,
          "rotation": 0,
          "texture": "#2"
        },
        "south": {
          "uv": [
            7.8125,
            4.4375,
            7.890625,
            4.453125
          ],
          "tintindex": 0,
          "rotation": 0,
          "texture": "#2"
        },
        "west": {
          "uv": [
            5.4375,
            7.8125,
            5.5078125,
            7.828125
          ],
          "tintindex": 0,
          "rotation": 0,
          "texture": "#2"
        }
      },
      "rotation": {
        "origin": [
          7.0770597,
          4.325,
          20.394989
        ],
        "angle": 22.5,
        "axis": "x"
      }
    },
    {
      "from": [
        -0.62294006,
        5.2364902,
        11.99506
      ],
      "to": [
        0.57705975,
        5.93649,
        12.49506
      ],
      "faces": {
        "east": {
          "uv": [
            7.8125,
            2.625,
            7.84375,
            2.671875
          ],
          "tintindex": 0,
          "rotation": 0,
          "texture": "#2"
        },
        "west": {
          "uv": [
            2.6875,
            7.8125,
            2.71875,
            7.859375
          ],
          "tintindex": 0,
          "rotation": 0,
          "texture": "#2"
        },
        "down": {
          "uv": [
            7.828125,
            1.75,
            7.75,
            1.78125
          ],
          "tintindex": 0,
          "rotation": 0,
          "texture": "#2"
        }
      },
      "rotation": {
        "origin": [
          7.0770597,
          4.63649,
          16.46097
        ],
        "angle": 45.0,
        "axis": "x"
      }
    },
    {
      "from": [
        -0.62294006,
        10.34575,
        21.07435
      ],
      "to": [
        0.57705975,
        11.14575,
        21.57435
      ],
      "faces": {
        "east": {
          "uv": [
            1.875,
            7.8125,
            1.90625,
            7.859375
          ],
          "tintindex": 0,
          "rotation": 0,
          "texture": "#2"
        },
        "west": {
          "uv": [
            1.9375,
            7.8125,
            1.96875,
            7.859375
          ],
          "tintindex": 0,
          "rotation": 0,
          "texture": "#2"
        },
        "up": {
          "uv": [
            7.828125,
            1.03125,
            7.75,
            1.0
          ],
          "tintindex": 0,
          "rotation": 0,
          "texture": "#2"
        }
      },
      "rotation": {
        "origin": [
          7.0770597,
          11.74575,
          17.10844
        ],
        "angle": 22.5,
        "axis": "x"
      }
    },
    {
      "from": [
        -0.62294006,
        6.20172,
        13.51136
      ],
      "to": [
        0.57705975,
        7.40172,
        14.01136
      ],
      "faces": {
        "east": {
          "uv": [
            1.5625,
            7.75,
            1.59375,
            7.828125
          ],
          "tintindex": 0,
          "rotation": 0,
          "texture": "#2"
        },
        "west": {
          "uv": [
            7.75,
            1.5625,
            7.78125,
            1.640625
          ],
          "tintindex": 0,
          "rotation": 0,
          "texture": "#2"
        },
        "down": {
          "uv": [
            7.828125,
            1.6875,
            7.75,
            1.71875
          ],
          "tintindex": 0,
          "rotation": 0,
          "texture": "#2"
        }
      },
      "rotation": {
        "origin": [
          7.0770597,
          5.60172,
          17.97726
        ],
        "angle": 22.5,
        "axis": "x"
      }
    },
    {
      "from": [
        -0.62294006,
        10.24575,
        13.51136
      ],
      "to": [
        0.57705975,
        11.14575,
        14.01136
      ],
      "faces": {
        "east": {
          "uv": [
            6.875,
            7.75,
            6.90625,
            7.8046875
          ],
          "tintindex": 0,
          "rotation": 0,
          "texture": "#2"
        },
        "west": {
          "uv": [
            6.9375,
            7.75,
            6.96875,
            7.8046875
          ],
          "tintindex": 0,
          "rotation": 0,
          "texture": "#2"
        },
        "up": {
          "uv": [
            7.828125,
            1.90625,
            7.75,
            1.875
          ],
          "tintindex": 0,
          "rotation": 0,
          "texture": "#2"
        }
      },
      "rotation": {
        "origin": [
          7.0770597,
          11.74575,
          17.97726
        ],
        "angle": -22.5,
        "axis": "x"
      }
    },
    {
      "from": [
        -0.62294006,
        11.31098,
        22.590641
      ],
      "to": [
        0.57705975,
        12.11098,
        23.090641
      ],
      "faces": {
        "east": {
          "uv": [
            2.0625,
            7.8125,
            2.09375,
            7.859375
          ],
          "tintindex": 0,
          "rotation": 0,
          "texture": "#2"
        },
        "west": {
          "uv": [
            7.8125,
            2.4375,
            7.84375,
            2.484375
          ],
          "tintindex": 0,
          "rotation": 0,
          "texture": "#2"
        },
        "up": {
          "uv": [
            7.828125,
            1.15625,
            7.75,
            1.125
          ],
          "tintindex": 0,
          "rotation": 0,
          "texture": "#2"
        }
      },
      "rotation": {
        "origin": [
          7.0770597,
          12.710979,
          18.62474
        ],
        "angle": 45.0,
        "axis": "x"
      }
    },
    {
      "from": [
        -0.12294006,
        9.67373,
        15.0428505
      ],
      "to": [
        0.57705975,
        11.17373,
        20.04285
      ],
      "faces": {
        "east": {
          "uv": [
            2.4375,
            7.3125,
            2.75,
            7.40625
          ],
          "tintindex": 0,
          "rotation": 0,
          "texture": "#2"
        },
        "south": {
          "uv": [
            6.8125,
            7.625,
            6.859375,
            7.71875
          ],
          "tintindex": 0,
          "rotation": 0,
          "texture": "#2"
        },
        "north": {
          "uv": [
            6.75,
            7.625,
            6.796875,
            7.71875
          ],
          "tintindex": 0,
          "rotation": 0,
          "texture": "#2"
        },
        "west": {
          "uv": [
            4.4375,
            7.3125,
            4.75,
            7.40625
          ],
          "tintindex": 0,
          "rotation": 0,
          "texture": "#2"
        }
      }
    },
    {
      "from": [
        -0.62294006,
        11.210979,
        11.99506
      ],
      "to": [
        0.57705975,
        12.11098,
        12.49506
      ],
      "faces": {
        "east": {
          "uv": [
            6.75,
            7.75,
            6.78125,
            7.8046875
          ],
          "tintindex": 0,
          "rotation": 0,
          "texture": "#2"
        },
        "west": {
          "uv": [
            6.8125,
            7.75,
            6.84375,
            7.8046875
          ],
          "tintindex": 0,
          "rotation": 0,
          "texture": "#2"
        },
        "up": {
          "uv": [
            7.828125,
            1.84375,
            7.75,
            1.8125
          ],
          "tintindex": 0,