{
  "textures": {
    "0": "xq9rmjx80:tex/kjanzurh",
    "particle": "#0"
  },
  "elements": [
    {
      "from": [
        -10.338219,
        -5.83296,
        16.611782
      ],
      "to": [
        -9.004887,
        -4.3059196,
        16.89375
      ],
      "faces": {
        "west": {
          "uv": [
            3.375,
            12.0625,
            3.4375,
            12.375
          ],
          "tintindex": 0,
          "rotation": 0,
          "texture": "#0"
        }
      }
    },
    {
      "from": [
        -10.338219,
        -5.08296,
        16.882614
      ],
      "to": [
        -9.004887,
        -2.8892536,
        17.727081
      ],
      "faces": {
        "west": {
          "uv": [
            0.25,
            11.625,
            0.4375,
            12.0625
          ],
          "tintindex": 0,
          "rotation": 0,
          "texture": "#0"
        }
      }
    }
  ],
  "display": {
    "head": {
      "rotation": [
        -1.7764663,
        65.29751,
        -1.5112438
      ]
    },
    "firstperson_righthand": {
      "rotation": [
        -1.7764663,
        65.29751,
        -1.5112438
      ]
    },
    "thirdperson_lefthand": {
      "rotation": [
        -1.7764663,
        -65.29751,
        1.5112438
      ]
    },
    "firstperson_lefthand": {
      "rotation": [
        -1.7764663,
        -65.29751,
        1.5112438
      ]
    },
    "fixed": {
      "rotation": [
        -1.7764663,
        65.29751,
        -1.5112438
      ]
    },
    "ground": {
      "rotation": [
        -1.7764663,
        65.29751,
        -1.5112438
      ]
    },
    "thirdperson_righthand": {
      "rotation": [
        -1.7764663,
        65.29751,
        -1.5112438
      ]
    },
    "gui": {
      "rotation": [
        27.862091,
        -69.67905,
        -5.130198
      ]
    }
  }
}