{
  "textures": {
    "0": "gwjritg0z:tex/qlh8hx27",
    "particle": "#0"
  },
  "elements": [
    {
      "from": [
        14.761109,
        19.381174,
        20.192041
      ],
      "to": [
        15.761109,
        19.381174,
        23.058708
      ],
      "faces": {
        "up": {
          "uv": [
            8.96875,
            6.28125,
            8.875,
            6.0
          ],
          "tintindex": 0,
          "rotation": 0,
          "texture": "#0"
        }
      }
    }
  ],
  "display": {
    "head": {
      "rotation": [
        17.499996,
        -54.500004,
        -4.3210898e-07
      ]
    },
    "firstperson_righthand": {
      "rotation": [
        17.499996,
        -54.500004,
        -4.3210898e-07
      ]
    },
    "thirdperson_lefthand": {
      "rotation": [
        17.499996,
        54.500004,
        4.3210898e-07
      ]
    },
    "firstperson_lefthand": {
      "rotation": [
        17.499996,
        54.500004,
        4.3210898e-07
      ]
    },
    "fixed": {
      "rotation": [
        17.499996,
        -54.500004,
        -4.3210898e-07
      ]
    },
    "ground": {
      "rotation": [
        17.499996,
        -54.500004,
        -4.3210898e-07
      ]
    },
    "thirdperson_righthand": {
      "rotation": [
        17.499996,
        -54.500004,
        -4.3210898e-07
      ]
    },
    "gui": {
      "rotation": [
        -160.23325,
        10.605887,
        167.50662
      ]
    }
  }
}