{
  "textures": {
    "6": "gwjritg0z:tex/rgbchkdy",
    "particle": "#6"
  },
  "elements": [
    {
      "from": [
        12.978046,
        14.8145275,
        19.36016
      ],
      "to": [
        13.644713,
        15.131195,
        23.026827
      ],
      "faces": {
        "up": {
          "uv": [
            1.875,
            9.25,
            1.8125,
            8.90625
          ],
          "tintindex": 0,
          "rotation": 0,
          "texture": "#6"
        }
      }
    },
    {
      "from": [
        11.978046,
        14.8145275,
        19.36016
      ],
      "to": [
        12.978046,
        15.131195,
        22.026827
      ],
      "faces": {
        "up": {
          "uv": [
            1.09375,
            7.15625,
            1.0,
            6.90625
          ],
          "tintindex": 0,
          "rotation": 0,
          "texture": "#6"
        }
      }
    }
  ],
  "display": {
    "head": {
      "rotation": [
        35.956932,
        -18.727007,
        66.12584
      ]
    },
    "firstperson_righthand": {
      "rotation": [
        35.956932,
        -18.727007,
        66.12584
      ]
    },
    "thirdperson_lefthand": {
      "rotation": [
        35.956932,
        18.727007,
        -66.12584
      ]
    },
    "firstperson_lefthand": {
      "rotation": [
        35.956932,
        18.727007,
        -66.12584
      ]
    },
    "fixed": {
      "rotation": [
        35.956932,
        -18.727007,
        66.12584
      ]
    },
    "ground": {
      "rotation": [
        35.956932,
        -18.727007,
        66.12584
      ]
    },
    "thirdperson_righthand": {
      "rotation": [
        35.956932,
        -18.727007,
        66.12584
      ]
    },
    "gui": {
      "rotation": [
        174.13133,
        -18.363733,
        -139.81705
      ]
    }
  }
}