{
  "textures": {
    "0": "2thxh28ly:tex/9h99ta8j",
    "particle": "#0"
  },
  "elements": [
    {
      "from": [
        8.25,
        12.839393,
        7.4835777
      ],
      "to": [
        12.0,
        13.089393,
        9.983578
      ],
      "faces": {
        "east": {
          "uv": [
            10.5625,
            2.96875,
            10.59375,
            3.28125
          ],
          "tintindex": 0,
          "rotation": 90,
          "texture": "#0"
        },
        "west": {
          "uv": [
            10.125,
            3.15625,
            10.15625,
            3.46875
          ],
          "tintindex": 0,
          "rotation": 270,
          "texture": "#0"
        },
        "up": {
          "uv": [
            10.125,
            2.59375,
            10.59375,
            2.90625
          ],
          "tintindex": 0,
          "rotation": 0,
          "texture": "#0"
        },
        "down": {
          "uv": [
            10.59375,
            0.0,
            10.125,
            0.4375
          ],
          "tintindex": 0,
          "rotation": 180,
          "texture": "#0"
        }
      }
    },
    {
      "from": [
        21.0,
        8.940556,
        -14.584156
      ],
      "to": [
        24.75,
        11.440556,
        -14.334156
      ],
      "faces": {
        "east": {
          "uv": [
            10.5625,
            3.28125,
            10.59375,
            3.59375
          ],
          "tintindex": 0,
          "rotation": 180,
          "texture": "#0"
        },
        "south": {
          "uv": [
            10.125,
            3.71875,
            10.59375,
            3.40625
          ],
          "tintindex": 0,
          "rotation": 0,
          "texture": "#0"
        },
        "north": {
          "uv": [
            10.125,
            0.0,
            10.59375,
            0.3125
          ],
          "tintindex": 0,
          "rotation": 180,
          "texture": "#0"
        },
        "west": {
          "uv": [
            10.125,
            1.0625,
            10.15625,
            0.75
          ],
          "tintindex": 0,
          "rotation": 0,
          "texture": "#0"
        }
      }
    },
    {
      "from": [
        8.25,
        8.940556,
        -14.584156
      ],
      "to": [
        12.0,
        11.440556,
        -14.334156
      ],
      "faces": {
        "east": {
          "uv": [
            10.5625,
            3.28125,
            10.59375,
            3.59375
          ],
          "tintindex": 0,
          "rotation": 180,
          "texture": "#0"
        },
        "south": {
          "uv": [
            10.125,
            3.71875,
            10.59375,
            3.40625
          ],
          "tintindex": 0,
          "rotation": 0,
          "texture": "#0"
        },
        "north": {
          "uv": [
            10.125,
            0.0,
            10.59375,
            0.3125
          ],
          "tintindex": 0,
          "rotation": 180,
          "texture": "#0"
        },
        "west": {
          "uv": [
            10.125,
            1.0625,
            10.15625,
            0.75
          ],
          "tintindex": 0,
          "rotation": 0,
          "texture": "#0"
        }
      }
    },
    {
      "from": [
        8.25,
        11.719615,
        11.128385
      ],
      "to": [
        12.0,
        13.719615,
        11.378385
      ],
      "faces": {
        "east": {
          "uv": [
            10.5625,
            3.28125,
            10.59375,
            3.53125
          ],
          "tintindex": 0,
          "rotation": 0,
          "texture": "#0"
        },
        "south": {
          "uv": [
            10.125,
            2.90625,
            10.59375,
            3.15625
          ],
          "tintindex": 0,
          "rotation": 0,
          "texture": "#0"
        },
        "north": {
          "uv": [
            10.125,
            1.9375,
            10.59375,
            1.6875
          ],
          "tintindex": 0,
          "rotation": 180,
          "texture": "#0"
        },
        "west": {
          "uv": [
            10.125,
            3.15625,
            10.15625,
            2.90625
          ],
          "tintindex": 0,
          "rotation": 180,
          "texture": "#0"
        }
      },
      "rotation": {
        "origin": [
          8.25,
          11.719615,
          11.378385
        ],
        "angle": -45.0,
        "axis": "x"
      }
    },
    {
      "from": [
        21.0,
        11.719615,
        11.128385
      ],
      "to": [
        24.75,
        13.719615,
        11.378385
      ],
      "faces": {
        "east": {
          "uv": [
            10.5625,
            3.28125,
            10.59375,
            3.53125
          ],
          "tintindex": 0,
          "rotation": 0,
          "texture": "#0"
        },
        "south": {
          "uv": [
            10.125,
            2.90625,
            10.59375,
            3.15625
          ],
          "tintindex": 0,
          "rotation": 0,
          "texture": "#0"
        },
        "north": {
          "uv": [
            10.125,
            1.9375,
            10.59375,
            1.6875
          ],
          "tintindex": 0,
          "rotation": 180,
          "texture": "#0"
        },
        "west": {
          "uv": [
            10.125,
            3.15625,
            10.15625,
            2.90625
          ],
          "tintindex": 0,
          "rotation": 180,
          "texture": "#0"
        }
      },
      "rotation": {
        "origin": [
          21.0,
          11.719615,
          11.378385
        ],
        "angle": -45.0,
        "axis": "x"
      }
    },
    {
      "from": [
        8.25,
        11.75,
        -12.0
      ],
      "to": [
        12.0,
        12.0,
        4.0
      ],
      "faces": {
        "east": {
          "uv": [
            10.5625,
            0.0,
            10.59375,
            2.0
          ],
          "tintindex": 0,
          "rotation": 270,
          "texture": "#0"
        },
        "west": {
          "uv": [
            10.125,
            2.375,
            10.15625,
            0.375
          ],
          "tintindex": 0,
          "rotation": 270,
          "texture": "#0"
        },
        "up": {
          "uv": [
            10.125,
            2.0,
            10.59375,
            0.0
          ],
          "tintindex": 0,
          "rotation": 0,
          "texture": "#0"
        },
        "down": {
          "uv": [
            10.125,
            0.0,
            10.59375,
            2.0
          ],
          "tintindex": 0,
          "rotation": 0,
          "texture": "#0"
        }
      }
    },
    {
      "from": [
        8.25,
        8.0,
        -12.0
      ],
      "to": [
        12.0,
        8.25,
        8.0
      ],
      "faces": {
        "east": {
          "uv": [
            10.5625,
            0.1875,
            10.59375,
            2.6875
          ],
          "tintindex": 0,
          "rotation": 270,
          "texture": "#0"
        },
        "west": {
          "uv": [
            10.125,
            2.5,
            10.15625,
            0.0
          ],
          "tintindex": 0,
          "rotation": 270,
          "texture": "#0"
        },
        "up": {
          "uv": [
            10.125,
            2.5,
            10.59375,
            0.0
          ],
          "tintindex": 0,
          "rotation": 0,
          "texture": "#0"
        },
        "down": {
          "uv": [
            10.125,
            0.0,
            10.59375,
            2.5
          ],
          "tintindex": 0,
          "rotation": 0,
          "texture": "#0"
        }
      }
    },
    {
      "from": [
        21.0,
        11.75,
        -12.0
      ],
      "to": [
        24.75,
        12.0,
        4.0
      ],