{
  "textures": {
    "1": "f6o7c9v5q:tex/1gikiw69",
    "particle": "#1"
  },
  "elements": [
    {
      "from": [
        8.4,
        9.799999,
        6.02114
      ],
      "to": [
        10.4,
        10.2,
        7.02114
      ],
      "faces": {
        "east": {
          "uv": [
            3.28125,
            3.28125,
            3.53125,
            3.53125
          ],
          "tintindex": 0,
          "rotation": 0,
          "texture": "#1"
        },
        "south": {
          "uv": [
            3.28125,
            3.28125,
            3.53125,
            3.53125
          ],
          "tintindex": 0,
          "rotation": 0,
          "texture": "#1"
        },
        "north": {
          "uv": [
            3.28125,
            3.28125,
            3.53125,
            3.53125
          ],
          "tintindex": 0,
          "rotation": 0,
          "texture": "#1"
        },
        "west": {
          "uv": [
            3.28125,
            3.28125,
            3.53125,
            3.53125
          ],
          "tintindex": 0,
          "rotation": 0,
          "texture": "#1"
        },
        "up": {
          "uv": [
            3.28125,
            3.28125,
            3.53125,
            3.53125
          ],
          "tintindex": 0,
          "rotation": 0,
          "texture": "#1"
        },
        "down": {
          "uv": [
            3.28125,
            3.28125,
            3.53125,
            3.53125
          ],
          "tintindex": 0,
          "rotation": 0,
          "texture": "#1"
        }
      }
    },
    {
      "from": [
        10.2,
        8.25,
        6.02114
      ],
      "to": [
        10.6,
        10.65,
        7.02114
      ],
      "faces": {
        "east": {
          "uv": [
            3.28125,
            3.28125,
            3.53125,
            3.53125
          ],
          "tintindex": 0,
          "rotation": 0,
          "texture": "#1"
        },
        "south": {
          "uv": [
            3.28125,
            3.28125,
            3.53125,
            3.53125
          ],
          "tintindex": 0,
          "rotation": 0,
          "texture": "#1"
        },
        "north": {
          "uv": [
            3.28125,
            3.28125,
            3.53125,
            3.53125
          ],
          "tintindex": 0,
          "rotation": 0,
          "texture": "#1"
        },
        "west": {
          "uv": [
            3.28125,
            3.28125,
            3.53125,
            3.53125
          ],
          "tintindex": 0,
          "rotation": 0,
          "texture": "#1"
        },
        "up": {
          "uv": [
            3.28125,
            3.28125,
            3.53125,
            3.53125
          ],
          "tintindex": 0,
          "rotation": 0,
          "texture": "#1"
        },
        "down": {
          "uv": [
            3.28125,
            3.28125,
            3.53125,
            3.53125
          ],
          "tintindex": 0,
          "rotation": 0,
          "texture": "#1"
        }
      },
      "rotation": {
        "origin": [
          10.5,
          11.0,
          4.12114
        ],
        "angle": -45.0,
        "axis": "z"
      }
    },
    {
      "from": [
        9.15,
        9.0,
        6.02114
      ],
      "to": [
        9.55,
        11.0,
        7.02114
      ],
      "faces": {
        "east": {
          "uv": [
            3.28125,
            3.28125,
            3.53125,
            3.53125
          ],
          "tintindex": 0,
          "rotation": 0,
          "texture": "#1"
        },
        "south": {
          "uv": [
            3.28125,
            3.28125,
            3.53125,
            3.53125
          ],
          "tintindex": 0,
          "rotation": 0,
          "texture": "#1"
        },
        "north": {
          "uv": [
            3.28125,
            3.28125,
            3.53125,
            3.53125
          ],
          "tintindex": 0,
          "rotation": 0,
          "texture": "#1"
        },
        "west": {
          "uv": [
            3.28125,
            3.28125,
            3.53125,
            3.53125
          ],
          "tintindex": 0,
          "rotation": 0,
          "texture": "#1"
        },
        "up": {
          "uv": [
            3.28125,
            3.28125,
            3.53125,
            3.53125
          ],
          "tintindex": 0,
          "rotation": 0,
          "texture": "#1"
        },
        "down": {
          "uv": [
            3.28125,
            3.28125,
            3.53125,
            3.53125
          ],
          "tintindex": 0,
          "rotation": 0,
          "texture": "#1"
        }
      }
    },
    {
      "from": [
        8.2,
        8.2,
        6.02114
      ],
      "to": [
        8.6,
        10.7,
        7.02114
      ],
      "faces": {
        "east": {
          "uv": [
            3.28125,
            3.28125,
            3.53125,
            3.53125
          ],
          "tintindex": 0,
          "rotation": 0,
          "texture": "#1"
        },
        "south": {
          "uv": [
            3.28125,
            3.28125,
            3.53125,
            3.53125
          ],
          "tintindex": 0,
          "rotation": 0,
          "texture": "#1"
        },
        "north": {
          "uv": [
            3.28125,
            3.28125,
            3.53125,
            3.53125
          ],
          "tintindex": 0,
          "rotation": 0,
          "texture": "#1"
        },
        "west": {
          "uv": [
            3.28125,
            3.28125,
            3.53125,
            3.53125
          ],
          "tintindex": 0,
          "rotation": 0,
          "texture": "#1"
        },
        "up": {
          "uv": [
            3.28125,
            3.28125,
            3.53125,
            3.53125
          ],
          "tintindex": 0,
          "rotation": 0,
          "texture": "#1"
        },
        "down": {
          "uv": [
            3.28125,
            3.28125,
            3.53125,
            3.53125
          ],
          "tintindex": 0,
          "rotation": 0,
          "texture": "#1"
        }
      },
      "rotation": {
        "origin": [
          8.3,
          10.9,
          4.12114
        ],
        "angle": 45.0,
        "axis": "z"
      }
    },
    {
      "from": [
        8.95,
        9.6,
        5.92114
      ],
      "to": [
        9.75,
        10.4,
        7.02114
      ],
      "faces": {
        "east": {
          "uv": [
            3.28125,
            3.28125,
            3.53125,
            3.53125
          ],
          "tintindex": 0,
          "rotation": 0,
          "texture": "#1"
        },
        "south": {
          "uv": [
            3.28125,
            3.28125,
            3.53125,
            3.53125
          ],
          "tintindex": 0,
          "rotation": 0,
          "texture": "#1"
        },
        "north": {
          "uv": [
            3.28125,
            3.28125,
            3.53125,
            3.53125
          ],
          "tintindex": 0,
          "rotation": 0,
          "texture": "#1"
        },
        "west": {
          "uv": [
            3.28125,
            3.28125,
            3.53125,
            3.53125
          ],
          "tintindex": 0,
          "rotation": 0,
          "texture": "#1"
        },
        "up": {
          "uv": [
            3.28125,
            3.28125,
            3.53125,
            3.53125
          ],
          "tintindex": 0,
          "rotation": 0,
          "texture": "#1"
        },
        "down": {
          "uv": [
            3.28125,
            3.28125,
            3.53125,
            3.53125
          ],
          "tintindex": 0,
          "rotation": 0,
          "texture": "#1"
        }
      }
    }
  ],
  "display": {
    "head": {
      "rotation": [
        0.0,
        0.0,
        0.0
      ]
    },