{
  "textures": {
    "0": "gwjritg0z:tex/qlh8hx27",
    "particle": "#0"
  },
  "elements": [
    {
      "from": [
        21.906044,
        -3.4805632,
        11.84767
      ],
      "to": [
        22.22271,
        0.18610287,
        12.84767
      ],
      "faces": {
        "east": {
          "uv": [
            8.21875,
            8.5625,
            8.3125,
            8.90625
          ],
          "tintindex": 0,
          "rotation": 0,
          "texture": "#0"
        },
        "south": {
          "uv": [
            0.625,
            9.125,
            0.65625,
            9.46875
          ],
          "tintindex": 0,
          "rotation": 0,
          "texture": "#0"
        }
      }
    }
  ],
  "display": {
    "head": {
      "rotation": [
        -74.1846,
        -5.588684,
        -18.973137
      ]
    },
    "firstperson_righthand": {
      "rotation": [
        -74.1846,
        -5.588684,
        -18.973137
      ]
    },
    "thirdperson_lefthand": {
      "rotation": [
        -74.1846,
        5.588684,
        18.973137
      ]
    },
    "firstperson_lefthand": {
      "rotation": [
        -74.1846,
        5.588684,
        18.973137
      ]
    },
    "fixed": {
      "rotation": [
        -74.1846,
        -5.588684,
        -18.973137
      ]
    },
    "ground": {
      "rotation": [
        -74.1846,
        -5.588684,
        -18.973137
      ]
    },
    "thirdperson_righthand": {
      "rotation": [
        -74.1846,
        -5.588684,
        -18.973137
      ]
    },
    "gui": {
      "rotation": [
        -75.22753,
        -7.06155,
        -155.69511
      ]
    }
  }
}