{
  "textures": {
    "0": "xq9rmjx80:tex/kjanzurh",
    "particle": "#0"
  },
  "elements": [
    {
      "from": [
        16.5403,
        -5.3202085,
        3.004839
      ],
      "to": [
        17.873632,
        -3.793169,
        3.286806
      ],
      "faces": {
        "east": {
          "uv": [
            12.0625,
            1.8125,
            12.125,
            2.125
          ],
          "tintindex": 0,
          "rotation": 0,
          "texture": "#0"
        }
      }
    },
    {
      "from": [
        16.5403,
        -4.5702085,
        2.1715055
      ],
      "to": [
        17.873632,
        -2.376502,
        3.0159726
      ],
      "faces": {
        "east": {
          "uv": [
            0.8125,
            11.375,
            1.0,
            11.8125
          ],
          "tintindex": 0,
          "rotation": 0,
          "texture": "#0"
        }
      }
    }
  ],
  "display": {
    "head": {
      "rotation": [
        1.7764663,
        65.29751,
        1.5112438
      ]
    },
    "firstperson_righthand": {
      "rotation": [
        1.7764663,
        65.29751,
        1.5112438
      ]
    },
    "thirdperson_lefthand": {
      "rotation": [
        1.7764663,
        -65.29751,
        -1.5112438
      ]
    },
    "firstperson_lefthand": {
      "rotation": [
        1.7764663,
        -65.29751,
        -1.5112438
      ]
    },
    "fixed": {
      "rotation": [
        1.7764663,
        65.29751,
        1.5112438
      ]
    },
    "ground": {
      "rotation": [
        1.7764663,
        65.29751,
        1.5112438
      ]
    },
    "thirdperson_righthand": {
      "rotation": [
        1.7764663,
        65.29751,
        1.5112438
      ]
    },
    "gui": {
      "rotation": [
        32.13791,
        -69.67905,
        5.130198
      ]
    }
  }
}