{
  "textures": {
    "6": "gwjritg0z:tex/rgbchkdy",
    "particle": "#6"
  },
  "elements": [
    {
      "from": [
        17.2,
        8.0,
        4.8000007
      ],
      "to": [
        19.6,
        8.2,
        8.000001
      ],
      "faces": {
        "east": {
          "uv": [
            12.15625,
            3.3125,
            12.1875,
            3.8125
          ],
          "tintindex": 0,
          "rotation": 270,
          "texture": "#6"
        },
        "west": {
          "uv": [
            11.8125,
            2.5,
            11.84375,
            2.0
          ],
          "tintindex": 0,
          "rotation": 270,
          "texture": "#6"
        },
        "up": {
          "uv": [
            11.8125,
            1.46875,
            12.1875,
            0.96875
          ],
          "tintindex": 0,
          "rotation": 0,
          "texture": "#6"
        },
        "down": {
          "uv": [
            11.8125,
            1.34375,
            12.1875,
            1.84375
          ],
          "tintindex": 0,
          "rotation": 0,
          "texture": "#6"
        }
      }
    },
    {
      "from": [
        17.2,
        19.802475,
        -6.934511
      ],
      "to": [
        19.6,
        20.802475,
        -6.7345114
      ],
      "faces": {
        "east": {
          "uv": [
            12.15625,
            2.78125,
            12.1875,
            2.625
          ],
          "tintindex": 0,
          "rotation": 180,
          "texture": "#6"
        },
        "south": {
          "uv": [
            12.1875,
            0.96875,
            11.8125,
            1.125
          ],
          "tintindex": 0,
          "rotation": 180,
          "texture": "#6"
        },
        "north": {
          "uv": [
            11.8125,
            1.84375,
            12.1875,
            2.0
          ],
          "tintindex": 0,
          "rotation": 180,
          "texture": "#6"
        },
        "west": {
          "uv": [
            11.8125,
            2.84375,
            11.84375,
            3.0
          ],
          "tintindex": 0,
          "rotation": 180,
          "texture": "#6"
        }
      },
      "rotation": {
        "origin": [
          17.2,
          20.802475,
          -6.7345114
        ],
        "angle": -22.5,
        "axis": "x"
      }
    },
    {
      "from": [
        8.0,
        8.0,
        4.8000007
      ],
      "to": [
        10.4,
        8.2,
        8.000001
      ],
      "faces": {
        "east": {
          "uv": [
            12.15625,
            3.3125,
            12.1875,
            3.8125
          ],
          "tintindex": 0,
          "rotation": 270,
          "texture": "#6"
        },
        "west": {
          "uv": [
            11.8125,
            2.5,
            11.84375,
            2.0
          ],
          "tintindex": 0,
          "rotation": 270,
          "texture": "#6"
        },
        "up": {
          "uv": [
            11.8125,
            1.46875,
            12.1875,
            0.96875
          ],
          "tintindex": 0,
          "rotation": 0,
          "texture": "#6"
        },
        "down": {
          "uv": [
            11.8125,
            1.34375,
            12.1875,
            1.84375
          ],
          "tintindex": 0,
          "rotation": 0,
          "texture": "#6"
        }
      }
    },
    {
      "from": [
        8.0,
        19.802475,
        -6.934511
      ],
      "to": [
        10.4,
        20.802475,
        -6.7345114
      ],
      "faces": {
        "east": {
          "uv": [
            12.15625,
            2.78125,
            12.1875,
            2.625
          ],
          "tintindex": 0,
          "rotation": 180,
          "texture": "#6"
        },
        "south": {
          "uv": [
            12.1875,
            0.96875,
            11.8125,
            1.125
          ],
          "tintindex": 0,
          "rotation": 180,
          "texture": "#6"
        },
        "north": {
          "uv": [
            11.8125,
            1.84375,
            12.1875,
            2.0
          ],
          "tintindex": 0,
          "rotation": 180,
          "texture": "#6"
        },
        "west": {
          "uv": [
            11.8125,
            2.84375,
            11.84375,
            3.0
          ],
          "tintindex": 0,
          "rotation": 180,
          "texture": "#6"
        }
      },
      "rotation": {
        "origin": [
          8.0,
          20.802475,
          -6.7345114
        ],
        "angle": -22.5,
        "axis": "x"
      }
    }
  ],
  "display": {
    "head": {
      "rotation": [
        -35.0,
        0.0,
        0.0
      ]
    },
    "firstperson_righthand": {
      "rotation": [
        -35.0,
        0.0,
        0.0
      ]
    },
    "thirdperson_lefthand": {
      "rotation": [
        -35.0,
        -0.0,
        -0.0
      ]
    },
    "firstperson_lefthand": {
      "rotation": [
        -35.0,
        -0.0,
        -0.0
      ]
    },
    "fixed": {
      "rotation": [
        -35.0,
        0.0,
        0.0
      ]
    },
    "ground": {
      "rotation": [
        -35.0,
        0.0,
        0.0
      ]
    },
    "thirdperson_righthand": {
      "rotation": [
        -35.0,
        0.0,
        0.0
      ]
    },
    "gui": {
      "rotation": [
        -105.28088,
        -35.39626,
        -150.16243
      ]
    }
  }
}