{
  "textures": {
    "1": "2thxh28ly:tex/zof8rtgz",
    "particle": "#1"
  },
  "elements": [
    {
      "from": [
        9.15,
        -3.5999994,
        10.3
      ],
      "to": [
        9.35,
        5.6000004,
        10.4
      ],
      "faces": {
        "east": {
          "uv": [
            5.80625,
            10.00938,
            5.75625,
            11.05313
          ],
          "tintindex": 0,
          "rotation": 0,
          "texture": "#1"
        },
        "south": {
          "uv": [
            5.80625,
            10.00938,
            5.75625,
            11.05313
          ],
          "tintindex": 0,
          "rotation": 0,
          "texture": "#1"
        },
        "north": {
          "uv": [
            5.80625,
            10.00938,
            5.75625,
            11.05313
          ],
          "tintindex": 0,
          "rotation": 0,
          "texture": "#1"
        },
        "west": {
          "uv": [
            5.80625,
            10.00938,
            5.75625,
            11.05313
          ],
          "tintindex": 0,
          "rotation": 0,
          "texture": "#1"
        },
        "up": {
          "uv": [
            5.80625,
            10.00938,
            5.75625,
            11.05313
          ],
          "tintindex": 0,
          "rotation": 0,
          "texture": "#1"
        },
        "down": {
          "uv": [
            5.80625,
            10.00938,
            5.75625,
            11.05313
          ],
          "tintindex": 0,
          "rotation": 0,
          "texture": "#1"
        }
      },
      "rotation": {
        "origin": [
          8.1,
          4.7683716e-07,
          8.5
        ],
        "angle": 45.0,
        "axis": "z"
      }
    },
    {
      "from": [
        9.0,
        0.7000003,
        10.1
      ],
      "to": [
        9.6,
        1.3000002,
        10.6
      ],
      "faces": {
        "east": {
          "uv": [
            5.80625,
            10.04063,
            5.75625,
            10.27188
          ],
          "tintindex": 0,
          "rotation": 0,
          "texture": "#1"
        },
        "south": {
          "uv": [
            5.80625,
            10.04063,
            5.75625,
            10.27188
          ],
          "tintindex": 0,
          "rotation": 0,
          "texture": "#1"
        },
        "north": {
          "uv": [
            5.80625,
            10.04063,
            5.75625,
            10.27188
          ],
          "tintindex": 0,
          "rotation": 0,
          "texture": "#1"
        },
        "west": {
          "uv": [
            5.80625,
            10.04063,
            5.75625,
            10.27188
          ],
          "tintindex": 0,
          "rotation": 0,
          "texture": "#1"
        },
        "up": {
          "uv": [
            5.80625,
            10.04063,
            5.75625,
            10.27188
          ],
          "tintindex": 0,
          "rotation": 0,
          "texture": "#1"
        },
        "down": {
          "uv": [
            5.80625,
            10.04063,
            5.75625,
            10.27188
          ],
          "tintindex": 0,
          "rotation": 0,
          "texture": "#1"
        }
      },
      "rotation": {
        "origin": [
          8.3,
          4.7683716e-07,
          8.5
        ],
        "angle": 45.0,
        "axis": "z"
      }
    },
    {
      "from": [
        9.125,
        -2.2999992,
        10.25
      ],
      "to": [
        9.425,
        4.3,
        10.45
      ],
      "faces": {
        "east": {
          "uv": [
            5.80625,
            10.00938,
            5.75625,
            11.05313
          ],
          "tintindex": 0,
          "rotation": 0,
          "texture": "#1"
        },
        "south": {
          "uv": [
            5.80625,
            10.00938,
            5.75625,
            11.05313
          ],
          "tintindex": 0,
          "rotation": 0,
          "texture": "#1"
        },
        "north": {
          "uv": [
            5.80625,
            10.00938,
            5.75625,
            11.05313
          ],
          "tintindex": 0,
          "rotation": 0,
          "texture": "#1"
        },
        "west": {
          "uv": [
            5.80625,
            10.00938,
            5.75625,
            11.05313
          ],
          "tintindex": 0,
          "rotation": 0,
          "texture": "#1"
        },
        "up": {
          "uv": [
            5.80625,
            10.00938,
            5.75625,
            11.05313
          ],
          "tintindex": 0,
          "rotation": 0,
          "texture": "#1"
        },
        "down": {
          "uv": [
            5.80625,
            10.00938,
            5.75625,
            11.05313
          ],
          "tintindex": 0,
          "rotation": 0,
          "texture": "#1"
        }
      },
      "rotation": {
        "origin": [
          8.2,
          4.7683716e-07,
          8.5
        ],
        "angle": 45.0,
        "axis": "z"
      }
    },
    {
      "from": [
        9.1,
        -0.5,
        10.2
      ],
      "to": [
        9.5,
        2.5000005,
        10.5
      ],
      "faces": {
        "east": {
          "uv": [
            5.80625,
            10.00938,
            5.75625,
            11.05313
          ],
          "tintindex": 0,
          "rotation": 0,
          "texture": "#1"
        },
        "south": {
          "uv": [
            5.80625,
            10.00938,
            5.75625,
            11.05313
          ],
          "tintindex": 0,
          "rotation": 0,
          "texture": "#1"
        },
        "north": {
          "uv": [
            5.80625,
            10.00938,
            5.75625,
            11.05313
          ],
          "tintindex": 0,
          "rotation": 0,
          "texture": "#1"
        },
        "west": {
          "uv": [
            5.80625,
            10.00938,
            5.75625,
            11.05313
          ],
          "tintindex": 0,
          "rotation": 0,
          "texture": "#1"
        },
        "up": {
          "uv": [
            5.80625,
            10.00938,
            5.75625,
            11.05313
          ],
          "tintindex": 0,
          "rotation": 0,
          "texture": "#1"
        },
        "down": {
          "uv": [
            5.80625,
            10.00938,
            5.75625,
            11.05313
          ],
          "tintindex": 0,
          "rotation": 0,
          "texture": "#1"
        }
      },
      "rotation": {
        "origin": [
          8.3,
          4.7683716e-07,
          8.5
        ],
        "angle": 45.0,
        "axis": "z"
      }
    },
    {
      "from": [
        9.1,
        0.8000002,
        10.0
      ],
      "to": [
        9.5,
        1.2000003,
        10.1
      ],
      "faces": {
        "east": {
          "uv": [
            5.61875,
            9.50938,
            5.5375,
            9.58438
          ],
          "tintindex": 0,
          "rotation": 0,
          "texture": "#1"
        },
        "south": {
          "uv": [
            5.61875,
            9.50938,
            5.5375,
            9.58438
          ],
          "tintindex": 0,
          "rotation": 0,
          "texture": "#1"
        },
        "north": {
          "uv": [
            5.61875,
            9.50938,
            5.5375,
            9.58438
          ],
          "tintindex": 0,
          "rotation": 0,
          "texture": "#1"
        },
        "west": {
          "uv": [
            5.61875,
            9.50938,
            5.5375,
            9.58438
          ],
          "tintindex": 0,
          "rotation": 0,
          "texture": "#1"
        },
        "up": {
          "uv": [
            5.61875,
            9.50938,
            5.5375,
            9.58438
          ],
          "tintindex": 0,
          "rotation": 0,