{
  "textures": {
    "0": "xq9rmjx80:tex/kjanzurh",
    "particle": "#0"
  },
  "elements": [
    {
      "from": [
        15.3943205,
        20.183756,
        1.2285042
      ],
      "to": [
        16.060987,
        23.26709,
        2.0618372
      ],
      "faces": {
        "east": {
          "uv": [
            8.0625,
            11.25,
            8.25,
            11.8125
          ],
          "tintindex": 0,
          "rotation": 0,
          "texture": "#0"
        }
      }
    }
  ],
  "display": {
    "head": {
      "rotation": [
        14.333346,
        2.885753,
        12.105021
      ]
    },
    "firstperson_righthand": {
      "rotation": [
        14.333346,
        2.885753,
        12.105021
      ]
    },
    "thirdperson_lefthand": {
      "rotation": [
        14.333346,
        -2.885753,
        -12.105021
      ]
    },
    "firstperson_lefthand": {
      "rotation": [
        14.333346,
        -2.885753,
        -12.105021
      ]
    },
    "fixed": {
      "rotation": [
        14.333346,
        2.885753,
        12.105021
      ]
    },
    "ground": {
      "rotation": [
        14.333346,
        2.885753,
        12.105021
      ]
    },
    "thirdperson_righthand": {
      "rotation": [
        14.333346,
        2.885753,
        12.105021
      ]
    },
    "gui": {
      "rotation": [
        -170.86623,
        -46.040123,
        177.49834
      ]
    }
  }
}