{
  "textures": {
    "0": "5exp3rjkn:tex/6lbo7w2b",
    "particle": "#0"
  },
  "elements": [
    {
      "from": [
        -1.0,
        3.0,
        6.514717
      ],
      "to": [
        16.0,
        13.0,
        11.485283
      ],
      "faces": {
        "east": {
          "uv": [
            3.53125,
            7.75,
            3.6875,
            8.0625
          ],
          "tintindex": 0,
          "rotation": 0,
          "texture": "#0"
        },
        "south": {
          "uv": [
            6.1875,
            3.09375,
            6.71875,
            3.40625
          ],
          "tintindex": 0,
          "rotation": 0,
          "texture": "#0"
        },
        "north": {
          "uv": [
            6.1875,
            2.0,
            6.71875,
            2.3125
          ],
          "tintindex": 0,
          "rotation": 0,
          "texture": "#0"
        },
        "west": {
          "uv": [
            3.6875,
            7.75,
            3.84375,
            8.0625
          ],
          "tintindex": 0,
          "rotation": 0,
          "texture": "#0"
        },
        "up": {
          "uv": [
            5.3125,
            6.875,
            4.78125,
            6.71875
          ],
          "tintindex": 0,
          "rotation": 0,
          "texture": "#0"
        },
        "down": {
          "uv": [
            7.28125,
            1.4375,
            6.75,
            1.59375
          ],
          "tintindex": 0,
          "rotation": 0,
          "texture": "#0"
        }
      }
    },
    {
      "from": [
        -1.0,
        5.514721,
        4.0
      ],
      "to": [
        16.0,
        10.485279,
        15.0
      ],
      "faces": {
        "east": {
          "uv": [
            7.625,
            3.21875,
            7.96875,
            3.375
          ],
          "tintindex": 0,
          "rotation": 0,
          "texture": "#0"
        },
        "south": {
          "uv": [
            6.6875,
            1.09375,
            7.21875,
            1.25
          ],
          "tintindex": 0,
          "rotation": 0,
          "texture": "#0"
        },
        "north": {
          "uv": [
            6.6875,
            0.9375,
            7.21875,
            1.09375
          ],
          "tintindex": 0,
          "rotation": 0,
          "texture": "#0"
        },
        "west": {
          "uv": [
            7.625,
            3.46875,
            7.96875,
            3.625
          ],
          "tintindex": 0,
          "rotation": 0,
          "texture": "#0"
        },
        "up": {
          "uv": [
            6.0,
            6.0625,
            5.46875,
            5.71875
          ],
          "tintindex": 0,
          "rotation": 0,
          "texture": "#0"
        },
        "down": {
          "uv": [
            6.34375,
            5.125,
            5.8125,
            5.46875
          ],
          "tintindex": 0,
          "rotation": 0,
          "texture": "#0"
        }
      },
      "rotation": {
        "origin": [
          9.0,
          8.0,
          9.0
        ],
        "angle": 45.0,
        "axis": "x"
      }
    },
    {
      "from": [
        -1.0,
        5.514721,
        4.0
      ],
      "to": [
        16.0,
        10.485279,
        14.0
      ],
      "faces": {
        "east": {
          "uv": [
            7.6875,
            5.21875,
            8.0,
            5.375
          ],
          "tintindex": 0,
          "rotation": 0,
          "texture": "#0"
        },
        "south": {
          "uv": [
            6.71875,
            2.15625,
            7.25,
            2.3125
          ],
          "tintindex": 0,
          "rotation": 0,
          "texture": "#0"
        },
        "north": {
          "uv": [
            6.71875,
            2.0,
            7.25,
            2.15625
          ],
          "tintindex": 0,
          "rotation": 0,
          "texture": "#0"
        },
        "west": {
          "uv": [
            7.71875,
            3.625,
            8.03125,
            3.78125
          ],
          "tintindex": 0,
          "rotation": 0,
          "texture": "#0"
        },
        "up": {
          "uv": [
            5.5,
            6.375,
            4.96875,
            6.0625
          ],
          "tintindex": 0,
          "rotation": 0,
          "texture": "#0"
        },
        "down": {
          "uv": [
            1.90625,
            6.09375,
            1.375,
            6.40625
          ],
          "tintindex": 0,
          "rotation": 0,
          "texture": "#0"
        }
      }
    },
    {
      "from": [
        -1.0,
        3.0,
        6.514717
      ],
      "to": [
        16.0,
        13.0,
        11.485283
      ],
      "faces": {
        "east": {
          "uv": [
            7.1875,
            7.6875,
            7.34375,
            8.0
          ],
          "tintindex": 0,
          "rotation": 0,
          "texture": "#0"
        },
        "south": {
          "uv": [
            6.15625,
            0.9375,
            6.6875,
            1.25
          ],
          "tintindex": 0,
          "rotation": 0,
          "texture": "#0"
        },
        "north": {
          "uv": [
            6.15625,
            0.625,
            6.6875,
            0.9375
          ],
          "tintindex": 0,
          "rotation": 0,
          "texture": "#0"
        },
        "west": {
          "uv": [
            7.75,
            0.0,
            7.90625,
            0.3125
          ],
          "tintindex": 0,
          "rotation": 0,
          "texture": "#0"
        },
        "up": {
          "uv": [
            7.25,
            3.21875,
            6.71875,
            3.0625
          ],
          "tintindex": 0,
          "rotation": 0,
          "texture": "#0"
        },
        "down": {
          "uv": [
            7.25,
            3.21875,
            6.71875,
            3.375
          ],
          "tintindex": 0,
          "rotation": 0,
          "texture": "#0"
        }
      },
      "rotation": {
        "origin": [
          9.0,
          8.0,
          9.0
        ],
        "angle": 45.0,
        "axis": "x"
      }
    }
  ],
  "display": {
    "head": {
      "rotation": [
        0.0,
        0.0,
        0.0
      ]
    },
    "firstperson_righthand": {
      "rotation": [
        0.0,
        0.0,
        0.0
      ]
    },
    "thirdperson_lefthand": {
      "rotation": [
        0.0,
        -0.0,
        -0.0
      ]
    },
    "firstperson_lefthand": {
      "rotation": [
        0.0,
        -0.0,
        -0.0
      ]
    },
    "fixed": {
      "rotation": [
        0.0,
        0.0,
        0.0
      ]
    },
    "ground": {
      "rotation": [
        0.0,
        0.0,
        0.0
      ]
    },
    "thirdperson_righthand": {
      "rotation": [
        0.0,
        0.0,
        0.0
      ]
    },
    "gui": {
      "rotation": [
        -150.0,
        -45.0,
        180.0
      ]
    }
  }
}