{
  "textures": {
    "0": "gwjritg0z:tex/qlh8hx27",
    "particle": "#0"
  },
  "elements": [
    {
      "from": [
        6.833333,
        7.98367,
        -3.6656866
      ],
      "to": [
        9.166667,
        8.317003,
        19.667648
      ],
      "faces": {
        "east": {
          "uv": [
            11.625,
            2.21875,
            11.65625,
            4.40625
          ],
          "tintindex": 0,
          "rotation": 270,
          "texture": "#0"
        },
        "west": {
          "uv": [
            11.4375,
            4.40625,
            11.46875,
            2.21875
          ],
          "tintindex": 0,
          "rotation": 270,
          "texture": "#0"
        },
        "up": {
          "uv": [
            11.4375,
            4.40625,
            11.65625,
            2.21875
          ],
          "tintindex": 0,
          "rotation": 0,
          "texture": "#0"
        },
        "down": {
          "uv": [
            11.4375,
            2.21875,
            11.65625,
            4.40625
          ],
          "tintindex": 0,
          "rotation": 0,
          "texture": "#0"
        }
      }
    },
    {
      "from": [
        6.833333,
        11.762756,
        -8.862209
      ],
      "to": [
        9.166667,
        13.429423,
        -8.528877
      ],
      "faces": {
        "east": {
          "uv": [
            11.625,
            2.21875,
            11.65625,
            2.375
          ],
          "tintindex": 0,
          "rotation": 0,
          "texture": "#0"
        },
        "south": {
          "uv": [
            11.4375,
            2.21875,
            11.65625,
            2.375
          ],
          "tintindex": 0,
          "rotation": 0,
          "texture": "#0"
        },
        "north": {
          "uv": [
            11.4375,
            2.375,
            11.65625,
            2.21875
          ],
          "tintindex": 0,
          "rotation": 180,
          "texture": "#0"
        },
        "west": {
          "uv": [
            11.4375,
            2.375,
            11.46875,
            2.21875
          ],
          "tintindex": 0,
          "rotation": 180,
          "texture": "#0"
        }
      }
    },
    {
      "from": [
        6.833333,
        14.650337,
        -0.9990196
      ],
      "to": [
        9.166667,
        14.98367,
        24.667648
      ],
      "faces": {
        "east": {
          "uv": [
            11.625,
            2.1875,
            11.65625,
            4.59375
          ],
          "tintindex": 0,
          "rotation": 270,
          "texture": "#0"
        },
        "west": {
          "uv": [
            11.4375,
            4.59375,
            11.46875,
            2.1875
          ],
          "tintindex": 0,
          "rotation": 270,
          "texture": "#0"
        },
        "up": {
          "uv": [
            11.4375,
            4.59375,
            11.65625,
            2.1875
          ],
          "tintindex": 0,
          "rotation": 0,
          "texture": "#0"
        },
        "down": {
          "uv": [
            11.4375,
            2.1875,
            11.65625,
            4.59375
          ],
          "tintindex": 0,
          "rotation": 0,
          "texture": "#0"
        }
      }
    }
  ],
  "display": {
    "head": {
      "rotation": [
        0.0,
        0.0,
        0.0
      ]
    },
    "firstperson_righthand": {
      "rotation": [
        0.0,
        0.0,
        0.0
      ]
    },
    "thirdperson_lefthand": {
      "rotation": [
        0.0,
        -0.0,
        -0.0
      ]
    },
    "firstperson_lefthand": {
      "rotation": [
        0.0,
        -0.0,
        -0.0
      ]
    },
    "fixed": {
      "rotation": [
        0.0,
        0.0,
        0.0
      ]
    },
    "ground": {
      "rotation": [
        0.0,
        0.0,
        0.0
      ]
    },
    "thirdperson_righthand": {
      "rotation": [
        0.0,
        0.0,
        0.0
      ]
    },
    "gui": {
      "rotation": [
        -150.0,
        -45.0,
        180.0
      ]
    }
  }
}