{
  "textures": {
    "0": "xq9rmjx80:tex/kjanzurh",
    "particle": "#0"
  },
  "elements": [
    {
      "from": [
        15.391506,
        20.015564,
        14.583258
      ],
      "to": [
        16.058172,
        23.098898,
        15.416592
      ],
      "faces": {
        "east": {
          "uv": [
            8.3125,
            11.25,
            8.5,
            11.8125
          ],
          "tintindex": 0,
          "rotation": 0,
          "texture": "#0"
        }
      }
    }
  ],
  "display": {
    "head": {
      "rotation": [
        -14.333346,
        -2.885753,
        12.105021
      ]
    },
    "firstperson_righthand": {
      "rotation": [
        -14.333346,
        -2.885753,
        12.105021
      ]
    },
    "thirdperson_lefthand": {
      "rotation": [
        -14.333346,
        2.885753,
        -12.105021
      ]
    },
    "firstperson_lefthand": {
      "rotation": [
        -14.333346,
        2.885753,
        -12.105021
      ]
    },
    "fixed": {
      "rotation": [
        -14.333346,
        -2.885753,
        12.105021
      ]
    },
    "ground": {
      "rotation": [
        -14.333346,
        -2.885753,
        12.105021
      ]
    },
    "thirdperson_righthand": {
      "rotation": [
        -14.333346,
        -2.885753,
        12.105021
      ]
    },
    "gui": {
      "rotation": [
        -131.0432,
        -40.438244,
        -154.59798
      ]
    }
  }
}