{
  "textures": {
    "0": "jsmakehbp:tex/is9x5lvj",
    "particle": "#0"
  },
  "elements": [
    {
      "from": [
        -6.6000004,
        -0.6000004,
        -11.0
      ],
      "to": [
        -6.0,
        0.5999999,
        -9.840202
      ],
      "faces": {
        "east": {
          "uv": [
            8.78125,
            1.90625,
            8.59375,
            2.09375
          ],
          "tintindex": 0,
          "rotation": 0,
          "texture": "#0"
        },
        "south": {
          "uv": [
            0.875,
            8.8125,
            0.78125,
            9.0
          ],
          "tintindex": 0,
          "rotation": 0,
          "texture": "#0"
        },
        "north": {
          "uv": [
            0.96875,
            8.8125,
            0.875,
            9.0
          ],
          "tintindex": 0,
          "rotation": 0,
          "texture": "#0"
        },
        "west": {
          "uv": [
            8.78125,
            2.9375,
            8.59375,
            3.125
          ],
          "tintindex": 0,
          "rotation": 0,
          "texture": "#0"
        },
        "up": {
          "uv": [
            1.0625,
            8.8125,
            0.96875,
            9.0
          ],
          "tintindex": 0,
          "rotation": 0,
          "texture": "#0"
        },
        "down": {
          "uv": [
            1.15625,
            9.0,
            1.0625,
            8.8125
          ],
          "tintindex": 0,
          "rotation": 0,
          "texture": "#0"
        }
      },
      "rotation": {
        "origin": [
          -6.4000006,
          0.7999997,
          -10.420103
        ],
        "angle": 45.0,
        "axis": "x"
      }
    },
    {
      "from": [
        -6.6000004,
        0.22010183,
        -11.820103
      ],
      "to": [
        -6.0,
        1.3798981,
        -10.620102
      ],
      "faces": {
        "east": {
          "uv": [
            1.8125,
            8.59375,
            1.625,
            8.78125
          ],
          "tintindex": 0,
          "rotation": 0,
          "texture": "#0"
        },
        "south": {
          "uv": [
            5.0,
            8.78125,
            4.90625,
            8.96875
          ],
          "tintindex": 0,
          "rotation": 0,
          "texture": "#0"
        },
        "north": {
          "uv": [
            5.09375,
            8.78125,
            5.0,
            8.96875
          ],
          "tintindex": 0,
          "rotation": 0,
          "texture": "#0"
        },
        "west": {
          "uv": [
            2.0,
            8.59375,
            1.8125,
            8.78125
          ],
          "tintindex": 0,
          "rotation": 0,
          "texture": "#0"
        },
        "up": {
          "uv": [
            6.625,
            8.78125,
            6.53125,
            8.96875
          ],
          "tintindex": 0,
          "rotation": 0,
          "texture": "#0"
        },
        "down": {
          "uv": [
            8.875,
            8.84375,
            8.78125,
            8.65625
          ],
          "tintindex": 0,
          "rotation": 0,
          "texture": "#0"
        }
      }
    },
    {
      "from": [
        -6.6000004,
        0.22010183,
        -11.820103
      ],
      "to": [
        -6.0,
        1.3798981,
        -10.620102
      ],
      "faces": {
        "east": {
          "uv": [
            6.34375,
            8.5625,
            6.15625,
            8.75
          ],
          "tintindex": 0,
          "rotation": 0,
          "texture": "#0"
        },
        "south": {
          "uv": [
            8.875,
            3.125,
            8.78125,
            3.3125
          ],
          "tintindex": 0,
          "rotation": 0,
          "texture": "#0"
        },
        "north": {
          "uv": [
            8.875,
            3.3125,
            8.78125,
            3.5
          ],
          "tintindex": 0,
          "rotation": 0,
          "texture": "#0"
        },
        "west": {
          "uv": [
            6.53125,
            8.5625,
            6.34375,
            8.75
          ],
          "tintindex": 0,
          "rotation": 0,
          "texture": "#0"
        },
        "up": {
          "uv": [
            3.96875,
            8.78125,
            3.875,
            8.96875
          ],
          "tintindex": 0,
          "rotation": 0,
          "texture": "#0"
        },
        "down": {
          "uv": [
            4.0625,
            8.96875,
            3.96875,
            8.78125
          ],
          "tintindex": 0,
          "rotation": 0,
          "texture": "#0"
        }
      },
      "rotation": {
        "origin": [
          -6.4000006,
          0.7999997,
          -10.420103
        ],
        "angle": 45.0,
        "axis": "x"
      }
    }
  ],
  "display": {
    "head": {
      "rotation": [
        0.0,
        0.0,
        0.0
      ]
    },
    "firstperson_righthand": {
      "rotation": [
        0.0,
        0.0,
        0.0
      ]
    },
    "thirdperson_lefthand": {
      "rotation": [
        0.0,
        -0.0,
        -0.0
      ]
    },
    "firstperson_lefthand": {
      "rotation": [
        0.0,
        -0.0,
        -0.0
      ]
    },
    "fixed": {
      "rotation": [
        0.0,
        0.0,
        0.0
      ]
    },
    "ground": {
      "rotation": [
        0.0,
        0.0,
        0.0
      ]
    },
    "thirdperson_righthand": {
      "rotation": [
        0.0,
        0.0,
        0.0
      ]
    },
    "gui": {
      "rotation": [
        -150.0,
        -45.0,
        180.0
      ]
    }
  }
}