{
  "textures": {
    "0": "800y9ucl5:tex/6upmfy6p",
    "particle": "#0"
  },
  "elements": [
    {
      "from": [
        7.5,
        7.5,
        -11.5
      ],
      "to": [
        8.5,
        8.5,
        1.5
      ],
      "faces": {
        "east": {
          "uv": [
            9.15625,
            12.09375,
            9.96875,
            12.15625
          ],
          "tintindex": 0,
          "rotation": 0,
          "texture": "#0"
        },
        "south": {
          "uv": [
            9.5,
            12.90625,
            9.5625,
            12.96875
          ],
          "tintindex": 0,
          "rotation": 0,
          "texture": "#0"
        },
        "north": {
          "uv": [
            9.5,
            12.8125,
            9.5625,
            12.875
          ],
          "tintindex": 0,
          "rotation": 0,
          "texture": "#0"
        },
        "west": {
          "uv": [
            9.15625,
            12.0,
            9.96875,
            12.0625
          ],
          "tintindex": 0,
          "rotation": 0,
          "texture": "#0"
        },
        "up": {
          "uv": [
            9.3125,
            13.0,
            9.25,
            12.1875
          ],
          "tintindex": 0,
          "rotation": 0,
          "texture": "#0"
        },
        "down": {
          "uv": [
            9.3125,
            12.1875,
            9.25,
            13.0
          ],
          "tintindex": 0,
          "rotation": 0,
          "texture": "#0"
        }
      }
    },
    {
      "from": [
        7.0,
        7.0,
        5.5
      ],
      "to": [
        9.0,
        9.0,
        9.5
      ],
      "faces": {
        "east": {
          "uv": [
            9.34375,
            12.1875,
            9.59375,
            12.3125
          ],
          "tintindex": 0,
          "rotation": 0,
          "texture": "#0"
        },
        "south": {
          "uv": [
            10.0,
            12.4375,
            10.125,
            12.5625
          ],
          "tintindex": 0,
          "rotation": 0,
          "texture": "#0"
        },
        "north": {
          "uv": [
            10.0,
            12.0,
            10.125,
            12.125
          ],
          "tintindex": 0,
          "rotation": 0,
          "texture": "#0"
        },
        "west": {
          "uv": [
            9.34375,
            12.34375,
            9.59375,
            12.46875
          ],
          "tintindex": 0,
          "rotation": 0,
          "texture": "#0"
        },
        "up": {
          "uv": [
            9.75,
            12.4375,
            9.625,
            12.1875
          ],
          "tintindex": 0,
          "rotation": 0,
          "texture": "#0"
        },
        "down": {
          "uv": [
            9.75,
            12.46875,
            9.625,
            12.71875
          ],
          "tintindex": 0,
          "rotation": 0,
          "texture": "#0"
        }
      }
    },
    {
      "from": [
        7.0,
        7.0,
        -14.5
      ],
      "to": [
        9.0,
        9.0,
        -11.5
      ],
      "faces": {
        "east": {
          "uv": [
            9.78125,
            12.59375,
            9.96875,
            12.71875
          ],
          "tintindex": 0,
          "rotation": 0,
          "texture": "#0"
        },
        "south": {
          "uv": [
            9.34375,
            12.8125,
            9.46875,
            12.9375
          ],
          "tintindex": 0,
          "rotation": 0,
          "texture": "#0"
        },
        "north": {
          "uv": [
            9.90625,
            12.75,
            10.03125,
            12.875
          ],
          "tintindex": 0,
          "rotation": 0,
          "texture": "#0"
        },
        "west": {
          "uv": [
            9.78125,
            12.59375,
            9.96875,
            12.71875
          ],
          "tintindex": 0,
          "rotation": 0,
          "texture": "#0"
        },
        "up": {
          "uv": [
            9.71875,
            12.9375,
            9.59375,
            12.75
          ],
          "tintindex": 0,
          "rotation": 0,
          "texture": "#0"
        },
        "down": {
          "uv": [
            9.71875,
            12.75,
            9.59375,
            12.9375
          ],
          "tintindex": 0,
          "rotation": 0,
          "texture": "#0"
        }
      }
    },
    {
      "from": [
        7.25,
        7.25,
        1.5
      ],
      "to": [
        8.75,
        8.75,
        6.0
      ],
      "faces": {
        "east": {
          "uv": [
            9.78125,
            12.1875,
            10.0625,
            12.28125
          ],
          "tintindex": 0,
          "rotation": 0,
          "texture": "#0"
        },
        "south": {
          "uv": [
            10.0625,
            12.71875,
            10.15625,
            12.8125
          ],
          "tintindex": 0,
          "rotation": 0,
          "texture": "#0"
        },
        "north": {
          "uv": [
            10.0,
            12.59375,
            10.09375,
            12.6875
          ],
          "tintindex": 0,
          "rotation": 0,
          "texture": "#0"
        },
        "west": {
          "uv": [
            9.78125,
            12.3125,
            10.0625,
            12.40625
          ],
          "tintindex": 0,
          "rotation": 0,
          "texture": "#0"
        },
        "up": {
          "uv": [
            9.4375,
            12.78125,
            9.34375,
            12.5
          ],
          "tintindex": 0,
          "rotation": 0,
          "texture": "#0"
        },
        "down": {
          "uv": [
            9.5625,
            12.5,
            9.46875,
            12.78125
          ],
          "tintindex": 0,
          "rotation": 0,
          "texture": "#0"
        }
      }
    }
  ],
  "display": {
    "head": {
      "rotation": [
        0.0,
        0.0,
        0.0
      ]
    },
    "firstperson_righthand": {
      "rotation": [
        0.0,
        0.0,
        0.0
      ]
    },
    "thirdperson_lefthand": {
      "rotation": [
        0.0,
        -0.0,
        -0.0
      ]
    },
    "firstperson_lefthand": {
      "rotation": [
        0.0,
        -0.0,
        -0.0
      ]
    },
    "fixed": {
      "rotation": [
        0.0,
        0.0,
        0.0
      ]
    },
    "ground": {
      "rotation": [
        0.0,
        0.0,
        0.0
      ]
    },
    "thirdperson_righthand": {
      "rotation": [
        0.0,
        0.0,
        0.0
      ]
    },
    "gui": {
      "rotation": [
        -150.0,
        -45.0,
        180.0
      ]
    }
  }
}