{
  "textures": {
    "0": "f6o7c9v5q:tex/i9tbmxa3",
    "particle": "#0"
  },
  "elements": [
    {
      "from": [
        11.81237,
        15.5792,
        -11.969791
      ],
      "to": [
        12.13853,
        15.90536,
        -11.643631
      ],
      "faces": {
        "east": {
          "uv": [
            13.1062,
            3.5563,
            13.15,
            3.6001
          ],
          "tintindex": 0,
          "rotation": 0,
          "texture": "#0"
        },
        "south": {
          "uv": [
            13.1062,
            3.55625,
            13.15,
            3.60005
          ],
          "tintindex": 0,
          "rotation": 0,
          "texture": "#0"
        },
        "north": {
          "uv": [
            13.1062,
            3.5563,
            13.15,
            3.6001
          ],
          "tintindex": 0,
          "rotation": 0,
          "texture": "#0"
        },
        "west": {
          "uv": [
            13.1062,
            3.5563,
            13.15,
            3.6001
          ],
          "tintindex": 0,
          "rotation": 0,
          "texture": "#0"
        },
        "up": {
          "uv": [
            13.10625,
            3.5125,
            13.15005,
            3.5563
          ],
          "tintindex": 0,
          "rotation": 0,
          "texture": "#0"
        },
        "down": {
          "uv": [
            13.1062,
            3.5563,
            13.15,
            3.6001
          ],
          "tintindex": 0,
          "rotation": 0,
          "texture": "#0"
        }
      }
    },
    {
      "from": [
        11.15776,
        14.49744,
        -11.451111
      ],
      "to": [
        11.483919,
        14.82359,
        -11.12495
      ],
      "faces": {
        "east": {
          "uv": [
            13.1062,
            3.5563,
            13.15,
            3.6001
          ],
          "tintindex": 0,
          "rotation": 90,
          "texture": "#0"
        },
        "south": {
          "uv": [
            13.1062,
            3.5563,
            13.15,
            3.6001
          ],
          "tintindex": 0,
          "rotation": 270,
          "texture": "#0"
        },
        "north": {
          "uv": [
            13.1062,
            3.55625,
            13.15,
            3.60005
          ],
          "tintindex": 0,
          "rotation": 90,
          "texture": "#0"
        },
        "west": {
          "uv": [
            13.10625,
            3.5125,
            13.15005,
            3.5563
          ],
          "tintindex": 0,
          "rotation": 90,
          "texture": "#0"
        },
        "up": {
          "uv": [
            13.1062,
            3.5563,
            13.15,
            3.6001
          ],
          "tintindex": 0,
          "rotation": 270,
          "texture": "#0"
        },
        "down": {
          "uv": [
            13.1062,
            3.5563,
            13.15,
            3.6001
          ],
          "tintindex": 0,
          "rotation": 270,
          "texture": "#0"
        }
      },
      "rotation": {
        "origin": [
          11.483919,
          14.82359,
          -11.12495
        ],
        "angle": -22.5,
        "axis": "y"
      }
    },
    {
      "from": [
        10.938869,
        15.5792,
        -9.849758
      ],
      "to": [
        11.42811,
        16.06844,
        -9.360519
      ],
      "faces": {
        "east": {
          "uv": [
            0.28125,
            7.15,
            0.32505,
            7.19375
          ],
          "tintindex": 0,
          "rotation": 0,
          "texture": "#0"
        },
        "south": {
          "uv": [
            0.2812,
            7.15,
            0.325,
            7.1938
          ],
          "tintindex": 0,
          "rotation": 0,
          "texture": "#0"
        },
        "north": {
          "uv": [
            0.2812,
            7.15,
            0.325,
            7.1938
          ],
          "tintindex": 0,
          "rotation": 0,
          "texture": "#0"
        },
        "west": {
          "uv": [
            0.2812,
            7.15,
            0.325,
            7.1938
          ],
          "tintindex": 0,
          "rotation": 0,
          "texture": "#0"
        },
        "up": {
          "uv": [
            0.2812,
            7.10625,
            0.325,
            7.15005
          ],
          "tintindex": 0,
          "rotation": 0,
          "texture": "#0"
        },
        "down": {
          "uv": [
            0.0,
            13.0,
            3.0,
            16.0
          ],
          "tintindex": 0,
          "rotation": 0,
          "texture": "#0"
        }
      }
    },
    {
      "from": [
        11.14432,
        14.17128,
        -11.485859
      ],
      "to": [
        11.47048,
        15.14975,
        -10.181229
      ],
      "faces": {
        "east": {
          "uv": [
            2.6375,
            10.0,
            10.6375,
            16.0
          ],
          "tintindex": 0,
          "rotation": 0,
          "texture": "#0"
        },
        "south": {
          "uv": [
            0.0,
            10.0,
            2.0,
            16.0
          ],
          "tintindex": 0,
          "rotation": 0,
          "texture": "#0"
        },
        "north": {
          "uv": [
            0.1875,
            7.23125,
            0.2812,
            7.29995
          ],
          "tintindex": 0,
          "rotation": 90,
          "texture": "#0"
        },
        "west": {
          "uv": [
            0.2,
            7.425,
            0.26875,
            7.485
          ],
          "tintindex": 0,
          "rotation": 270,
          "texture": "#0"
        },
        "up": {
          "uv": [
            2.325,
            8.0,
            4.325,
            16.0
          ],
          "tintindex": 0,
          "rotation": 0,
          "texture": "#0"
        },
        "down": {
          "uv": [
            0.26875,
            8.0,
            2.26875,
            16.0
          ],
          "tintindex": 0,
          "rotation": 0,
          "texture": "#0"
        }
      },
      "rotation": {
        "origin": [
          11.14432,
          14.49744,
          -11.551102
        ],
        "angle": -22.5,
        "axis": "y"
      }
    },
    {
      "from": [
        11.8372,
        15.5792,
        -11.76844
      ],
      "to": [
        12.16336,
        15.92167,
        -9.485329
      ],
      "faces": {
        "east": {
          "uv": [
            0.0,
            13.9,
            14.0,
            16.0
          ],
          "tintindex": 0,
          "rotation": 0,
          "texture": "#0"
        },
        "south": {
          "uv": [
            0.0,
            13.9,
            2.0,
            16.0
          ],
          "tintindex": 0,
          "rotation": 0,
          "texture": "#0"
        },
        "north": {
          "uv": [
            0.0,
            13.9,
            2.0,
            16.0
          ],
          "tintindex": 0,
          "rotation": 0,
          "texture": "#0"
        },
        "west": {
          "uv": [
            0.0,
            13.9,
            14.0,
            16.0
          ],
          "tintindex": 0,
          "rotation": 0,
          "texture": "#0"
        },
        "up": {
          "uv": [
            0.225,
            7.40625,
            0.24375,
            7.11875
          ],
          "tintindex": 0,
          "rotation": 0,
          "texture": "#0"
        },
        "down": {
          "uv": [
            0.0,
            14.0,
            14.0,
            16.0
          ],
          "tintindex": 0,
          "rotation": 90,
          "texture": "#0"
        }
      },
      "rotation": {
        "origin": [
          11.8372,
          15.56289,
          -11.76844
        ],
        "angle": -22.5,
        "axis": "y"
      }
    }
  ],