{
  "textures": {
    "0": "xq9rmjx80:tex/tf2x7isp",
    "particle": "#0"
  },
  "elements": [
    {
      "from": [
        7.6666665,
        7.733333,
        23.666668
      ],
      "to": [
        10.0,
        8.4,
        24.333334
      ],
      "faces": {
        "east": {
          "uv": [
            3.96875,
            9.46875,
            4.03125,
            9.53125
          ],
          "tintindex": 0,
          "rotation": 0,
          "texture": "#0"
        },
        "south": {
          "uv": [
            3.71875,
            9.46875,
            3.9375,
            9.53125
          ],
          "tintindex": 0,
          "rotation": 0,
          "texture": "#0"
        },
        "north": {
          "uv": [
            3.71875,
            9.46875,
            3.9375,
            9.53125
          ],
          "tintindex": 0,
          "rotation": 0,
          "texture": "#0"
        },
        "west": {
          "uv": [
            4.0625,
            9.46875,
            4.125,
            9.53125
          ],
          "tintindex": 0,
          "rotation": 0,
          "texture": "#0"
        },
        "up": {
          "uv": [
            3.9375,
            9.53125,
            3.71875,
            9.46875
          ],
          "tintindex": 0,
          "rotation": 0,
          "texture": "#0"
        },
        "down": {
          "uv": [
            3.9375,
            9.46875,
            3.71875,
            9.53125
          ],
          "tintindex": 0,
          "rotation": 0,
          "texture": "#0"
        }
      }
    },
    {
      "from": [
        21.666668,
        8.0,
        7.6666665
      ],
      "to": [
        24.0,
        8.666667,
        8.333333
      ],
      "faces": {
        "east": {
          "uv": [
            3.96875,
            9.46875,
            4.03125,
            9.53125
          ],
          "tintindex": 0,
          "rotation": 0,
          "texture": "#0"
        },
        "south": {
          "uv": [
            3.71875,
            9.46875,
            3.9375,
            9.53125
          ],
          "tintindex": 0,
          "rotation": 0,
          "texture": "#0"
        },
        "north": {
          "uv": [
            3.71875,
            9.46875,
            3.9375,
            9.53125
          ],
          "tintindex": 0,
          "rotation": 0,
          "texture": "#0"
        },
        "west": {
          "uv": [
            4.0625,
            9.46875,
            4.125,
            9.53125
          ],
          "tintindex": 0,
          "rotation": 0,
          "texture": "#0"
        },
        "up": {
          "uv": [
            3.9375,
            9.53125,
            3.71875,
            9.46875
          ],
          "tintindex": 0,
          "rotation": 0,
          "texture": "#0"
        },
        "down": {
          "uv": [
            3.9375,
            9.46875,
            3.71875,
            9.53125
          ],
          "tintindex": 0,
          "rotation": 0,
          "texture": "#0"
        }
      }
    },
    {
      "from": [
        7.6666665,
        8.0,
        7.6666665
      ],
      "to": [
        10.0,
        8.666667,
        8.333333
      ],
      "faces": {
        "east": {
          "uv": [
            3.96875,
            9.46875,
            4.03125,
            9.53125
          ],
          "tintindex": 0,
          "rotation": 0,
          "texture": "#0"
        },
        "south": {
          "uv": [
            3.71875,
            9.46875,
            3.9375,
            9.53125
          ],
          "tintindex": 0,
          "rotation": 0,
          "texture": "#0"
        },
        "north": {
          "uv": [
            3.71875,
            9.46875,
            3.9375,
            9.53125
          ],
          "tintindex": 0,
          "rotation": 0,
          "texture": "#0"
        },
        "west": {
          "uv": [
            4.0625,
            9.46875,
            4.125,
            9.53125
          ],
          "tintindex": 0,
          "rotation": 0,
          "texture": "#0"
        },
        "up": {
          "uv": [
            3.9375,
            9.53125,
            3.71875,
            9.46875
          ],
          "tintindex": 0,
          "rotation": 0,
          "texture": "#0"
        },
        "down": {
          "uv": [
            3.9375,
            9.46875,
            3.71875,
            9.53125
          ],
          "tintindex": 0,
          "rotation": 0,
          "texture": "#0"
        }
      }
    },
    {
      "from": [
        21.666668,
        7.733333,
        23.666668
      ],
      "to": [
        24.0,
        8.4,
        24.333334
      ],
      "faces": {
        "east": {
          "uv": [
            3.96875,
            9.46875,
            4.03125,
            9.53125
          ],
          "tintindex": 0,
          "rotation": 0,
          "texture": "#0"
        },
        "south": {
          "uv": [
            3.71875,
            9.46875,
            3.9375,
            9.53125
          ],
          "tintindex": 0,
          "rotation": 0,
          "texture": "#0"
        },
        "north": {
          "uv": [
            3.71875,
            9.46875,
            3.9375,
            9.53125
          ],
          "tintindex": 0,
          "rotation": 0,
          "texture": "#0"
        },
        "west": {
          "uv": [
            4.0625,
            9.46875,
            4.125,
            9.53125
          ],
          "tintindex": 0,
          "rotation": 0,
          "texture": "#0"
        },
        "up": {
          "uv": [
            3.9375,
            9.53125,
            3.71875,
            9.46875
          ],
          "tintindex": 0,
          "rotation": 0,
          "texture": "#0"
        },
        "down": {
          "uv": [
            3.9375,
            9.46875,
            3.71875,
            9.53125
          ],
          "tintindex": 0,
          "rotation": 0,
          "texture": "#0"
        }
      }
    },
    {
      "from": [
        7.6666665,
        8.0,
        18.333334
      ],
      "to": [
        10.0,
        8.666667,
        19.0
      ],
      "faces": {
        "east": {
          "uv": [
            3.96875,
            9.46875,
            4.03125,
            9.53125
          ],
          "tintindex": 0,
          "rotation": 0,
          "texture": "#0"
        },
        "south": {
          "uv": [
            3.71875,
            9.46875,
            3.9375,
            9.53125
          ],
          "tintindex": 0,
          "rotation": 0,
          "texture": "#0"
        },
        "north": {
          "uv": [
            3.71875,
            9.46875,
            3.9375,
            9.53125
          ],
          "tintindex": 0,
          "rotation": 0,
          "texture": "#0"
        },
        "west": {
          "uv": [
            4.0625,
            9.46875,
            4.125,
            9.53125
          ],
          "tintindex": 0,
          "rotation": 0,
          "texture": "#0"
        },
        "up": {
          "uv": [
            3.9375,
            9.53125,
            3.71875,
            9.46875
          ],
          "tintindex": 0,
          "rotation": 0,
          "texture": "#0"
        },
        "down": {
          "uv": [
            3.9375,
            9.46875,
            3.71875,
            9.53125
          ],
          "tintindex": 0,
          "rotation": 0,
          "texture": "#0"
        }
      }
    },
    {
      "from": [
        21.666668,
        8.0,
        13.0
      ],
      "to": [
        24.0,
        8.666667,
        13.666667
      ],
      "faces": {
        "east": {
          "uv": [
            3.96875,
            9.46875,
            4.03125,
            9.53125
          ],
          "tintindex": 0,
          "rotation": 0,
          "texture": "#0"
        },