{
  "textures": {
    "0": "xq9rmjx80:tex/kjanzurh",
    "particle": "#0"
  },
  "elements": [
    {
      "from": [
        8.008354,
        6.5927534,
        -9.221352
      ],
      "to": [
        9.341667,
        7.254317,
        -8.185764
      ],
      "faces": {
        "west": {
          "uv": [
            11.8125,
            12.0,
            12.0,
            12.125
          ],
          "tintindex": 0,
          "rotation": 0,
          "texture": "#0"
        }
      }
    }
  ],
  "display": {
    "head": {
      "rotation": [
        -44.97718,
        -0.035609934,
        -0.035581574
      ]
    },
    "firstperson_righthand": {
      "rotation": [
        -44.97718,
        -0.035609934,
        -0.035581574
      ]
    },
    "thirdperson_lefthand": {
      "rotation": [
        -44.97718,
        0.035609934,
        0.035581574
      ]
    },
    "firstperson_lefthand": {
      "rotation": [
        -44.97718,
        0.035609934,
        0.035581574
      ]
    },
    "fixed": {
      "rotation": [
        -44.97718,
        -0.035609934,
        -0.035581574
      ]
    },
    "ground": {
      "rotation": [
        -44.97718,
        -0.035609934,
        -0.035581574
      ]
    },
    "thirdperson_righthand": {
      "rotation": [
        -44.97718,
        -0.035609934,
        -0.035581574
      ]
    },
    "gui": {
      "rotation": [
        -95.30964,
        -29.984093,
        -144.79382
      ]
    }
  }
}