{
  "textures": {
    "0": "xq9rmjx80:tex/kjanzurh",
    "particle": "#0"
  },
  "elements": [
    {
      "from": [
        8.000154,
        21.554342,
        23.25286
      ],
      "to": [
        9.3334675,
        25.915901,
        24.538445
      ],
      "faces": {
        "west": {
          "uv": [
            5.8125,
            11.0,
            6.0625,
            11.8125
          ],
          "tintindex": 0,
          "rotation": 0,
          "texture": "#0"
        }
      }
    }
  ],
  "display": {
    "head": {
      "rotation": [
        79.97717,
        0.008761199,
        -0.049571738
      ]
    },
    "firstperson_righthand": {
      "rotation": [
        79.97717,
        0.008761199,
        -0.049571738
      ]
    },
    "thirdperson_lefthand": {
      "rotation": [
        79.97717,
        -0.008761199,
        0.049571738
      ]
    },
    "firstperson_lefthand": {
      "rotation": [
        79.97717,
        -0.008761199,
        0.049571738
      ]
    },
    "fixed": {
      "rotation": [
        79.97717,
        0.008761199,
        -0.049571738
      ]
    },
    "ground": {
      "rotation": [
        79.97717,
        0.008761199,
        -0.049571738
      ]
    },
    "thirdperson_righthand": {
      "rotation": [
        79.97717,
        0.008761199,
        -0.049571738
      ]
    },
    "gui": {
      "rotation": [
        127.11727,
        -7.0752788,
        135.39023
      ]
    }
  }
}