{
  "textures": {
    "0": "i666ow1af:tex/rgkhgo8j",
    "particle": "#0"
  },
  "elements": [
    {
      "from": [
        24.772041,
        13.48731,
        14.79164
      ],
      "to": [
        27.609459,
        13.804199,
        15.55666
      ],
      "faces": {
        "south": {
          "uv": [
            1.0,
            1.0,
            2.0,
            2.0
          ],
          "tintindex": 0,
          "rotation": 0,
          "texture": "#0"
        },
        "north": {
          "uv": [
            1.0,
            1.0,
            2.0,
            2.0
          ],
          "tintindex": 0,
          "rotation": 0,
          "texture": "#0"
        }
      }
    },
    {
      "from": [
        26.66712,
        11.89402,
        14.44856
      ],
      "to": [
        26.912899,
        15.39749,
        15.89974
      ],
      "faces": {
        "east": {
          "uv": [
            1.0,
            1.0,
            2.0,
            2.0
          ],
          "tintindex": 0,
          "rotation": 0,
          "texture": "#0"
        },
        "north": {
          "uv": [
            1.0,
            1.0,
            2.0,
            2.0
          ],
          "tintindex": 0,
          "rotation": 0,
          "texture": "#0"
        },
        "west": {
          "uv": [
            1.0,
            1.0,
            2.0,
            2.0
          ],
          "tintindex": 0,
          "rotation": 0,
          "texture": "#0"
        },
        "up": {
          "uv": [
            1.0,
            1.0,
            2.0,
            2.0
          ],
          "tintindex": 0,
          "rotation": 0,
          "texture": "#0"
        },
        "down": {
          "uv": [
            1.0,
            1.0,
            2.0,
            2.0
          ],
          "tintindex": 0,
          "rotation": 0,
          "texture": "#0"
        }
      },
      "rotation": {
        "origin": [
          26.79001,
          13.64576,
          15.17415
        ],
        "angle": -45.0,
        "axis": "x"
      }
    },
    {
      "from": [
        24.434849,
        13.27309,
        14.27446
      ],
      "to": [
        25.38424,
        14.018419,
        16.073841
      ],
      "faces": {
        "east": {
          "uv": [
            1.0,
            1.0,
            2.0,
            2.0
          ],
          "tintindex": 0,
          "rotation": 0,
          "texture": "#0"
        },
        "south": {
          "uv": [
            1.0,
            1.0,
            2.0,
            2.0
          ],
          "tintindex": 0,
          "rotation": 0,
          "texture": "#0"
        },
        "north": {
          "uv": [
            1.0,
            1.0,
            2.0,
            2.0
          ],
          "tintindex": 0,
          "rotation": 0,
          "texture": "#0"
        },
        "west": {
          "uv": [
            1.0,
            1.0,
            2.0,
            2.0
          ],
          "tintindex": 0,
          "rotation": 0,
          "texture": "#0"
        }
      }
    },
    {
      "from": [
        24.434849,
        12.746059,
        14.80149
      ],
      "to": [
        25.38424,
        14.54545,
        15.54681
      ],
      "faces": {
        "east": {
          "uv": [
            1.0,
            1.0,
            2.0,
            2.0
          ],
          "tintindex": 0,
          "rotation": 0,
          "texture": "#0"
        },
        "south": {
          "uv": [
            1.0,
            1.0,
            2.0,
            2.0
          ],
          "tintindex": 0,
          "rotation": 0,
          "texture": "#0"
        },
        "north": {
          "uv": [
            1.0,
            1.0,
            2.0,
            2.0
          ],
          "tintindex": 0,
          "rotation": 0,
          "texture": "#0"
        },
        "west": {
          "uv": [
            1.0,
            1.0,
            2.0,
            2.0
          ],
          "tintindex": 0,
          "rotation": 0,
          "texture": "#0"
        },
        "up": {
          "uv": [
            1.0,
            1.0,
            2.0,
            2.0
          ],
          "tintindex": 0,
          "rotation": 0,
          "texture": "#0"
        },
        "down": {
          "uv": [
            1.0,
            1.0,
            2.0,
            2.0
          ],
          "tintindex": 0,
          "rotation": 0,
          "texture": "#0"
        }
      }
    },
    {
      "from": [
        26.66712,
        11.89402,
        14.44856
      ],
      "to": [
        26.912899,
        15.39749,
        15.89974
      ],
      "faces": {
        "east": {
          "uv": [
            1.0,
            1.0,
            2.0,
            2.0
          ],
          "tintindex": 0,
          "rotation": 0,
          "texture": "#0"
        },
        "south": {
          "uv": [
            1.0,
            1.0,
            2.0,
            2.0
          ],
          "tintindex": 0,
          "rotation": 0,
          "texture": "#0"
        },
        "north": {
          "uv": [
            1.0,
            1.0,
            2.0,
            2.0
          ],
          "tintindex": 0,
          "rotation": 0,
          "texture": "#0"
        },
        "west": {
          "uv": [
            1.0,
            1.0,
            2.0,
            2.0
          ],
          "tintindex": 0,
          "rotation": 0,
          "texture": "#0"
        },
        "up": {
          "uv": [
            1.0,
            1.0,
            2.0,
            2.0
          ],
          "tintindex": 0,
          "rotation": 0,
          "texture": "#0"
        },
        "down": {
          "uv": [
            1.0,
            1.0,
            2.0,
            2.0
          ],
          "tintindex": 0,
          "rotation": 0,
          "texture": "#0"
        }
      }
    },
    {
      "from": [
        26.66712,
        12.92016,
        13.4224205
      ],
      "to": [
        26.912899,
        14.371349,
        16.92588
      ],
      "faces": {
        "east": {
          "uv": [
            1.0,
            1.0,
            2.0,
            2.0
          ],
          "tintindex": 0,
          "rotation": 0,
          "texture": "#0"
        },
        "south": {
          "uv": [
            1.0,
            1.0,
            2.0,
            2.0
          ],
          "tintindex": 0,
          "rotation": 0,
          "texture": "#0"
        },
        "north": {
          "uv": [
            1.0,
            1.0,
            2.0,
            2.0
          ],
          "tintindex": 0,
          "rotation": 0,
          "texture": "#0"
        },
        "west": {
          "uv": [
            1.0,
            1.0,
            2.0,
            2.0
          ],
          "tintindex": 0,
          "rotation": 0,
          "texture": "#0"
        }
      }
    },
    {
      "from": [
        25.74339,
        11.89402,
        14.44856
      ],
      "to": [
        25.98917,
        15.39749,
        15.89974
      ],
      "faces": {
        "east": {
          "uv": [
            1.0,
            1.0,
            2.0,
            2.0
          ],
          "tintindex": 0,
          "rotation": 0,
          "texture": "#0"
        },
        "south": {
          "uv": [
            1.0,
            1.0,
            2.0,
            2.0
          ],
          "tintindex": 0,
          "rotation": 0,
          "texture": "#0"
        },
        "north": {
          "uv": [
            1.0,
            1.0,
            2.0,
            2.0
          ],
          "tintindex": 0,
          "rotation": 0,
          "texture": "#0"
        },
        "west": {
          "uv": [
            1.0,
            1.0,
            2.0,
            2.0
          ],
          "tintindex": 0,
          "rotation": 0,
          "texture": "#0"
        },