{
  "textures": {
    "0": "2thxh28ly:tex/8keh4rqr",
    "particle": "#0"
  },
  "elements": [
    {
      "from": [
        7.0802402,
        9.36368,
        -11.22468
      ],
      "to": [
        8.91976,
        10.12563,
        -10.6991005
      ],
      "faces": {
        "east": {
          "uv": [
            15.368422,
            2.9473705,
            15.47368,
            3.105259
          ],
          "tintindex": 0,
          "rotation": 0,
          "texture": "#0"
        },
        "south": {
          "uv": [
            14.105258,
            4.842109,
            14.47368,
            5.0
          ],
          "tintindex": 0,
          "rotation": 0,
          "texture": "#0"
        },
        "north": {
          "uv": [
            14.105258,
            4.631581,
            14.47368,
            4.7894697
          ],
          "tintindex": 0,
          "rotation": 0,
          "texture": "#0"
        },
        "west": {
          "uv": [
            3.1578906,
            15.368422,
            3.26316,
            15.52632
          ],
          "tintindex": 0,
          "rotation": 0,
          "texture": "#0"
        },
        "up": {
          "uv": [
            11.73684,
            14.63158,
            11.368422,
            14.52632
          ],
          "tintindex": 0,
          "rotation": 0,
          "texture": "#0"
        },
        "down": {
          "uv": [
            14.894742,
            11.368422,
            14.52632,
            11.4736805
          ],
          "tintindex": 0,
          "rotation": 0,
          "texture": "#0"
        }
      },
      "rotation": {
        "origin": [
          8.0,
          9.74466,
          -10.961889
        ],
        "angle": 45.0,
        "axis": "z"
      }
    },
    {
      "from": [
        7.0802402,
        8.96368,
        -11.22468
      ],
      "to": [
        8.91976,
        10.12563,
        -10.6991005
      ],
      "faces": {
        "east": {
          "uv": [
            5.684211,
            14.947371,
            5.7894697,
            15.210531
          ],
          "tintindex": 0,
          "rotation": 0,
          "texture": "#0"
        },
        "south": {
          "uv": [
            13.684211,
            5.47368,
            14.05263,
            5.7368402
          ],
          "tintindex": 0,
          "rotation": 0,
          "texture": "#0"
        },
        "north": {
          "uv": [
            13.684211,
            5.0526295,
            14.05263,
            5.3157897
          ],
          "tintindex": 0,
          "rotation": 0,
          "texture": "#0"
        },
        "west": {
          "uv": [
            14.947371,
            9.684211,
            15.05263,
            9.947371
          ],
          "tintindex": 0,
          "rotation": 0,
          "texture": "#0"
        },
        "up": {
          "uv": [
            14.894742,
            11.684211,
            14.52632,
            11.57895
          ],
          "tintindex": 0,
          "rotation": 0,
          "texture": "#0"
        },
        "down": {
          "uv": [
            12.157891,
            14.52632,
            11.78947,
            14.63158
          ],
          "tintindex": 0,
          "rotation": 0,
          "texture": "#0"
        }
      }
    },
    {
      "from": [
        7.0802402,
        8.96368,
        -11.22468
      ],
      "to": [
        8.91976,
        9.72563,
        -10.6991005
      ],
      "faces": {
        "east": {
          "uv": [
            15.368422,
            3.368421,
            15.47368,
            3.5263197
          ],
          "tintindex": 0,
          "rotation": 0,
          "texture": "#0"
        },
        "south": {
          "uv": [
            5.2631598,
            14.105258,
            5.631581,
            14.26316
          ],
          "tintindex": 0,
          "rotation": 0,
          "texture": "#0"
        },
        "north": {
          "uv": [
            14.105258,
            5.0526295,
            14.47368,
            5.2105303
          ],
          "tintindex": 0,
          "rotation": 0,
          "texture": "#0"
        },
        "west": {
          "uv": [
            3.5789495,
            15.368422,
            3.6842105,
            15.52632
          ],
          "tintindex": 0,
          "rotation": 0,
          "texture": "#0"
        },
        "up": {
          "uv": [
            12.57895,
            14.63158,
            12.21053,
            14.52632
          ],
          "tintindex": 0,
          "rotation": 0,
          "texture": "#0"
        },
        "down": {
          "uv": [
            14.894742,
            12.21053,
            14.52632,
            12.315789
          ],
          "tintindex": 0,
          "rotation": 0,
          "texture": "#0"
        }
      },
      "rotation": {
        "origin": [
          8.0,
          9.34466,
          -10.961889
        ],
        "angle": 45.0,
        "axis": "z"
      }
    },
    {
      "from": [
        7.61902,
        8.42489,
        -11.22468
      ],
      "to": [
        8.38098,
        10.66442,
        -10.6991005
      ],
      "faces": {
        "east": {
          "uv": [
            10.947371,
            14.315789,
            11.052629,
            14.789469
          ],
          "tintindex": 0,
          "rotation": 0,
          "texture": "#0"
        },
        "south": {
          "uv": [
            7.157891,
            13.894742,
            7.3157897,
            14.368422
          ],
          "tintindex": 0,
          "rotation": 0,
          "texture": "#0"
        },
        "north": {
          "uv": [
            6.947371,
            13.894742,
            7.105261,
            14.368422
          ],
          "tintindex": 0,
          "rotation": 0,
          "texture": "#0"
        },
        "west": {
          "uv": [
            11.157891,
            14.315789,
            11.263161,
            14.789469
          ],
          "tintindex": 0,
          "rotation": 0,
          "texture": "#0"
        },
        "up": {
          "uv": [
            15.52632,
            3.8947408,
            15.368422,
            3.7894697
          ],
          "tintindex": 0,
          "rotation": 0,
          "texture": "#0"
        },
        "down": {
          "uv": [
            4.157891,
            15.368422,
            4.0,
            15.47368
          ],
          "tintindex": 0,
          "rotation": 0,
          "texture": "#0"
        }
      }
    },
    {
      "from": [
        7.61902,
        8.42489,
        -11.22468
      ],
      "to": [
        8.38098,
        10.26442,
        -10.6991005
      ],
      "faces": {
        "east": {
          "uv": [
            12.631581,
            14.52632,
            12.73684,
            14.894742
          ],
          "tintindex": 0,
          "rotation": 0,
          "texture": "#0"
        },
        "south": {
          "uv": [
            9.684211,
            14.105258,
            9.84211,
            14.47368
          ],
          "tintindex": 0,
          "rotation": 0,
          "texture": "#0"
        },
        "north": {
          "uv": [
            14.105258,
            5.2631598,
            14.26316,
            5.631581
          ],
          "tintindex": 0,
          "rotation": 0,
          "texture": "#0"
        },
        "west": {
          "uv": [
            14.52632,
            12.84211,
            14.63158,
            13.21053
          ],
          "tintindex": 0,
          "rotation": 0,
          "texture": "#0"
        },
        "up": {
          "uv": [
            15.52632,
            3.6842105,
            15.368422,
            3.5789495
          ],
          "tintindex": 0,
          "rotation": 0,
          "texture": "#0"
        },