{
  "textures": {
    "0": "xq9rmjx80:tex/kjanzurh",
    "particle": "#0"
  },
  "elements": [
    {
      "from": [
        -0.060987473,
        20.183756,
        1.2285042
      ],
      "to": [
        0.6056795,
        23.26709,
        2.0618372
      ],
      "faces": {
        "west": {
          "uv": [
            9.375,
            11.25,
            9.5625,
            11.8125
          ],
          "tintindex": 0,
          "rotation": 0,
          "texture": "#0"
        }
      }
    }
  ],
  "display": {
    "head": {
      "rotation": [
        14.333346,
        -2.885753,
        -12.105021
      ]
    },
    "firstperson_righthand": {
      "rotation": [
        14.333346,
        -2.885753,
        -12.105021
      ]
    },
    "thirdperson_lefthand": {
      "rotation": [
        14.333346,
        2.885753,
        12.105021
      ]
    },
    "firstperson_lefthand": {
      "rotation": [
        14.333346,
        2.885753,
        12.105021
      ]
    },
    "fixed": {
      "rotation": [
        14.333346,
        -2.885753,
        -12.105021
      ]
    },
    "ground": {
      "rotation": [
        14.333346,
        -2.885753,
        -12.105021
      ]
    },
    "thirdperson_righthand": {
      "rotation": [
        14.333346,
        -2.885753,
        -12.105021
      ]
    },
    "gui": {
      "rotation": [
        -168.9568,
        -40.438244,
        154.59798
      ]
    }
  }
}