{
  "textures": {
    "0": "xq9rmjx80:tex/kjanzurh",
    "particle": "#0"
  },
  "elements": [
    {
      "from": [
        25.745094,
        -2.307438,
        15.332361
      ],
      "to": [
        27.078426,
        4.36523,
        21.908537
      ],
      "faces": {
        "east": {
          "uv": [
            8.0,
            6.3125,
            9.25,
            7.5625
          ],
          "tintindex": 0,
          "rotation": 0,
          "texture": "#0"
        }
      }
    }
  ],
  "display": {
    "head": {
      "rotation": [
        -20.461355,
        -66.86696,
        -17.279482
      ]
    },
    "firstperson_righthand": {
      "rotation": [
        -20.461355,
        -66.86696,
        -17.279482
      ]
    },
    "thirdperson_lefthand": {
      "rotation": [
        -20.461355,
        66.86696,
        17.279482
      ]
    },
    "firstperson_lefthand": {
      "rotation": [
        -20.461355,
        66.86696,
        17.279482
      ]
    },
    "fixed": {
      "rotation": [
        -20.461355,
        -66.86696,
        -17.279482
      ]
    },
    "ground": {
      "rotation": [
        -20.461355,
        -66.86696,
        -17.279482
      ]
    },
    "thirdperson_righthand": {
      "rotation": [
        -20.461355,
        -66.86696,
        -17.279482
      ]
    },
    "gui": {
      "rotation": [
        -141.42258,
        22.953222,
        178.29207
      ]
    }
  }
}