{
  "textures": {
    "0": "xq9rmjx80:tex/kjanzurh",
    "particle": "#0"
  },
  "elements": [
    {
      "from": [
        1.2815886,
        -7.6221085,
        4.3467236
      ],
      "to": [
        1.614922,
        -4.6221085,
        6.3467236
      ],
      "faces": {
        "west": {
          "uv": [
            11.625,
            12.125,
            12.0,
            12.6875
          ],
          "tintindex": 0,
          "rotation": 0,
          "texture": "#0"
        }
      }
    }
  ],
  "display": {
    "head": {
      "rotation": [
        17.842754,
        -51.996296,
        -15.603287
      ]
    },
    "firstperson_righthand": {
      "rotation": [
        17.842754,
        -51.996296,
        -15.603287
      ]
    },
    "thirdperson_lefthand": {
      "rotation": [
        17.842754,
        51.996296,
        15.603287
      ]
    },
    "firstperson_lefthand": {
      "rotation": [
        17.842754,
        51.996296,
        15.603287
      ]
    },
    "fixed": {
      "rotation": [
        17.842754,
        -51.996296,
        -15.603287
      ]
    },
    "ground": {
      "rotation": [
        17.842754,
        -51.996296,
        -15.603287
      ]
    },
    "thirdperson_righthand": {
      "rotation": [
        17.842754,
        -51.996296,
        -15.603287
      ]
    },
    "gui": {
      "rotation": [
        -160.98837,
        8.206789,
        151.75209
      ]
    }
  }
}