{
  "textures": {
    "0": "xq9rmjx80:tex/kjanzurh",
    "particle": "#0"
  },
  "elements": [
    {
      "from": [
        16.660313,
        -5.7087965,
        1.4470086
      ],
      "to": [
        17.993645,
        -5.181757,
        10.720638
      ],
      "faces": {
        "east": {
          "uv": [
            10.5,
            8.625,
            12.25,
            8.75
          ],
          "tintindex": 0,
          "rotation": 0,
          "texture": "#0"
        }
      }
    }
  ],
  "display": {
    "head": {
      "rotation": [
        58.918823,
        50.945343,
        -48.967228
      ]
    },
    "firstperson_righthand": {
      "rotation": [
        58.918823,
        50.945343,
        -48.967228
      ]
    },
    "thirdperson_lefthand": {
      "rotation": [
        58.918823,
        -50.945343,
        48.967228
      ]
    },
    "firstperson_lefthand": {
      "rotation": [
        58.918823,
        -50.945343,
        48.967228
      ]
    },
    "fixed": {
      "rotation": [
        58.918823,
        50.945343,
        -48.967228
      ]
    },
    "ground": {
      "rotation": [
        58.918823,
        50.945343,
        -48.967228
      ]
    },
    "thirdperson_righthand": {
      "rotation": [
        58.918823,
        50.945343,
        -48.967228
      ]
    },
    "gui": {
      "rotation": [
        89.40186,
        -51.17837,
        56.013226
      ]
    }
  }
}