{
  "textures": {
    "0": "2thxh28ly:tex/wyx4v7je",
    "particle": "#0"
  },
  "elements": [
    {
      "from": [
        11.25,
        7.63866,
        1.72757
      ],
      "to": [
        11.75,
        8.63866,
        8.227571
      ],
      "faces": {
        "east": {
          "uv": [
            3.03125,
            9.40625,
            3.0,
            9.625
          ],
          "tintindex": 0,
          "rotation": 270,
          "texture": "#0"
        },
        "south": {
          "uv": [
            9.71875,
            2.78125,
            9.75,
            2.75
          ],
          "tintindex": 0,
          "rotation": 0,
          "texture": "#0"
        },
        "north": {
          "uv": [
            9.71875,
            2.78125,
            9.75,
            2.8125
          ],
          "tintindex": 0,
          "rotation": 180,
          "texture": "#0"
        },
        "west": {
          "uv": [
            2.96875,
            9.40625,
            2.9375,
            9.625
          ],
          "tintindex": 0,
          "rotation": 90,
          "texture": "#0"
        },
        "up": {
          "uv": [
            2.9375,
            9.40625,
            2.90625,
            9.625
          ],
          "tintindex": 0,
          "rotation": 180,
          "texture": "#0"
        },
        "down": {
          "uv": [
            3.0,
            9.40625,
            2.96875,
            9.625
          ],
          "tintindex": 0,
          "rotation": 0,
          "texture": "#0"
        }
      }
    },
    {
      "from": [
        11.25,
        9.93476,
        2.1843
      ],
      "to": [
        11.75,
        10.93476,
        8.684299
      ],
      "faces": {
        "east": {
          "uv": [
            2.90625,
            9.40625,
            2.875,
            9.625
          ],
          "tintindex": 0,
          "rotation": 270,
          "texture": "#0"
        },
        "south": {
          "uv": [
            9.71875,
            2.71875,
            9.75,
            2.6875
          ],
          "tintindex": 0,
          "rotation": 0,
          "texture": "#0"
        },
        "north": {
          "uv": [
            9.71875,
            2.71875,
            9.75,
            2.75
          ],
          "tintindex": 0,
          "rotation": 180,
          "texture": "#0"
        },
        "west": {
          "uv": [
            2.34375,
            9.40625,
            2.3125,
            9.625
          ],
          "tintindex": 0,
          "rotation": 90,
          "texture": "#0"
        },
        "up": {
          "uv": [
            2.3125,
            9.40625,
            2.28125,
            9.625
          ],
          "tintindex": 0,
          "rotation": 180,
          "texture": "#0"
        },
        "down": {
          "uv": [
            2.375,
            9.40625,
            2.34375,
            9.625
          ],
          "tintindex": 0,
          "rotation": 0,
          "texture": "#0"
        }
      },
      "rotation": {
        "origin": [
          8.0,
          9.93476,
          2.6843
        ],
        "angle": 22.5,
        "axis": "x"
      }
    }
  ],
  "display": {
    "head": {
      "rotation": [
        0.0,
        0.0,
        0.0
      ]
    },
    "firstperson_righthand": {
      "rotation": [
        0.0,
        0.0,
        0.0
      ]
    },
    "thirdperson_lefthand": {
      "rotation": [
        0.0,
        -0.0,
        -0.0
      ]
    },
    "firstperson_lefthand": {
      "rotation": [
        0.0,
        -0.0,
        -0.0
      ]
    },
    "fixed": {
      "rotation": [
        0.0,
        0.0,
        0.0
      ]
    },
    "ground": {
      "rotation": [
        0.0,
        0.0,
        0.0
      ]
    },
    "thirdperson_righthand": {
      "rotation": [
        0.0,
        0.0,
        0.0
      ]
    },
    "gui": {
      "rotation": [
        -150.0,
        -45.0,
        180.0
      ]
    }
  }
}