{
  "textures": {
    "0": "xq9rmjx80:tex/kjanzurh",
    "particle": "#0"
  },
  "elements": [
    {
      "from": [
        6.658333,
        12.363453,
        -6.9140663
      ],
      "to": [
        7.991646,
        16.725014,
        -5.628481
      ],
      "faces": {
        "east": {
          "uv": [
            5.1875,
            10.9375,
            5.4375,
            11.75
          ],
          "tintindex": 0,
          "rotation": 0,
          "texture": "#0"
        }
      }
    }
  ],
  "display": {
    "head": {
      "rotation": [
        -79.97717,
        0.008761199,
        0.049571738
      ]
    },
    "firstperson_righthand": {
      "rotation": [
        -79.97717,
        0.008761199,
        0.049571738
      ]
    },
    "thirdperson_lefthand": {
      "rotation": [
        -79.97717,
        -0.008761199,
        -0.049571738
      ]
    },
    "firstperson_lefthand": {
      "rotation": [
        -79.97717,
        -0.008761199,
        -0.049571738
      ]
    },
    "fixed": {
      "rotation": [
        -79.97717,
        0.008761199,
        0.049571738
      ]
    },
    "ground": {
      "rotation": [
        -79.97717,
        0.008761199,
        0.049571738
      ]
    },
    "thirdperson_righthand": {
      "rotation": [
        -79.97717,
        0.008761199,
        0.049571738
      ]
    },
    "gui": {
      "rotation": [
        -67.11727,
        -7.0752788,
        -135.39023
      ]
    }
  }
}