{
  "textures": {
    "6": "gwjritg0z:tex/rgbchkdy",
    "particle": "#6"
  },
  "elements": [
    {
      "from": [
        13.658334,
        5.3367825,
        2.2656107
      ],
      "to": [
        16.991667,
        6.6701155,
        7.948944
      ],
      "faces": {
        "east": {
          "uv": [
            7.875,
            3.25,
            8.40625,
            3.375
          ],
          "tintindex": 0,
          "rotation": 0,
          "texture": "#6"
        },
        "down": {
          "uv": [
            7.71875,
            1.21875,
            7.40625,
            1.75
          ],
          "tintindex": 0,
          "rotation": 0,
          "texture": "#6"
        }
      }
    },
    {
      "from": [
        13.658334,
        5.3367825,
        7.932277
      ],
      "to": [
        16.991667,
        6.3367825,
        13.615611
      ],
      "faces": {
        "east": {
          "uv": [
            8.15625,
            1.90625,
            8.6875,
            2.0
          ],
          "tintindex": 0,
          "rotation": 0,
          "texture": "#6"
        },
        "down": {
          "uv": [
            0.65625,
            7.40625,
            0.34375,
            7.9375
          ],
          "tintindex": 0,
          "rotation": 0,
          "texture": "#6"
        }
      }
    },
    {
      "from": [
        -0.9916668,
        5.3367825,
        7.932277
      ],
      "to": [
        2.3416662,
        6.3367825,
        13.615611
      ],
      "faces": {
        "west": {
          "uv": [
            8.28125,
            2.6875,
            8.8125,
            2.78125
          ],
          "tintindex": 0,
          "rotation": 0,
          "texture": "#6"
        },
        "down": {
          "uv": [
            7.75,
            4.03125,
            7.4375,
            4.5625
          ],
          "tintindex": 0,
          "rotation": 0,
          "texture": "#6"
        }
      }
    },
    {
      "from": [
        13.658334,
        5.3367825,
        19.26561
      ],
      "to": [
        16.991667,
        5.6701155,
        22.948944
      ],
      "faces": {
        "east": {
          "uv": [
            9.03125,
            7.09375,
            9.375,
            7.125
          ],
          "tintindex": 0,
          "rotation": 0,
          "texture": "#6"
        },
        "south": {
          "uv": [
            9.0625,
            5.90625,
            9.375,
            5.9375
          ],
          "tintindex": 0,
          "rotation": 0,
          "texture": "#6"
        },
        "north": {
          "uv": [
            9.0625,
            5.84375,
            9.375,
            5.875
          ],
          "tintindex": 0,
          "rotation": 0,
          "texture": "#6"
        },
        "down": {
          "uv": [
            5.125,
            7.65625,
            4.8125,
            8.0
          ],
          "tintindex": 0,
          "rotation": 0,
          "texture": "#6"
        }
      }
    },
    {
      "from": [
        -0.9916668,
        5.3367825,
        13.598945
      ],
      "to": [
        2.3416662,
        6.003449,
        19.282278
      ],
      "faces": {
        "south": {
          "uv": [
            8.71875,
            1.90625,
            9.03125,
            1.96875
          ],
          "tintindex": 0,
          "rotation": 0,
          "texture": "#6"
        },
        "west": {
          "uv": [
            8.5625,
            0.34375,
            9.09375,
            0.40625
          ],
          "tintindex": 0,
          "rotation": 0,
          "texture": "#6"
        },
        "down": {
          "uv": [
            7.71875,
            7.15625,
            7.40625,
            7.6875
          ],
          "tintindex": 0,
          "rotation": 0,
          "texture": "#6"
        }
      }
    },
    {
      "from": [
        -0.9916668,
        5.3367825,
        2.2656107
      ],
      "to": [
        2.3416662,
        6.6701155,
        7.948944
      ],
      "faces": {
        "west": {
          "uv": [
            8.125,
            3.6875,
            8.65625,
            3.8125
          ],
          "tintindex": 0,
          "rotation": 0,
          "texture": "#6"
        },
        "down": {
          "uv": [
            7.84375,
            2.3125,
            7.53125,
            2.84375
          ],
          "tintindex": 0,
          "rotation": 0,
          "texture": "#6"
        }
      }
    },
    {
      "from": [
        13.658334,
        5.3367825,
        13.598945
      ],
      "to": [
        16.991667,
        6.003449,
        19.282278
      ],
      "faces": {
        "east": {
          "uv": [
            8.53125,
            3.53125,
            9.0625,
            3.59375
          ],
          "tintindex": 0,
          "rotation": 0,
          "texture": "#6"
        },
        "south": {
          "uv": [
            8.6875,
            7.59375,
            9.0,
            7.65625
          ],
          "tintindex": 0,
          "rotation": 0,
          "texture": "#6"
        },
        "down": {
          "uv": [
            0.3125,
            7.28125,
            0.0,
            7.8125
          ],
          "tintindex": 0,
          "rotation": 0,
          "texture": "#6"
        }
      }
    },
    {
      "from": [
        -0.9916668,
        5.3367825,
        -4.7343903
      ],
      "to": [
        2.3416662,
        7.003449,
        2.282277
      ],
      "faces": {
        "west": {
          "uv": [
            2.78125,
            7.6875,
            3.4375,
            7.84375
          ],
          "tintindex": 0,
          "rotation": 0,
          "texture": "#6"
        },
        "down": {
          "uv": [
            4.78125,
            7.25,
            4.46875,
            7.90625
          ],
          "tintindex": 0,
          "rotation": 0,
          "texture": "#6"
        }
      }
    },
    {
      "from": [
        13.658334,
        5.3367825,
        -9.067724
      ],
      "to": [
        16.991667,
        7.3367825,
        -4.717723
      ],
      "faces": {
        "east": {
          "uv": [
            0.96875,
            5.71875,
            1.375,
            5.90625
          ],
          "tintindex": 0,
          "rotation": 0,
          "texture": "#6"
        },
        "north": {
          "uv": [
            8.1875,
            8.1875,
            8.5,
            8.375
          ],
          "tintindex": 0,
          "rotation": 0,
          "texture": "#6"
        },
        "down": {
          "uv": [
            2.4375,
            6.75,
            2.125,
            7.15625
          ],
          "tintindex": 0,
          "rotation": 0,
          "texture": "#6"
        }
      }
    },
    {
      "from": [
        -0.9916668,
        5.3367825,
        19.26561
      ],
      "to": [
        2.3416662,
        5.6701155,
        22.948944
      ],
      "faces": {
        "south": {
          "uv": [
            9.0625,
            6.25,
            9.375,
            6.28125
          ],
          "tintindex": 0,
          "rotation": 0,
          "texture": "#6"
        },
        "north": {
          "uv": [
            9.0625,
            6.1875,
            9.375,
            6.21875
          ],
          "tintindex": 0,
          "rotation": 0,
          "texture": "#6"
        },
        "west": {
          "uv": [
            9.03125,
            7.59375,
            9.375,
            7.625
          ],
          "tintindex": 0,
          "rotation": 0,
          "texture": "#6"
        },
        "down": {
          "uv": [
            5.46875,
            7.65625,
            5.15625,
            8.0
          ],
          "tintindex": 0,
          "rotation": 0,
          "texture": "#6"
        }
      }
    },
    {
      "from": [
        -0.9916668,
        5.3367825,
        -9.067724
      ],