{
  "textures": {
    "0": "5exp3rjkn:tex/irnif5a0",
    "particle": "#0"
  },
  "elements": [
    {
      "from": [
        7.4375,
        6.1360397,
        3.5
      ],
      "to": [
        7.4375,
        9.86396,
        4.5
      ],
      "faces": {
        "west": {
          "uv": [
            3.125,
            9.8125,
            3.1875,
            10.0625
          ],
          "tintindex": 0,
          "rotation": 0,
          "texture": "#0"
        }
      }
    },
    {
      "from": [
        7.5,
        6.1360397,
        3.5
      ],
      "to": [
        11.5,
        9.86396,
        12.5
      ],
      "faces": {
        "east": {
          "uv": [
            8.25,
            6.0625,
            8.8125,
            6.3125
          ],
          "tintindex": 0,
          "rotation": 0,
          "texture": "#0"
        },
        "south": {
          "uv": [
            9.25,
            4.3125,
            9.5,
            4.5625
          ],
          "tintindex": 0,
          "rotation": 0,
          "texture": "#0"
        },
        "north": {
          "uv": [
            3.9375,
            9.25,
            4.1875,
            9.5
          ],
          "tintindex": 0,
          "rotation": 0,
          "texture": "#0"
        },
        "west": {
          "uv": [
            1.6875,
            8.3125,
            2.25,
            8.5625
          ],
          "tintindex": 0,
          "rotation": 0,
          "texture": "#0"
        }
      }
    },
    {
      "from": [
        7.25,
        6.125,
        6.125
      ],
      "to": [
        7.5,
        9.875,
        9.875
      ],
      "faces": {
        "south": {
          "uv": [
            3.6875,
            9.8125,
            3.75,
            10.0625
          ],
          "tintindex": 0,
          "rotation": 0,
          "texture": "#0"
        },
        "north": {
          "uv": [
            9.8125,
            3.625,
            9.875,
            3.875
          ],
          "tintindex": 0,
          "rotation": 0,
          "texture": "#0"
        },
        "west": {
          "uv": [
            9.25,
            8.0625,
            9.5,
            8.3125
          ],
          "tintindex": 0,
          "rotation": 0,
          "texture": "#0"
        },
        "up": {
          "uv": [
            3.8125,
            10.0625,
            3.75,
            9.8125
          ],
          "tintindex": 0,
          "rotation": 0,
          "texture": "#0"
        },
        "down": {
          "uv": [
            3.875,
            9.8125,
            3.8125,
            10.0625
          ],
          "tintindex": 0,
          "rotation": 0,
          "texture": "#0"
        }
      },
      "rotation": {
        "origin": [
          6.5,
          8.0,
          8.0
        ],
        "angle": 45.0,
        "axis": "x"
      }
    },
    {
      "from": [
        7.4375,
        6.1360397,
        11.5
      ],
      "to": [
        7.4375,
        9.86396,
        12.5
      ],
      "faces": {
        "west": {
          "uv": [
            9.8125,
            3.3125,
            9.875,
            3.5625
          ],
          "tintindex": 0,
          "rotation": 0,
          "texture": "#0"
        }
      }
    },
    {
      "from": [
        7.5,
        3.5,
        6.1360397
      ],
      "to": [
        11.5,
        12.5,
        9.86396
      ],
      "faces": {
        "east": {
          "uv": [
            6.9375,
            8.1875,
            7.1875,
            8.75
          ],
          "tintindex": 0,
          "rotation": 0,
          "texture": "#0"
        },
        "west": {
          "uv": [
            7.875,
            8.1875,
            8.125,
            8.75
          ],
          "tintindex": 0,
          "rotation": 0,
          "texture": "#0"
        },
        "up": {
          "uv": [
            6.9375,
            9.5,
            6.6875,
            9.25
          ],
          "tintindex": 0,
          "rotation": 0,
          "texture": "#0"
        },
        "down": {
          "uv": [
            9.5,
            7.3125,
            9.25,
            7.5625
          ],
          "tintindex": 0,
          "rotation": 0,
          "texture": "#0"
        }
      },
      "rotation": {
        "origin": [
          11.0,
          8.0,
          8.0
        ],
        "angle": 45.0,
        "axis": "x"
      }
    },
    {
      "from": [
        7.5,
        3.5,
        6.1360397
      ],
      "to": [
        11.5,
        12.5,
        9.86396
      ],
      "faces": {
        "east": {
          "uv": [
            3.6875,
            8.3125,
            3.9375,
            8.875
          ],
          "tintindex": 0,
          "rotation": 0,
          "texture": "#0"
        },
        "west": {
          "uv": [
            4.4375,
            8.3125,
            4.6875,
            8.875
          ],
          "tintindex": 0,
          "rotation": 0,
          "texture": "#0"
        },
        "up": {
          "uv": [
            9.5,
            7.8125,
            9.25,
            7.5625
          ],
          "tintindex": 0,
          "rotation": 0,
          "texture": "#0"
        },
        "down": {
          "uv": [
            9.5,
            7.8125,
            9.25,
            8.0625
          ],
          "tintindex": 0,
          "rotation": 0,
          "texture": "#0"
        }
      }
    },
    {
      "from": [
        7.4375,
        3.5,
        6.1360397
      ],
      "to": [
        7.4375,
        4.5,
        9.86396
      ],
      "faces": {
        "west": {
          "uv": [
            9.8125,
            2.0625,
            10.0625,
            2.125
          ],
          "tintindex": 0,
          "rotation": 0,
          "texture": "#0"
        }
      },
      "rotation": {
        "origin": [
          6.9375,
          8.0,
          8.0
        ],
        "angle": 45.0,
        "axis": "x"
      }
    },
    {
      "from": [
        7.4375,
        3.5,
        6.1360397
      ],
      "to": [
        7.4375,
        4.5,
        9.86396
      ],
      "faces": {
        "west": {
          "uv": [
            9.8125,
            2.125,
            10.0625,
            2.1875
          ],
          "tintindex": 0,
          "rotation": 0,
          "texture": "#0"
        }
      }
    },
    {
      "from": [
        7.4375,
        11.5,
        6.1360397
      ],
      "to": [
        7.4375,
        12.5,
        9.86396
      ],
      "faces": {
        "west": {
          "uv": [
            9.8125,
            3.5625,
            10.0625,
            3.625
          ],
          "tintindex": 0,
          "rotation": 0,
          "texture": "#0"
        }
      }
    },
    {
      "from": [
        7.5,
        6.1360397,
        3.5
      ],
      "to": [
        11.5,
        9.86396,
        12.5
      ],
      "faces": {
        "east": {
          "uv": [
            8.25,
            5.8125,
            8.8125,
            6.0625
          ],
          "tintindex": 0,
          "rotation": 0,
          "texture": "#0"
        },
        "south": {
          "uv": [
            2.875,
            9.25,
            3.125,
            9.5
          ],
          "tintindex": 0,
          "rotation": 0,
          "texture": "#0"
        },
        "north": {
          "uv": [
            1.0,
            9.25,
            1.25,
            9.5
          ],
          "tintindex": 0,
          "rotation": 0,
          "texture": "#0"
        },
        "west": {
          "uv": [
            5.875,
            8.25,
            6.4375,
            8.5
          ],
          "tintindex": 0,
          "rotation": 0,
          "texture": "#0"
        }
      },
      "rotation": {
        "origin": [
          11.0,
          8.0,
          8.0
        ],
        "angle": 45.0,