{
  "textures": {
    "2": "5rsd0lnob:tex/klboiysg",
    "particle": "#2"
  },
  "elements": [
    {
      "from": [
        17.5125,
        4.4625,
        6.5875
      ],
      "to": [
        20.4875,
        11.5375,
        9.4125
      ],
      "faces": {
        "east": {
          "uv": [
            8.9375,
            11.6875,
            9.125,
            12.125
          ],
          "tintindex": 0,
          "rotation": 0,
          "texture": "#2"
        },
        "south": {
          "uv": [
            0.0,
            0.0,
            0.1859375,
            0.4421875
          ],
          "tintindex": 0,
          "rotation": 0,
          "texture": "#2"
        },
        "north": {
          "uv": [
            0.0,
            0.0,
            0.1859375,
            0.4421875
          ],
          "tintindex": 0,
          "rotation": 0,
          "texture": "#2"
        },
        "west": {
          "uv": [
            9.15625,
            11.6875,
            9.34375,
            12.125
          ],
          "tintindex": 0,
          "rotation": 0,
          "texture": "#2"
        },
        "up": {
          "uv": [
            9.5625,
            13.28125,
            9.375,
            13.09375
          ],
          "tintindex": 0,
          "rotation": 0,
          "texture": "#2"
        },
        "down": {
          "uv": [
            9.78125,
            13.09375,
            9.59375,
            13.28125
          ],
          "tintindex": 0,
          "rotation": 0,
          "texture": "#2"
        }
      },
      "rotation": {
        "origin": [
          20.0,
          8.0,
          8.0
        ],
        "angle": -45.0,
        "axis": "x"
      }
    },
    {
      "from": [
        17.5,
        4.5,
        6.5
      ],
      "to": [
        20.5,
        11.5,
        9.5
      ],
      "faces": {
        "east": {
          "uv": [
            10.6875,
            11.59375,
            10.875,
            12.03125
          ],
          "tintindex": 0,
          "rotation": 0,
          "texture": "#2"
        },
        "south": {
          "uv": [
            0.0,
            0.0,
            0.1875,
            0.4375
          ],
          "tintindex": 0,
          "rotation": 0,
          "texture": "#2"
        },
        "north": {
          "uv": [
            0.0,
            0.0,
            0.1875,
            0.4375
          ],
          "tintindex": 0,
          "rotation": 0,
          "texture": "#2"
        },
        "west": {
          "uv": [
            10.90625,
            11.59375,
            11.09375,
            12.03125
          ],
          "tintindex": 0,
          "rotation": 0,
          "texture": "#2"
        },
        "up": {
          "uv": [
            13.40625,
            12.875,
            13.21875,
            12.6875
          ],
          "tintindex": 0,
          "rotation": 0,
          "texture": "#2"
        },
        "down": {
          "uv": [
            13.40625,
            12.90625,
            13.21875,
            13.09375
          ],
          "tintindex": 0,
          "rotation": 0,
          "texture": "#2"
        }
      }
    },
    {
      "from": [
        17.4875,
        4.5,
        4.5
      ],
      "to": [
        20.5125,
        11.5,
        11.5
      ],
      "faces": {
        "east": {
          "uv": [
            9.40625,
            8.78125,
            9.84375,
            9.21875
          ],
          "tintindex": 0,
          "rotation": 0,
          "texture": "#2"
        },
        "west": {
          "uv": [
            9.40625,
            9.25,
            9.84375,
            9.6875
          ],
          "tintindex": 0,
          "rotation": 0,
          "texture": "#2"
        }
      }
    },
    {
      "from": [
        17.5,
        6.5,
        4.5
      ],
      "to": [
        20.5,
        9.5,
        11.5
      ],
      "faces": {
        "east": {
          "uv": [
            11.125,
            11.59375,
            11.3125,
            12.03125
          ],
          "tintindex": 0,
          "rotation": 90,
          "texture": "#2"
        },
        "south": {
          "uv": [
            9.34375,
            13.09375,
            9.15625,
            13.28125
          ],
          "tintindex": 0,
          "rotation": 0,
          "texture": "#2"
        },
        "north": {
          "uv": [
            9.125,
            13.28125,
            8.9375,
            13.09375
          ],
          "tintindex": 0,
          "rotation": 180,
          "texture": "#2"
        },
        "west": {
          "uv": [
            11.34375,
            11.59375,
            11.53125,
            12.03125
          ],
          "tintindex": 0,
          "rotation": 270,
          "texture": "#2"
        },
        "up": {
          "uv": [
            0.0,
            0.0,
            0.1875,
            0.4375
          ],
          "tintindex": 0,
          "rotation": 0,
          "texture": "#2"
        },
        "down": {
          "uv": [
            0.0,
            0.0,
            0.1875,
            0.4375
          ],
          "tintindex": 0,
          "rotation": 180,
          "texture": "#2"
        }
      }
    },
    {
      "from": [
        17.5125,
        4.4625,
        6.5875
      ],
      "to": [
        20.4875,
        11.5375,
        9.4125
      ],
      "faces": {
        "east": {
          "uv": [
            11.71875,
            9.15625,
            11.90625,
            9.59375
          ],
          "tintindex": 0,
          "rotation": 0,
          "texture": "#2"
        },
        "south": {
          "uv": [
            0.0,
            0.0,
            0.1859375,
            0.4421875
          ],
          "tintindex": 0,
          "rotation": 0,
          "texture": "#2"
        },
        "north": {
          "uv": [
            0.0,
            0.0,
            0.1859375,
            0.4421875
          ],
          "tintindex": 0,
          "rotation": 0,
          "texture": "#2"
        },
        "west": {
          "uv": [
            10.46875,
            11.59375,
            10.65625,
            12.03125
          ],
          "tintindex": 0,
          "rotation": 0,
          "texture": "#2"
        },
        "up": {
          "uv": [
            13.375,
            10.5,
            13.1875,
            10.3125
          ],
          "tintindex": 0,
          "rotation": 0,
          "texture": "#2"
        },
        "down": {
          "uv": [
            13.375,
            10.53125,
            13.1875,
            10.71875
          ],
          "tintindex": 0,
          "rotation": 0,
          "texture": "#2"
        }
      },
      "rotation": {
        "origin": [
          20.0,
          8.0,
          8.0
        ],
        "angle": 45.0,
        "axis": "x"
      }
    }
  ],
  "display": {
    "head": {
      "rotation": [
        0.0,
        0.0,
        0.0
      ]
    },
    "firstperson_righthand": {
      "rotation": [
        0.0,
        0.0,
        0.0
      ]
    },
    "thirdperson_lefthand": {
      "rotation": [
        0.0,
        -0.0,
        -0.0
      ]
    },
    "firstperson_lefthand": {
      "rotation": [
        0.0,
        -0.0,
        -0.0
      ]
    },
    "fixed": {
      "rotation": [
        0.0,
        0.0,
        0.0
      ]
    },
    "ground": {
      "rotation": [
        0.0,
        0.0,
        0.0
      ]
    },
    "thirdperson_righthand": {
      "rotation": [
        0.0,
        0.0,
        0.0
      ]
    },
    "gui": {
      "rotation": [
        -150.0,
        -45.0,
        180.0
      ]
    }
  }
}