{
  "textures": {
    "0": "xq9rmjx80:tex/kjanzurh",
    "particle": "#0"
  },
  "elements": [
    {
      "from": [
        16.540302,
        0.45379448,
        -0.9676409
      ],
      "to": [
        17.873634,
        3.620461,
        0.47936916
      ],
      "faces": {
        "east": {
          "uv": [
            1.25,
            11.1875,
            1.5,
            11.75
          ],
          "tintindex": 0,
          "rotation": 0,
          "texture": "#0"
        }
      }
    },
    {
      "from": [
        16.540302,
        -3.15658,
        -2.4301414
      ],
      "to": [
        17.873634,
        0.45379448,
        4.146036
      ],
      "faces": {
        "east": {
          "uv": [
            6.5625,
            5.0,
            7.8125,
            5.6875
          ],
          "tintindex": 0,
          "rotation": 0,
          "texture": "#0"
        }
      }
    }
  ],
  "display": {
    "head": {
      "rotation": [
        33.5316,
        62.012398,
        -27.099543
      ]
    },
    "firstperson_righthand": {
      "rotation": [
        33.5316,
        62.012398,
        -27.099543
      ]
    },
    "thirdperson_lefthand": {
      "rotation": [
        33.5316,
        -62.012398,
        27.099543
      ]
    },
    "firstperson_lefthand": {
      "rotation": [
        33.5316,
        -62.012398,
        27.099543
      ]
    },
    "fixed": {
      "rotation": [
        33.5316,
        62.012398,
        -27.099543
      ]
    },
    "ground": {
      "rotation": [
        33.5316,
        62.012398,
        -27.099543
      ]
    },
    "thirdperson_righthand": {
      "rotation": [
        33.5316,
        62.012398,
        -27.099543
      ]
    },
    "gui": {
      "rotation": [
        66.69849,
        -64.292274,
        37.119484
      ]
    }
  }
}