{
  "textures": {
    "0": "xq9rmjx80:tex/kjanzurh",
    "particle": "#0"
  },
  "elements": [
    {
      "from": [
        -11.078426,
        -4.7598715,
        15.731519
      ],
      "to": [
        -9.745094,
        -3.6973715,
        16.707945
      ],
      "faces": {
        "west": {
          "uv": [
            0.0,
            11.9375,
            0.1875,
            12.125
          ],
          "tintindex": 0,
          "rotation": 0,
          "texture": "#0"
        }
      }
    },
    {
      "from": [
        -11.078426,
        -5.3432064,
        15.731519
      ],
      "to": [
        -9.745092,
        -4.0932064,
        15.978779
      ],
      "faces": {
        "west": {
          "uv": [
            12.0625,
            11.375,
            12.125,
            11.625
          ],
          "tintindex": 0,
          "rotation": 0,
          "texture": "#0"
        }
      }
    }
  ],
  "display": {
    "head": {
      "rotation": [
        -1.7769442,
        67.96726,
        0.0044359197
      ]
    },
    "firstperson_righthand": {
      "rotation": [
        -1.7769442,
        67.96726,
        0.0044359197
      ]
    },
    "thirdperson_lefthand": {
      "rotation": [
        -1.7769442,
        -67.96726,
        -0.0044359197
      ]
    },
    "firstperson_lefthand": {
      "rotation": [
        -1.7769442,
        -67.96726,
        -0.0044359197
      ]
    },
    "fixed": {
      "rotation": [
        -1.7769442,
        67.96726,
        0.0044359197
      ]
    },
    "ground": {
      "rotation": [
        -1.7769442,
        67.96726,
        0.0044359197
      ]
    },
    "thirdperson_righthand": {
      "rotation": [
        -1.7769442,
        67.96726,
        0.0044359197
      ]
    },
    "gui": {
      "rotation": [
        28.293015,
        -67.014015,
        -3.2143342
      ]
    }
  }
}