{
  "textures": {
    "0": "xq9rmjx80:tex/kjanzurh",
    "particle": "#0"
  },
  "elements": [
    {
      "from": [
        -1.8736343,
        0.45379448,
        -0.9676409
      ],
      "to": [
        -0.5403013,
        3.620461,
        0.47936916
      ],
      "faces": {
        "west": {
          "uv": [
            2.9375,
            11.125,
            3.1875,
            11.6875
          ],
          "tintindex": 0,
          "rotation": 0,
          "texture": "#0"
        }
      }
    },
    {
      "from": [
        -1.8736343,
        -3.15658,
        -2.4301414
      ],
      "to": [
        -0.5403013,
        0.45379448,
        4.146036
      ],
      "faces": {
        "west": {
          "uv": [
            9.3125,
            4.75,
            10.5625,
            5.4375
          ],
          "tintindex": 0,
          "rotation": 0,
          "texture": "#0"
        }
      }
    }
  ],
  "display": {
    "head": {
      "rotation": [
        33.5316,
        -62.012398,
        27.099543
      ]
    },
    "firstperson_righthand": {
      "rotation": [
        33.5316,
        -62.012398,
        27.099543
      ]
    },
    "thirdperson_lefthand": {
      "rotation": [
        33.5316,
        62.012398,
        -27.099543
      ]
    },
    "firstperson_lefthand": {
      "rotation": [
        33.5316,
        62.012398,
        -27.099543
      ]
    },
    "fixed": {
      "rotation": [
        33.5316,
        -62.012398,
        27.099543
      ]
    },
    "ground": {
      "rotation": [
        33.5316,
        -62.012398,
        27.099543
      ]
    },
    "thirdperson_righthand": {
      "rotation": [
        33.5316,
        -62.012398,
        27.099543
      ]
    },
    "gui": {
      "rotation": [
        -166.05087,
        20.35291,
        -177.52142
      ]
    }
  }
}