{
  "textures": {
    "6": "gwjritg0z:tex/rgbchkdy",
    "particle": "#6"
  },
  "elements": [
    {
      "from": [
        7.0249996,
        0.5749998,
        4.825001
      ],
      "to": [
        8.975,
        15.425,
        11.174999
      ],
      "faces": {
        "east": {
          "uv": [
            9.96875,
            13.65625,
            10.15625,
            14.125
          ],
          "tintindex": 0,
          "rotation": 0,
          "texture": "#6"
        },
        "west": {
          "uv": [
            10.1875,
            13.65625,
            10.375,
            14.125
          ],
          "tintindex": 0,
          "rotation": 0,
          "texture": "#6"
        },
        "up": {
          "uv": [
            10.8125,
            15.4375,
            10.75,
            15.25
          ],
          "tintindex": 0,
          "rotation": 0,
          "texture": "#6"
        },
        "down": {
          "uv": [
            10.90625,
            15.25,
            10.84375,
            15.4375
          ],
          "tintindex": 0,
          "rotation": 0,
          "texture": "#6"
        }
      },
      "rotation": {
        "origin": [
          8.0,
          8.0,
          8.0
        ],
        "angle": -45.0,
        "axis": "x"
      }
    },
    {
      "from": [
        7.0249996,
        0.5749998,
        4.825001
      ],
      "to": [
        8.975,
        15.425,
        11.174999
      ],
      "faces": {
        "east": {
          "uv": [
            10.40625,
            13.65625,
            10.59375,
            14.125
          ],
          "tintindex": 0,
          "rotation": 0,
          "texture": "#6"
        },
        "west": {
          "uv": [
            10.625,
            13.65625,
            10.8125,
            14.125
          ],
          "tintindex": 0,
          "rotation": 0,
          "texture": "#6"
        },
        "up": {
          "uv": [
            13.03125,
            15.4375,
            12.96875,
            15.25
          ],
          "tintindex": 0,
          "rotation": 0,
          "texture": "#6"
        },
        "down": {
          "uv": [
            13.125,
            15.25,
            13.0625,
            15.4375
          ],
          "tintindex": 0,
          "rotation": 0,
          "texture": "#6"
        }
      },
      "rotation": {
        "origin": [
          8.0,
          8.0,
          8.0
        ],
        "angle": 45.0,
        "axis": "x"
      }
    },
    {
      "from": [
        6.9750004,
        0.5,
        0.5
      ],
      "to": [
        9.025,
        15.5,
        15.5
      ],
      "faces": {
        "east": {
          "uv": [
            10.53125,
            10.40625,
            11.0,
            10.875
          ],
          "tintindex": 0,
          "rotation": 0,
          "texture": "#6"
        },
        "west": {
          "uv": [
            9.53125,
            10.90625,
            10.0,
            11.375
          ],
          "tintindex": 0,
          "rotation": 0,
          "texture": "#6"
        }
      }
    },
    {
      "from": [
        7.0,
        5.0,
        0.5
      ],
      "to": [
        9.0,
        11.0,
        15.5
      ],
      "faces": {
        "east": {
          "uv": [
            9.53125,
            13.65625,
            9.71875,
            14.125
          ],
          "tintindex": 0,
          "rotation": 270,
          "texture": "#6"
        },
        "south": {
          "uv": [
            10.625,
            15.4375,
            10.5625,
            15.25
          ],
          "tintindex": 0,
          "rotation": 0,
          "texture": "#6"
        },
        "north": {
          "uv": [
            10.71875,
            15.25,
            10.65625,
            15.4375
          ],
          "tintindex": 0,
          "rotation": 180,
          "texture": "#6"
        },
        "west": {
          "uv": [
            9.75,
            13.65625,
            9.9375,
            14.125
          ],
          "tintindex": 0,
          "rotation": 90,
          "texture": "#6"
        }
      }
    },
    {
      "from": [
        7.0,
        0.5,
        5.0
      ],
      "to": [
        9.0,
        15.5,
        11.0
      ],
      "faces": {
        "east": {
          "uv": [
            10.84375,
            13.65625,
            11.03125,
            14.125
          ],
          "tintindex": 0,
          "rotation": 0,
          "texture": "#6"
        },
        "west": {
          "uv": [
            13.8125,
            13.03125,
            14.0,
            13.5
          ],
          "tintindex": 0,
          "rotation": 0,
          "texture": "#6"
        },
        "up": {
          "uv": [
            13.21875,
            15.4375,
            13.15625,
            15.25
          ],
          "tintindex": 0,
          "rotation": 0,
          "texture": "#6"
        },
        "down": {
          "uv": [
            13.3125,
            15.25,
            13.25,
            15.4375
          ],
          "tintindex": 0,
          "rotation": 0,
          "texture": "#6"
        }
      }
    }
  ],
  "display": {
    "head": {
      "rotation": [
        0.0,
        0.0,
        0.0
      ]
    },
    "firstperson_righthand": {
      "rotation": [
        0.0,
        0.0,
        0.0
      ]
    },
    "thirdperson_lefthand": {
      "rotation": [
        0.0,
        -0.0,
        -0.0
      ]
    },
    "firstperson_lefthand": {
      "rotation": [
        0.0,
        -0.0,
        -0.0
      ]
    },
    "fixed": {
      "rotation": [
        0.0,
        0.0,
        0.0
      ]
    },
    "ground": {
      "rotation": [
        0.0,
        0.0,
        0.0
      ]
    },
    "thirdperson_righthand": {
      "rotation": [
        0.0,
        0.0,
        0.0
      ]
    },
    "gui": {
      "rotation": [
        -150.0,
        -45.0,
        180.0
      ]
    }
  }
}