{
  "textures": {
    "0": "2thxh28ly:tex/wyx4v7je",
    "particle": "#0"
  },
  "elements": [
    {
      "from": [
        15.995,
        4.745,
        3.495
      ],
      "to": [
        20.005,
        8.005,
        10.505
      ],
      "faces": {
        "east": {
          "uv": [
            7.65625,
            6.75,
            8.09375,
            6.96875
          ],
          "tintindex": 0,
          "rotation": 0,
          "texture": "#0"
        },
        "south": {
          "uv": [
            8.09375,
            4.5,
            8.34375,
            4.71875
          ],
          "tintindex": 0,
          "rotation": 0,
          "texture": "#0"
        },
        "north": {
          "uv": [
            1.875,
            4.40625,
            2.125,
            4.625
          ],
          "tintindex": 0,
          "rotation": 0,
          "texture": "#0"
        },
        "west": {
          "uv": [
            7.4375,
            7.65625,
            7.875,
            7.875
          ],
          "tintindex": 0,
          "rotation": 0,
          "texture": "#0"
        },
        "up": {
          "uv": [
            0.9375,
            7.96875,
            0.6875,
            7.53125
          ],
          "tintindex": 0,
          "rotation": 0,
          "texture": "#0"
        },
        "down": {
          "uv": [
            7.84375,
            4.71875,
            7.59375,
            5.15625
          ],
          "tintindex": 0,
          "rotation": 0,
          "texture": "#0"
        }
      },
      "rotation": {
        "origin": [
          8.0,
          8.0,
          8.0
        ],
        "angle": -22.5,
        "axis": "x"
      }
    },
    {
      "from": [
        1.0,
        5.75,
        10.5
      ],
      "to": [
        15.0,
        7.0,
        11.5
      ],
      "faces": {
        "east": {
          "uv": [
            7.75,
            0.375,
            7.8125,
            0.46875
          ],
          "tintindex": 0,
          "rotation": 0,
          "texture": "#0"
        },
        "south": {
          "uv": [
            5.40625,
            6.5625,
            6.28125,
            6.65625
          ],
          "tintindex": 0,
          "rotation": 0,
          "texture": "#0"
        },
        "north": {
          "uv": [
            5.40625,
            6.46875,
            6.28125,
            6.5625
          ],
          "tintindex": 0,
          "rotation": 0,
          "texture": "#0"
        },
        "west": {
          "uv": [
            8.03125,
            1.5625,
            8.09375,
            1.65625
          ],
          "tintindex": 0,
          "rotation": 0,
          "texture": "#0"
        },
        "up": {
          "uv": [
            3.0,
            3.96875,
            2.125,
            3.90625
          ],
          "tintindex": 0,
          "rotation": 0,
          "texture": "#0"
        },
        "down": {
          "uv": [
            8.90625,
            4.0625,
            8.03125,
            4.125
          ],
          "tintindex": 0,
          "rotation": 0,
          "texture": "#0"
        }
      },
      "rotation": {
        "origin": [
          8.0,
          8.0,
          8.0
        ],
        "angle": -22.5,
        "axis": "x"
      }
    },
    {
      "from": [
        0.0,
        8.0,
        0.0
      ],
      "to": [
        16.0,
        11.25,
        10.5
      ],
      "faces": {
        "east": {
          "uv": [
            7.4375,
            4.5,
            8.09375,
            4.71875
          ],
          "tintindex": 0,
          "rotation": 0,
          "texture": "#0"
        },
        "south": {
          "uv": [
            7.1875,
            2.09375,
            8.1875,
            2.3125
          ],
          "tintindex": 0,
          "rotation": 0,
          "texture": "#0"
        },
        "north": {
          "uv": [
            6.21875,
            7.03125,
            7.21875,
            7.25
          ],
          "tintindex": 0,
          "rotation": 0,
          "texture": "#0"
        },
        "west": {
          "uv": [
            7.53125,
            4.1875,
            8.1875,
            4.40625
          ],
          "tintindex": 0,
          "rotation": 0,
          "texture": "#0"
        },
        "up": {
          "uv": [
            6.78125,
            1.34375,
            5.78125,
            0.6875
          ],
          "tintindex": 0,
          "rotation": 0,
          "texture": "#0"
        },
        "down": {
          "uv": [
            6.40625,
            5.8125,
            5.40625,
            6.46875
          ],
          "tintindex": 0,
          "rotation": 0,
          "texture": "#0"
        }
      },
      "rotation": {
        "origin": [
          8.0,
          8.0,
          8.0
        ],
        "angle": -22.5,
        "axis": "x"
      }
    },
    {
      "from": [
        0.5,
        5.75,
        10.5
      ],
      "to": [
        1.0,
        11.5,
        11.5
      ],
      "faces": {
        "east": {
          "uv": [
            1.4375,
            7.125,
            1.5,
            7.5
          ],
          "tintindex": 0,
          "rotation": 0,
          "texture": "#0"
        },
        "south": {
          "uv": [
            5.4375,
            9.09375,
            5.46875,
            9.46875
          ],
          "tintindex": 0,
          "rotation": 0,
          "texture": "#0"
        },
        "north": {
          "uv": [
            5.9375,
            8.75,
            5.96875,
            9.125
          ],
          "tintindex": 0,
          "rotation": 0,
          "texture": "#0"
        },
        "west": {
          "uv": [
            7.78125,
            1.34375,
            7.84375,
            1.71875
          ],
          "tintindex": 0,
          "rotation": 0,
          "texture": "#0"
        },
        "up": {
          "uv": [
            7.78125,
            7.03125,
            7.75,
            6.96875
          ],
          "tintindex": 0,
          "rotation": 0,
          "texture": "#0"
        },
        "down": {
          "uv": [
            8.0,
            2.5625,
            7.96875,
            2.625
          ],
          "tintindex": 0,
          "rotation": 0,
          "texture": "#0"
        }
      },
      "rotation": {
        "origin": [
          6.5,
          8.0,
          8.0
        ],
        "angle": -22.5,
        "axis": "x"
      }
    },
    {
      "from": [
        15.0,
        5.75,
        10.5
      ],
      "to": [
        15.5,
        11.5,
        11.5
      ],
      "faces": {
        "east": {
          "uv": [
            7.78125,
            6.96875,
            7.84375,
            7.34375
          ],
          "tintindex": 0,
          "rotation": 0,
          "texture": "#0"
        },
        "south": {
          "uv": [
            3.625,
            9.125,
            3.65625,
            9.5
          ],
          "tintindex": 0,
          "rotation": 0,
          "texture": "#0"
        },
        "north": {
          "uv": [
            5.46875,
            9.09375,
            5.5,
            9.46875
          ],
          "tintindex": 0,
          "rotation": 0,
          "texture": "#0"
        },
        "west": {
          "uv": [
            2.6875,
            8.25,
            2.75,
            8.625
          ],
          "tintindex": 0,
          "rotation": 0,
          "texture": "#0"
        },
        "up": {
          "uv": [
            8.34375,
            5.625,
            8.3125,
            5.5625
          ],
          "tintindex": 0,
          "rotation": 0,
          "texture": "#0"
        },
        "down": {
          "uv": [
            4.5,
            8.34375,
            4.46875,
            8.40625
          ],
          "tintindex": 0,
          "rotation": 0,