{
  "textures": {
    "0": "jsmakehbp:tex/is9x5lvj",
    "particle": "#0"
  },
  "elements": [
    {
      "from": [
        10.812218,
        5.34315,
        6.75
      ],
      "to": [
        12.812218,
        7.82843,
        9.25
      ],
      "faces": {
        "east": {
          "uv": [
            3.6875,
            8.96875,
            3.78125,
            9.03125
          ],
          "tintindex": 0,
          "rotation": 0,
          "texture": "#0"
        },
        "south": {
          "uv": [
            8.3125,
            1.65625,
            8.375,
            1.71875
          ],
          "tintindex": 0,
          "rotation": 0,
          "texture": "#0"
        },
        "north": {
          "uv": [
            3.90625,
            8.03125,
            3.96875,
            8.09375
          ],
          "tintindex": 0,
          "rotation": 0,
          "texture": "#0"
        },
        "west": {
          "uv": [
            3.78125,
            8.96875,
            3.875,
            9.03125
          ],
          "tintindex": 0,
          "rotation": 0,
          "texture": "#0"
        },
        "up": {
          "uv": [
            3.75,
            8.625,
            3.6875,
            8.53125
          ],
          "tintindex": 0,
          "rotation": 0,
          "texture": "#0"
        },
        "down": {
          "uv": [
            8.25,
            8.9375,
            8.1875,
            9.03125
          ],
          "tintindex": 0,
          "rotation": 0,
          "texture": "#0"
        }
      },
      "rotation": {
        "origin": [
          11.812218,
          6.58579,
          8.0
        ],
        "angle": -45.0,
        "axis": "z"
      }
    },
    {
      "from": [
        10.270409,
        6.75736,
        7.73483
      ],
      "to": [
        12.770409,
        9.24264,
        10.23483
      ],
      "faces": {
        "east": {
          "uv": [
            3.46875,
            8.15625,
            3.5625,
            8.21875
          ],
          "tintindex": 0,
          "rotation": 0,
          "texture": "#0"
        },
        "south": {
          "uv": [
            5.5625,
            8.9375,
            5.65625,
            9.0
          ],
          "tintindex": 0,
          "rotation": 0,
          "texture": "#0"
        },
        "north": {
          "uv": [
            2.6875,
            8.0,
            2.78125,
            8.0625
          ],
          "tintindex": 0,
          "rotation": 0,
          "texture": "#0"
        },
        "west": {
          "uv": [
            7.5,
            8.9375,
            7.59375,
            9.0
          ],
          "tintindex": 0,
          "rotation": 0,
          "texture": "#0"
        },
        "up": {
          "uv": [
            4.15625,
            8.96875,
            4.0625,
            8.875
          ],
          "tintindex": 0,
          "rotation": 0,
          "texture": "#0"
        },
        "down": {
          "uv": [
            8.78125,
            8.875,
            8.6875,
            8.96875
          ],
          "tintindex": 0,
          "rotation": 0,
          "texture": "#0"
        }
      },
      "rotation": {
        "origin": [
          11.895409,
          8.0,
          8.98483
        ],
        "angle": 45.0,
        "axis": "y"
      }
    },
    {
      "from": [
        10.270409,
        6.75736,
        5.76517
      ],
      "to": [
        12.770409,
        9.24264,
        8.26517
      ],
      "faces": {
        "east": {
          "uv": [
            0.0,
            8.96875,
            0.09375,
            9.03125
          ],
          "tintindex": 0,
          "rotation": 0,
          "texture": "#0"
        },
        "south": {
          "uv": [
            0.6875,
            8.96875,
            0.78125,
            9.03125
          ],
          "tintindex": 0,
          "rotation": 0,
          "texture": "#0"
        },
        "north": {
          "uv": [
            8.59375,
            8.9375,
            8.6875,
            9.0
          ],
          "tintindex": 0,
          "rotation": 0,
          "texture": "#0"
        },
        "west": {
          "uv": [
            8.96875,
            2.65625,
            9.0625,
            2.71875
          ],
          "tintindex": 0,
          "rotation": 0,
          "texture": "#0"
        },
        "up": {
          "uv": [
            0.4375,
            9.0,
            0.34375,
            8.90625
          ],
          "tintindex": 0,
          "rotation": 0,
          "texture": "#0"
        },
        "down": {
          "uv": [
            5.75,
            8.90625,
            5.65625,
            9.0
          ],
          "tintindex": 0,
          "rotation": 0,
          "texture": "#0"
        }
      },
      "rotation": {
        "origin": [
          11.895409,
          8.0,
          7.01517
        ],
        "angle": -45.0,
        "axis": "y"
      }
    },
    {
      "from": [
        -5.3519897,
        6.75736,
        5.0
      ],
      "to": [
        11.64801,
        9.24264,
        11.0
      ],
      "faces": {
        "east": {
          "uv": [
            5.71875,
            7.53125,
            5.90625,
            7.59375
          ],
          "tintindex": 0,
          "rotation": 0,
          "texture": "#0"
        },
        "south": {
          "uv": [
            6.28125,
            1.40625,
            6.8125,
            1.46875
          ],
          "tintindex": 0,
          "rotation": 0,
          "texture": "#0"
        },
        "north": {
          "uv": [
            5.75,
            1.40625,
            6.28125,
            1.46875
          ],
          "tintindex": 0,
          "rotation": 0,
          "texture": "#0"
        },
        "west": {
          "uv": [
            5.625,
            7.875,
            5.8125,
            7.9375
          ],
          "tintindex": 0,
          "rotation": 0,
          "texture": "#0"
        },
        "up": {
          "uv": [
            0.53125,
            8.09375,
            0.0,
            7.90625
          ],
          "tintindex": 0,
          "rotation": 0,
          "texture": "#0"
        },
        "down": {
          "uv": [
            1.0625,
            7.90625,
            0.53125,
            8.09375
          ],
          "tintindex": 0,
          "rotation": 0,
          "texture": "#0"
        }
      }
    },
    {
      "from": [
        -5.3519897,
        5.0,
        6.75736
      ],
      "to": [
        11.64801,
        11.0,
        9.24264
      ],
      "faces": {
        "east": {
          "uv": [
            4.625,
            3.625,
            4.6875,
            3.8125
          ],
          "tintindex": 0,
          "rotation": 0,
          "texture": "#0"
        },
        "south": {
          "uv": [
            1.59375,
            7.90625,
            2.125,
            8.09375
          ],
          "tintindex": 0,
          "rotation": 0,
          "texture": "#0"
        },
        "north": {
          "uv": [
            1.0625,
            7.90625,
            1.59375,
            8.09375
          ],
          "tintindex": 0,
          "rotation": 0,
          "texture": "#0"
        },
        "west": {
          "uv": [
            4.625,
            3.8125,
            4.6875,
            4.0
          ],
          "tintindex": 0,
          "rotation": 0,
          "texture": "#0"
        },
        "up": {
          "uv": [
            7.0,
            3.03125,
            6.46875,
            2.96875
          ],
          "tintindex": 0,
          "rotation": 0,
          "texture": "#0"
        },
        "down": {
          "uv": [
            4.84375,
            6.625,
            4.3125,
            6.6875
          ],
          "tintindex": 0,
          "rotation": 0,
          "texture": "#0"
        }
      },