{
  "textures": {
    "0": "7w5x0vpi5:tex/taoq4uh7",
    "particle": "#0"
  },
  "elements": [
    {
      "from": [
        14.826667,
        15.576667,
        19.493334
      ],
      "to": [
        19.173334,
        16.256668,
        29.506666
      ],
      "faces": {
        "east": {
          "uv": [
            5.625,
            4.0,
            7.5,
            4.125
          ],
          "tintindex": 0,
          "rotation": 0,
          "texture": "#0"
        },
        "south": {
          "uv": [
            6.8125,
            2.125,
            7.625,
            2.25
          ],
          "tintindex": 0,
          "rotation": 0,
          "texture": "#0"
        },
        "north": {
          "uv": [
            6.8125,
            1.125,
            7.625,
            1.25
          ],
          "tintindex": 0,
          "rotation": 0,
          "texture": "#0"
        },
        "west": {
          "uv": [
            5.625,
            3.875,
            7.5,
            4.0
          ],
          "tintindex": 0,
          "rotation": 0,
          "texture": "#0"
        },
        "up": {
          "uv": [
            3.75,
            1.625,
            1.875,
            0.8125
          ],
          "tintindex": 0,
          "rotation": 270,
          "texture": "#0"
        },
        "down": {
          "uv": [
            3.75,
            1.625,
            1.875,
            2.4375
          ],
          "tintindex": 0,
          "rotation": 90,
          "texture": "#0"
        }
      }
    },
    {
      "from": [
        12.0,
        15.583334,
        22.333334
      ],
      "to": [
        22.0,
        16.25,
        26.666668
      ],
      "faces": {
        "east": {
          "uv": [
            6.6875,
            5.375,
            7.5,
            5.5
          ],
          "tintindex": 0,
          "rotation": 0,
          "texture": "#0"
        },
        "south": {
          "uv": [
            5.625,
            3.5,
            7.5,
            3.625
          ],
          "tintindex": 0,
          "rotation": 0,
          "texture": "#0"
        },
        "north": {
          "uv": [
            5.625,
            3.375,
            7.5,
            3.5
          ],
          "tintindex": 0,
          "rotation": 0,
          "texture": "#0"
        },
        "west": {
          "uv": [
            6.6875,
            5.5,
            7.5,
            5.625
          ],
          "tintindex": 0,
          "rotation": 0,
          "texture": "#0"
        },
        "up": {
          "uv": [
            1.875,
            0.8125,
            0.0,
            0.0
          ],
          "tintindex": 0,
          "rotation": 0,
          "texture": "#0"
        },
        "down": {
          "uv": [
            1.875,
            0.8125,
            0.0,
            1.625
          ],
          "tintindex": 0,
          "rotation": 0,
          "texture": "#0"
        }
      }
    },
    {
      "from": [
        12.0,
        15.583334,
        22.333334
      ],
      "to": [
        22.0,
        16.25,
        26.666668
      ],
      "faces": {
        "east": {
          "uv": [
            6.8125,
            2.25,
            7.625,
            2.375
          ],
          "tintindex": 0,
          "rotation": 0,
          "texture": "#0"
        },
        "south": {
          "uv": [
            5.625,
            4.25,
            7.5,
            4.375
          ],
          "tintindex": 0,
          "rotation": 0,
          "texture": "#0"
        },
        "north": {
          "uv": [
            5.625,
            4.125,
            7.5,
            4.25
          ],
          "tintindex": 0,
          "rotation": 0,
          "texture": "#0"
        },
        "west": {
          "uv": [
            6.8125,
            2.375,
            7.625,
            2.5
          ],
          "tintindex": 0,
          "rotation": 0,
          "texture": "#0"
        },
        "up": {
          "uv": [
            1.875,
            3.25,
            0.0,
            2.4375
          ],
          "tintindex": 0,
          "rotation": 0,
          "texture": "#0"
        },
        "down": {
          "uv": [
            3.75,
            2.4375,
            1.875,
            3.25
          ],
          "tintindex": 0,
          "rotation": 0,
          "texture": "#0"
        }
      },
      "rotation": {
        "origin": [
          17.0,
          15.916667,
          24.5
        ],
        "angle": -45.0,
        "axis": "y"
      }
    },
    {
      "from": [
        11.996667,
        15.58,
        22.330002
      ],
      "to": [
        22.003334,
        16.253334,
        26.670002
      ],
      "faces": {
        "east": {
          "uv": [
            6.8125,
            0.875,
            7.625,
            1.0
          ],
          "tintindex": 0,
          "rotation": 0,
          "texture": "#0"
        },
        "south": {
          "uv": [
            5.625,
            3.75,
            7.5,
            3.875
          ],
          "tintindex": 0,
          "rotation": 0,
          "texture": "#0"
        },
        "north": {
          "uv": [
            5.625,
            3.625,
            7.5,
            3.75
          ],
          "tintindex": 0,
          "rotation": 0,
          "texture": "#0"
        },
        "west": {
          "uv": [
            6.8125,
            1.0,
            7.625,
            1.125
          ],
          "tintindex": 0,
          "rotation": 0,
          "texture": "#0"
        },
        "up": {
          "uv": [
            1.875,
            2.4375,
            0.0,
            1.625
          ],
          "tintindex": 0,
          "rotation": 0,
          "texture": "#0"
        },
        "down": {
          "uv": [
            3.75,
            0.0,
            1.875,
            0.8125
          ],
          "tintindex": 0,
          "rotation": 0,
          "texture": "#0"
        }
      },
      "rotation": {
        "origin": [
          17.0,
          15.916667,
          24.5
        ],
        "angle": 45.0,
        "axis": "y"
      }
    }
  ],
  "display": {
    "head": {
      "rotation": [
        0.0,
        0.0,
        0.0
      ]
    },
    "firstperson_righthand": {
      "rotation": [
        0.0,
        0.0,
        0.0
      ]
    },
    "thirdperson_lefthand": {
      "rotation": [
        0.0,
        -0.0,
        -0.0
      ]
    },
    "firstperson_lefthand": {
      "rotation": [
        0.0,
        -0.0,
        -0.0
      ]
    },
    "fixed": {
      "rotation": [
        0.0,
        0.0,
        0.0
      ]
    },
    "ground": {
      "rotation": [
        0.0,
        0.0,
        0.0
      ]
    },
    "thirdperson_righthand": {
      "rotation": [
        0.0,
        0.0,
        0.0
      ]
    },
    "gui": {
      "rotation": [
        -150.0,
        -45.0,
        180.0
      ]
    }
  }
}