{
  "textures": {
    "6": "gwjritg0z:tex/rgbchkdy",
    "particle": "#6"
  },
  "elements": [
    {
      "from": [
        5.8958325,
        7.979168,
        8.479168
      ],
      "to": [
        6.1458325,
        8.229168,
        10.229168
      ],
      "faces": {
        "east": {
          "uv": [
            9.125,
            8.46875,
            9.34375,
            8.5
          ],
          "tintindex": 0,
          "rotation": 0,
          "texture": "#6"
        },
        "south": {
          "uv": [
            7.3125,
            7.65625,
            7.34375,
            7.6875
          ],
          "tintindex": 0,
          "rotation": 0,
          "texture": "#6"
        },
        "north": {
          "uv": [
            0.90625,
            7.625,
            0.9375,
            7.65625
          ],
          "tintindex": 0,
          "rotation": 0,
          "texture": "#6"
        },
        "west": {
          "uv": [
            9.15625,
            0.59375,
            9.375,
            0.625
          ],
          "tintindex": 0,
          "rotation": 0,
          "texture": "#6"
        },
        "up": {
          "uv": [
            1.4375,
            5.9375,
            1.40625,
            5.71875
          ],
          "tintindex": 0,
          "rotation": 0,
          "texture": "#6"
        },
        "down": {
          "uv": [
            3.625,
            6.6875,
            3.59375,
            6.90625
          ],
          "tintindex": 0,
          "rotation": 0,
          "texture": "#6"
        }
      }
    },
    {
      "from": [
        7.6458325,
        7.229168,
        9.979168
      ],
      "to": [
        9.145832,
        8.729168,
        10.729168
      ],
      "faces": {
        "east": {
          "uv": [
            8.90625,
            6.4375,
            9.0,
            6.625
          ],
          "tintindex": 0,
          "rotation": 0,
          "texture": "#6"
        },
        "south": {
          "uv": [
            8.5625,
            8.53125,
            8.75,
            8.71875
          ],
          "tintindex": 0,
          "rotation": 0,
          "texture": "#6"
        },
        "north": {
          "uv": [
            8.5625,
            1.1875,
            8.75,
            1.375
          ],
          "tintindex": 0,
          "rotation": 0,
          "texture": "#6"
        },
        "west": {
          "uv": [
            8.90625,
            6.96875,
            9.0,
            7.15625
          ],
          "tintindex": 0,
          "rotation": 0,
          "texture": "#6"
        },
        "up": {
          "uv": [
            6.09375,
            6.84375,
            5.90625,
            6.75
          ],
          "tintindex": 0,
          "rotation": 0,
          "texture": "#6"
        },
        "down": {
          "uv": [
            8.9375,
            5.40625,
            8.75,
            5.5
          ],
          "tintindex": 0,
          "rotation": 0,
          "texture": "#6"
        }
      }
    },
    {
      "from": [
        8.020832,
        7.604168,
        26.979168
      ],
      "to": [
        8.770832,
        8.354168,
        27.729168
      ],
      "faces": {
        "east": {
          "uv": [
            2.46875,
            7.03125,
            2.5625,
            7.125
          ],
          "tintindex": 0,
          "rotation": 0,
          "texture": "#6"
        },
        "south": {
          "uv": [
            0.21875,
            7.84375,
            0.3125,
            7.9375
          ],
          "tintindex": 0,
          "rotation": 0,
          "texture": "#6"
        },
        "north": {
          "uv": [
            6.0625,
            2.9375,
            6.15625,
            3.03125
          ],
          "tintindex": 0,
          "rotation": 0,
          "texture": "#6"
        },
        "west": {
          "uv": [
            7.6875,
            9.0625,
            7.78125,
            9.15625
          ],
          "tintindex": 0,
          "rotation": 0,
          "texture": "#6"
        },
        "up": {
          "uv": [
            9.15625,
            8.9375,
            9.0625,
            8.84375
          ],
          "tintindex": 0,
          "rotation": 0,
          "texture": "#6"
        },
        "down": {
          "uv": [
            9.125,
            9.0625,
            9.03125,
            9.15625
          ],
          "tintindex": 0,
          "rotation": 0,
          "texture": "#6"
        }
      }
    },
    {
      "from": [
        7.8958325,
        7.479168,
        27.729168
      ],
      "to": [
        8.895832,
        8.479168,
        28.729168
      ],
      "faces": {
        "east": {
          "uv": [
            8.9375,
            4.03125,
            9.0625,
            4.15625
          ],
          "tintindex": 0,
          "rotation": 0,
          "texture": "#6"
        },
        "south": {
          "uv": [
            4.25,
            8.9375,
            4.375,
            9.0625
          ],
          "tintindex": 0,
          "rotation": 0,
          "texture": "#6"
        },
        "north": {
          "uv": [
            6.9375,
            5.09375,
            7.0625,
            5.21875
          ],
          "tintindex": 0,
          "rotation": 0,
          "texture": "#6"
        },
        "west": {
          "uv": [
            4.40625,
            8.9375,
            4.53125,
            9.0625
          ],
          "tintindex": 0,
          "rotation": 0,
          "texture": "#6"
        },
        "up": {
          "uv": [
            7.0,
            9.0625,
            6.875,
            8.9375
          ],
          "tintindex": 0,
          "rotation": 0,
          "texture": "#6"
        },
        "down": {
          "uv": [
            8.65625,
            8.9375,
            8.53125,
            9.0625
          ],
          "tintindex": 0,
          "rotation": 0,
          "texture": "#6"
        }
      }
    },
    {
      "from": [
        4.6458325,
        6.479168,
        8.729168
      ],
      "to": [
        12.145832,
        9.479168,
        9.979168
      ],
      "faces": {
        "east": {
          "uv": [
            7.75,
            8.125,
            7.90625,
            8.5
          ],
          "tintindex": 0,
          "rotation": 0,
          "texture": "#6"
        },
        "south": {
          "uv": [
            6.0,
            0.90625,
            6.9375,
            1.28125
          ],
          "tintindex": 0,
          "rotation": 0,
          "texture": "#6"
        },
        "north": {
          "uv": [
            2.375,
            5.96875,
            3.3125,
            6.34375
          ],
          "tintindex": 0,
          "rotation": 0,
          "texture": "#6"
        },
        "west": {
          "uv": [
            8.1875,
            7.09375,
            8.34375,
            7.46875
          ],
          "tintindex": 0,
          "rotation": 0,
          "texture": "#6"
        },
        "up": {
          "uv": [
            8.40625,
            0.65625,
            7.46875,
            0.5
          ],
          "tintindex": 0,
          "rotation": 0,
          "texture": "#6"
        },
        "down": {
          "uv": [
            8.40625,
            0.6875,
            7.46875,
            0.84375
          ],
          "tintindex": 0,
          "rotation": 0,
          "texture": "#6"
        }
      }
    },
    {
      "from": [
        8.145832,
        7.729168,
        10.729168
      ],
      "to": [
        8.645832,
        8.229168,
        26.979168
      ],
      "faces": {
        "east": {
          "uv": [
            7.46875,
            0.875,
            9.5,
            0.9375
          ],
          "tintindex": 0,
          "rotation": 0,
          "texture": "#6"
        },