{
  "textures": {
    "2": "xq9rmjx80:tex/6a6c60k6",
    "particle": "#2"
  },
  "elements": [
    {
      "from": [
        7.5,
        7.52663,
        -6.8092804
      ],
      "to": [
        8.5,
        8.12337,
        -3.8092804
      ],
      "faces": {
        "east": {
          "uv": [
            0.971875,
            0.0625,
            1.2265625,
            0.4375
          ],
          "tintindex": 0,
          "rotation": 0,
          "texture": "#2"
        },
        "north": {
          "uv": [
            0.971875,
            0.0625,
            1.2265625,
            0.4375
          ],
          "tintindex": 0,
          "rotation": 0,
          "texture": "#2"
        },
        "west": {
          "uv": [
            0.971875,
            0.0625,
            1.2265625,
            0.4375
          ],
          "tintindex": 0,
          "rotation": 0,
          "texture": "#2"
        }
      },
      "rotation": {
        "origin": [
          8.0,
          7.825,
          -5.3092804
        ],
        "angle": -45.0,
        "axis": "x"
      }
    },
    {
      "from": [
        7.5,
        7.52663,
        -6.8092804
      ],
      "to": [
        8.5,
        8.12337,
        -3.8092804
      ],
      "faces": {
        "east": {
          "uv": [
            0.971875,
            0.0625,
            1.2265625,
            0.4375
          ],
          "tintindex": 0,
          "rotation": 0,
          "texture": "#2"
        },
        "north": {
          "uv": [
            0.971875,
            0.0625,
            1.2265625,
            0.4375
          ],
          "tintindex": 0,
          "rotation": 0,
          "texture": "#2"
        },
        "west": {
          "uv": [
            0.971875,
            0.0625,
            1.2265625,
            0.4375
          ],
          "tintindex": 0,
          "rotation": 0,
          "texture": "#2"
        }
      }
    },
    {
      "from": [
        7.5,
        7.52663,
        -6.8092804
      ],
      "to": [
        8.5,
        8.12337,
        -3.8092804
      ],
      "faces": {
        "east": {
          "uv": [
            0.971875,
            0.0625,
            1.2265625,
            0.4375
          ],
          "tintindex": 0,
          "rotation": 0,
          "texture": "#2"
        },
        "north": {
          "uv": [
            0.971875,
            0.0625,
            1.2265625,
            0.4375
          ],
          "tintindex": 0,
          "rotation": 0,
          "texture": "#2"
        },
        "west": {
          "uv": [
            0.971875,
            0.0625,
            1.2265625,
            0.4375
          ],
          "tintindex": 0,
          "rotation": 0,
          "texture": "#2"
        }
      },
      "rotation": {
        "origin": [
          8.0,
          7.825,
          -5.3092804
        ],
        "angle": 22.5,
        "axis": "x"
      }
    },
    {
      "from": [
        7.5,
        7.52663,
        -6.8092804
      ],
      "to": [
        8.5,
        8.12337,
        -3.8092804
      ],
      "faces": {
        "east": {
          "uv": [
            0.971875,
            0.0625,
            1.2265625,
            0.4375
          ],
          "tintindex": 0,
          "rotation": 0,
          "texture": "#2"
        },
        "south": {
          "uv": [
            0.971875,
            0.0625,
            1.2265625,
            0.4375
          ],
          "tintindex": 0,
          "rotation": 0,
          "texture": "#2"
        },
        "north": {
          "uv": [
            0.971875,
            0.0625,
            1.2265625,
            0.4375
          ],
          "tintindex": 0,
          "rotation": 0,
          "texture": "#2"
        },
        "west": {
          "uv": [
            0.971875,
            0.0625,
            1.2265625,
            0.4375
          ],
          "tintindex": 0,
          "rotation": 0,
          "texture": "#2"
        }
      },
      "rotation": {
        "origin": [
          8.0,
          7.825,
          -5.3092804
        ],
        "angle": 45.0,
        "axis": "x"
      }
    },
    {
      "from": [
        7.5,
        7.52663,
        -6.8092804
      ],
      "to": [
        8.5,
        8.12337,
        -3.8092804
      ],
      "faces": {
        "east": {
          "uv": [
            0.971875,
            0.0625,
            1.2265625,
            0.4375
          ],
          "tintindex": 0,
          "rotation": 0,
          "texture": "#2"
        },
        "north": {
          "uv": [
            0.971875,
            0.0625,
            1.2265625,
            0.4375
          ],
          "tintindex": 0,
          "rotation": 0,
          "texture": "#2"
        },
        "west": {
          "uv": [
            0.971875,
            0.0625,
            1.2265625,
            0.4375
          ],
          "tintindex": 0,
          "rotation": 0,
          "texture": "#2"
        }
      },
      "rotation": {
        "origin": [
          8.0,
          7.825,
          -5.3092804
        ],
        "angle": -22.5,
        "axis": "x"
      }
    },
    {
      "from": [
        7.5,
        6.325,
        -5.60765
      ],
      "to": [
        8.5,
        9.325,
        -5.01091
      ],
      "faces": {
        "east": {
          "uv": [
            0.971875,
            0.0625,
            1.2265625,
            0.4375
          ],
          "tintindex": 0,
          "rotation": 0,
          "texture": "#2"
        },
        "west": {
          "uv": [
            0.971875,
            0.0625,
            1.2265625,
            0.4375
          ],
          "tintindex": 0,
          "rotation": 0,
          "texture": "#2"
        },
        "up": {
          "uv": [
            0.971875,
            0.0625,
            1.2265625,
            0.4375
          ],
          "tintindex": 0,
          "rotation": 0,
          "texture": "#2"
        },
        "down": {
          "uv": [
            0.971875,
            0.0625,
            1.2265625,
            0.4375
          ],
          "tintindex": 0,
          "rotation": 0,
          "texture": "#2"
        }
      },
      "rotation": {
        "origin": [
          8.0,
          7.825,
          -5.3092804
        ],
        "angle": -22.5,
        "axis": "x"
      }
    },
    {
      "from": [
        7.5,
        6.325,
        -5.60765
      ],
      "to": [
        8.5,
        9.325,
        -5.01091
      ],
      "faces": {
        "east": {
          "uv": [
            0.971875,
            0.0625,
            1.2265625,
            0.4375
          ],
          "tintindex": 0,
          "rotation": 0,
          "texture": "#2"
        },
        "west": {
          "uv": [
            0.971875,
            0.0625,
            1.2265625,
            0.4375
          ],
          "tintindex": 0,
          "rotation": 0,
          "texture": "#2"
        },
        "down": {
          "uv": [
            0.971875,
            0.0625,
            1.2265625,
            0.4375
          ],
          "tintindex": 0,
          "rotation": 0,
          "texture": "#2"
        }
      },
      "rotation": {
        "origin": [
          8.0,
          7.825,
          -5.3092804
        ],
        "angle": 22.5,
        "axis": "x"
      }
    }
  ],
  "display": {
    "head": {
      "rotation": [
        0.0,
        0.0,
        0.0
      ]
    },
    "firstperson_righthand": {
      "rotation": [
        0.0,
        0.0,
        0.0
      ]
    },
    "thirdperson_lefthand": {
      "rotation": [
        0.0,
        -0.0,
        -0.0
      ]
    },
    "firstperson_lefthand": {
      "rotation": [
        0.0,
        -0.0,
        -0.0
      ]
    },
    "fixed": {
      "rotation": [
        0.0,
        0.0,
        0.0
      ]
    },
    "ground": {
      "rotation": [
        0.0,
        0.0,
        0.0
      ]
    },