{
  "textures": {
    "0": "xq9rmjx80:tex/kjanzurh",
    "particle": "#0"
  },
  "elements": [
    {
      "from": [
        6.71875,
        -10.454483,
        -1.375
      ],
      "to": [
        8.96875,
        -10.329483,
        -1.125
      ],
      "faces": {
        "east": {
          "uv": [
            6.6875,
            11.6875,
            6.625,
            11.75
          ],
          "tintindex": 0,
          "rotation": 0,
          "texture": "#0"
        },
        "south": {
          "uv": [
            12.5,
            0.5,
            11.9375,
            0.5625
          ],
          "tintindex": 0,
          "rotation": 0,
          "texture": "#0"
        },
        "north": {
          "uv": [
            12.5,
            0.625,
            11.9375,
            0.6875
          ],
          "tintindex": 0,
          "rotation": 0,
          "texture": "#0"
        },
        "west": {
          "uv": [
            0.75,
            11.75,
            0.6875,
            11.8125
          ],
          "tintindex": 0,
          "rotation": 0,
          "texture": "#0"
        },
        "down": {
          "uv": [
            12.5,
            4.4375,
            11.9375,
            4.375
          ],
          "tintindex": 0,
          "rotation": 0,
          "texture": "#0"
        }
      }
    },
    {
      "from": [
        6.71875,
        -10.454483,
        -1.875
      ],
      "to": [
        8.96875,
        -10.329483,
        -1.625
      ],
      "faces": {
        "east": {
          "uv": [
            6.6875,
            11.8125,
            6.625,
            11.875
          ],
          "tintindex": 0,
          "rotation": 0,
          "texture": "#0"
        },
        "south": {
          "uv": [
            12.5,
            4.5,
            11.9375,
            4.5625
          ],
          "tintindex": 0,
          "rotation": 0,
          "texture": "#0"
        },
        "north": {
          "uv": [
            6.625,
            11.9375,
            6.0625,
            12.0
          ],
          "tintindex": 0,
          "rotation": 0,
          "texture": "#0"
        },
        "west": {
          "uv": [
            10.75,
            12.125,
            10.6875,
            12.1875
          ],
          "tintindex": 0,
          "rotation": 0,
          "texture": "#0"
        },
        "down": {
          "uv": [
            12.5625,
            1.3125,
            12.0,
            1.25
          ],
          "tintindex": 0,
          "rotation": 0,
          "texture": "#0"
        }
      }
    },
    {
      "from": [
        7.46875,
        -10.079483,
        -2.0
      ],
      "to": [
        8.21875,
        -9.829483,
        -1.0
      ],
      "faces": {
        "east": {
          "uv": [
            12.25,
            9.6875,
            12.0,
            9.75
          ],
          "tintindex": 0,
          "rotation": 0,
          "texture": "#0"
        },
        "west": {
          "uv": [
            12.3125,
            11.875,
            12.0625,
            11.9375
          ],
          "tintindex": 0,
          "rotation": 0,
          "texture": "#0"
        },
        "up": {
          "uv": [
            12.0,
            11.6875,
            11.8125,
            11.9375
          ],
          "tintindex": 0,
          "rotation": 0,
          "texture": "#0"
        }
      }
    },
    {
      "from": [
        6.71875,
        -8.329483,
        -3.5
      ],
      "to": [
        8.96875,
        -8.079483,
        -3.375
      ],
      "faces": {
        "east": {
          "uv": [
            6.6875,
            11.8125,
            6.625,
            11.875
          ],
          "tintindex": 0,
          "rotation": 270,
          "texture": "#0"
        },
        "north": {
          "uv": [
            12.5625,
            1.3125,
            12.0,
            1.25
          ],
          "tintindex": 0,
          "rotation": 180,
          "texture": "#0"
        },
        "west": {
          "uv": [
            10.75,
            12.125,
            10.6875,
            12.1875
          ],
          "tintindex": 0,
          "rotation": 90,
          "texture": "#0"
        },
        "up": {
          "uv": [
            6.625,
            11.9375,
            6.0625,
            12.0
          ],
          "tintindex": 0,
          "rotation": 180,
          "texture": "#0"
        },
        "down": {
          "uv": [
            12.5,
            4.5,
            11.9375,
            4.5625
          ],
          "tintindex": 0,
          "rotation": 0,
          "texture": "#0"
        }
      }
    },
    {
      "from": [
        6.71875,
        7.5,
        9.625
      ],
      "to": [
        8.96875,
        8.5,
        9.875
      ],
      "faces": {
        "east": {
          "uv": [
            12.0625,
            12.0,
            12.3125,
            12.0625
          ],
          "tintindex": 0,
          "rotation": 90,
          "texture": "#0"
        },
        "south": {
          "uv": [
            11.75,
            2.125,
            11.1875,
            2.375
          ],
          "tintindex": 0,
          "rotation": 0,
          "texture": "#0"
        },
        "north": {
          "uv": [
            11.75,
            2.0625,
            11.1875,
            1.8125
          ],
          "tintindex": 0,
          "rotation": 180,
          "texture": "#0"
        },
        "west": {
          "uv": [
            3.625,
            12.125,
            3.875,
            12.1875
          ],
          "tintindex": 0,
          "rotation": 270,
          "texture": "#0"
        }
      }
    },
    {
      "from": [
        7.46875,
        9.375,
        7.5
      ],
      "to": [
        8.21875,
        9.625,
        8.5
      ],
      "faces": {
        "east": {
          "uv": [
            12.0,
            9.6875,
            12.25,
            9.75
          ],
          "tintindex": 0,
          "rotation": 180,
          "texture": "#0"
        },
        "west": {
          "uv": [
            12.0625,
            11.875,
            12.3125,
            11.9375
          ],
          "tintindex": 0,
          "rotation": 180,
          "texture": "#0"
        },
        "down": {
          "uv": [
            12.0,
            11.9375,
            11.8125,
            11.6875
          ],
          "tintindex": 0,
          "rotation": 0,
          "texture": "#0"
        }
      }
    },
    {
      "from": [
        6.71875,
        8.125,
        9.875
      ],
      "to": [
        8.96875,
        8.375,
        10.0
      ],
      "faces": {
        "east": {
          "uv": [
            6.625,
            11.8125,
            6.6875,
            11.875
          ],
          "tintindex": 0,
          "rotation": 90,
          "texture": "#0"
        },
        "south": {
          "uv": [
            12.5625,
            1.25,
            12.0,
            1.3125
          ],
          "tintindex": 0,
          "rotation": 0,
          "texture": "#0"
        },
        "west": {
          "uv": [
            10.6875,
            12.125,
            10.75,
            12.1875
          ],
          "tintindex": 0,
          "rotation": 270,
          "texture": "#0"
        },
        "up": {
          "uv": [
            6.0625,
            11.9375,
            6.625,
            12.0
          ],
          "tintindex": 0,
          "rotation": 0,
          "texture": "#0"
        },
        "down": {
          "uv": [
            11.9375,
            4.5,
            12.5,
            4.5625
          ],
          "tintindex": 0,
          "rotation": 180,
          "texture": "#0"
        }
      }
    },
    {
      "from": [
        6.71875,
        -8.829483,
        -3.5
      ],
      "to": [
        8.96875,
        -8.579483,
        -3.375
      ],