{
  "textures": {
    "0": "xq9rmjx80:tex/kjanzurh",
    "particle": "#0"
  },
  "elements": [
    {
      "from": [
        -6.4112234,
        -2.1549015,
        -0.35578918
      ],
      "to": [
        -5.1403904,
        -0.48823547,
        5.709508
      ],
      "faces": {
        "down": {
          "uv": [
            6.8125,
            9.6875,
            6.5625,
            10.8125
          ],
          "tintindex": 0,
          "rotation": 0,
          "texture": "#0"
        }
      }
    },
    {
      "from": [
        -7.0970755,
        -2.1548996,
        -0.3557911
      ],
      "to": [
        -6.7862225,
        -0.48823357,
        9.251176
      ],
      "faces": {
        "down": {
          "uv": [
            4.375,
            11.125,
            4.3125,
            12.9375
          ],
          "tintindex": 0,
          "rotation": 0,
          "texture": "#0"
        }
      }
    },
    {
      "from": [
        -6.7862225,
        -2.1548996,
        -0.18912506
      ],
      "to": [
        -6.4112225,
        -0.48823357,
        8.001176
      ],
      "faces": {
        "down": {
          "uv": [
            10.0625,
            11.25,
            10.0,
            12.8125
          ],
          "tintindex": 0,
          "rotation": 0,
          "texture": "#0"
        }
      }
    }
  ],
  "display": {
    "head": {
      "rotation": [
        47.801426,
        -61.036762,
        -1.3576401e-05
      ]
    },
    "firstperson_righthand": {
      "rotation": [
        47.801426,
        -61.036762,
        -1.3576401e-05
      ]
    },
    "thirdperson_lefthand": {
      "rotation": [
        47.801426,
        61.036762,
        1.3576401e-05
      ]
    },
    "firstperson_lefthand": {
      "rotation": [
        47.801426,
        61.036762,
        1.3576401e-05
      ]
    },
    "fixed": {
      "rotation": [
        47.801426,
        -61.036762,
        -1.3576401e-05
      ]
    },
    "ground": {
      "rotation": [
        47.801426,
        -61.036762,
        -1.3576401e-05
      ]
    },
    "thirdperson_righthand": {
      "rotation": [
        47.801426,
        -61.036762,
        -1.3576401e-05
      ]
    },
    "gui": {
      "rotation": [
        -172.91426,
        22.87166,
        145.35153
      ]
    }
  }
}