{
  "textures": {
    "0": "gwjritg0z:tex/qlh8hx27",
    "particle": "#0"
  },
  "elements": [
    {
      "from": [
        22.734346,
        -0.25990868,
        13.265778
      ],
      "to": [
        23.384346,
        1.0734243,
        16.132446
      ],
      "faces": {
        "east": {
          "uv": [
            8.71875,
            0.28125,
            9.0,
            0.40625
          ],
          "tintindex": 0,
          "rotation": 0,
          "texture": "#0"
        }
      }
    },
    {
      "from": [
        23.384346,
        1.0734243,
        16.132446
      ],
      "to": [
        22.734346,
        -0.25990868,
        13.265778
      ],
      "faces": {
        "west": {
          "uv": [
            8.71875,
            0.40625,
            9.0,
            0.28125
          ],
          "tintindex": 0,
          "rotation": 0,
          "texture": "#0"
        }
      }
    }
  ],
  "display": {
    "head": {
      "rotation": [
        -37.6704,
        -18.152576,
        -13.524715
      ]
    },
    "firstperson_righthand": {
      "rotation": [
        -37.6704,
        -18.152576,
        -13.524715
      ]
    },
    "thirdperson_lefthand": {
      "rotation": [
        -37.6704,
        18.152576,
        13.524715
      ]
    },
    "firstperson_lefthand": {
      "rotation": [
        -37.6704,
        18.152576,
        13.524715
      ]
    },
    "fixed": {
      "rotation": [
        -37.6704,
        -18.152576,
        -13.524715
      ]
    },
    "ground": {
      "rotation": [
        -37.6704,
        -18.152576,
        -13.524715
      ]
    },
    "thirdperson_righthand": {
      "rotation": [
        -37.6704,
        -18.152576,
        -13.524715
      ]
    },
    "gui": {
      "rotation": [
        -112.329605,
        -18.152576,
        -166.47528
      ]
    }
  }
}