{
  "textures": {
    "0": "gwjritg0z:tex/qlh8hx27",
    "particle": "#0"
  },
  "elements": [
    {
      "from": [
        6.833333,
        -7.6475353,
        -2.20125
      ],
      "to": [
        9.166667,
        -7.3142014,
        -1.0345831
      ],
      "faces": {
        "east": {
          "uv": [
            11.625,
            2.21875,
            11.65625,
            2.34375
          ],
          "tintindex": 0,
          "rotation": 270,
          "texture": "#0"
        },
        "west": {
          "uv": [
            11.46875,
            2.34375,
            11.4375,
            2.21875
          ],
          "tintindex": 0,
          "rotation": 270,
          "texture": "#0"
        },
        "up": {
          "uv": [
            11.4375,
            2.34375,
            11.65625,
            2.21875
          ],
          "tintindex": 0,
          "rotation": 0,
          "texture": "#0"
        },
        "down": {
          "uv": [
            11.4375,
            2.21875,
            11.65625,
            2.34375
          ],
          "tintindex": 0,
          "rotation": 0,
          "texture": "#0"
        }
      }
    }
  ],
  "display": {
    "head": {
      "rotation": [
        -142.75,
        0.0,
        0.0
      ]
    },
    "firstperson_righthand": {
      "rotation": [
        -142.75,
        0.0,
        0.0
      ]
    },
    "thirdperson_lefthand": {
      "rotation": [
        -142.75,
        -0.0,
        -0.0
      ]
    },
    "firstperson_lefthand": {
      "rotation": [
        -142.75,
        -0.0,
        -0.0
      ]
    },
    "fixed": {
      "rotation": [
        -142.75,
        0.0,
        0.0
      ]
    },
    "ground": {
      "rotation": [
        -142.75,
        0.0,
        0.0
      ]
    },
    "thirdperson_righthand": {
      "rotation": [
        -142.75,
        0.0,
        0.0
      ]
    },
    "gui": {
      "rotation": [
        -17.080475,
        34.253708,
        -148.81374
      ]
    }
  }
}