{
  "textures": {
    "6": "gwjritg0z:tex/rgbchkdy",
    "particle": "#6"
  },
  "elements": [
    {
      "from": [
        -1.2586918,
        -2.8258572,
        2.813465
      ],
      "to": [
        -0.2586918,
        4.674143,
        10.313466
      ],
      "faces": {
        "east": {
          "uv": [
            6.53125,
            3.09375,
            7.0,
            3.5625
          ],
          "tintindex": 0,
          "rotation": 0,
          "texture": "#6"
        },
        "south": {
          "uv": [
            3.9375,
            8.53125,
            4.0,
            9.0
          ],
          "tintindex": 0,
          "rotation": 0,
          "texture": "#6"
        },
        "north": {
          "uv": [
            7.0,
            8.4375,
            7.0625,
            8.90625
          ],
          "tintindex": 0,
          "rotation": 0,
          "texture": "#6"
        },
        "west": {
          "uv": [
            6.53125,
            3.09375,
            7.0,
            3.5625
          ],
          "tintindex": 0,
          "rotation": 0,
          "texture": "#6"
        },
        "up": {
          "uv": [
            5.53125,
            9.0625,
            5.46875,
            8.59375
          ],
          "tintindex": 0,
          "rotation": 0,
          "texture": "#6"
        },
        "down": {
          "uv": [
            3.71875,
            8.65625,
            3.65625,
            9.125
          ],
          "tintindex": 0,
          "rotation": 0,
          "texture": "#6"
        }
      }
    }
  ],
  "display": {
    "head": {
      "rotation": [
        2.5083928,
        -40.351788,
        -18.798138
      ]
    },
    "firstperson_righthand": {
      "rotation": [
        2.5083928,
        -40.351788,
        -18.798138
      ]
    },
    "thirdperson_lefthand": {
      "rotation": [
        2.5083928,
        40.351788,
        18.798138
      ]
    },
    "firstperson_lefthand": {
      "rotation": [
        2.5083928,
        40.351788,
        18.798138
      ]
    },
    "fixed": {
      "rotation": [
        2.5083928,
        -40.351788,
        -18.798138
      ]
    },
    "ground": {
      "rotation": [
        2.5083928,
        -40.351788,
        -18.798138
      ]
    },
    "thirdperson_righthand": {
      "rotation": [
        2.5083928,
        -40.351788,
        -18.798138
      ]
    },
    "gui": {
      "rotation": [
        -151.91757,
        -4.618533,
        159.42267
      ]
    }
  }
}