{
  "textures": {
    "0": "gwjritg0z:tex/qlh8hx27",
    "particle": "#0"
  },
  "elements": [
    {
      "from": [
        7.555557,
        7.2777762,
        6.833333
      ],
      "to": [
        8.88889,
        8.61111,
        9.833333
      ],
      "faces": {
        "east": {
          "uv": [
            8.6875,
            7.75,
            8.96875,
            7.875
          ],
          "tintindex": 0,
          "rotation": 0,
          "texture": "#0"
        },
        "south": {
          "uv": [
            7.5,
            7.125,
            7.625,
            7.25
          ],
          "tintindex": 0,
          "rotation": 0,
          "texture": "#0"
        },
        "west": {
          "uv": [
            8.6875,
            7.90625,
            8.96875,
            8.03125
          ],
          "tintindex": 0,
          "rotation": 0,
          "texture": "#0"
        },
        "up": {
          "uv": [
            8.78125,
            8.96875,
            8.65625,
            8.6875
          ],
          "tintindex": 0,
          "rotation": 0,
          "texture": "#0"
        },
        "down": {
          "uv": [
            8.84375,
            0.84375,
            8.71875,
            1.125
          ],
          "tintindex": 0,
          "rotation": 0,
          "texture": "#0"
        }
      }
    },
    {
      "from": [
        6.9722233,
        7.6944427,
        8.5
      ],
      "to": [
        7.4722233,
        8.194443,
        11.833334
      ],
      "faces": {
        "east": {
          "uv": [
            7.78125,
            5.90625,
            8.09375,
            5.96875
          ],
          "tintindex": 0,
          "rotation": 0,
          "texture": "#0"
        },
        "south": {
          "uv": [
            8.6875,
            2.09375,
            8.75,
            2.15625
          ],
          "tintindex": 0,
          "rotation": 0,
          "texture": "#0"
        },
        "north": {
          "uv": [
            8.46875,
            6.15625,
            8.53125,
            6.21875
          ],
          "tintindex": 0,
          "rotation": 0,
          "texture": "#0"
        },
        "west": {
          "uv": [
            8.90625,
            2.53125,
            9.21875,
            2.59375
          ],
          "tintindex": 0,
          "rotation": 0,
          "texture": "#0"
        },
        "up": {
          "uv": [
            7.25,
            9.1875,
            7.1875,
            8.875
          ],
          "tintindex": 0,
          "rotation": 0,
          "texture": "#0"
        },
        "down": {
          "uv": [
            0.4375,
            8.9375,
            0.375,
            9.25
          ],
          "tintindex": 0,
          "rotation": 0,
          "texture": "#0"
        }
      }
    },
    {
      "from": [
        7.055557,
        7.7777762,
        8.833333
      ],
      "to": [
        7.38889,
        8.11111,
        24.166668
      ],
      "faces": {
        "east": {
          "uv": [
            8.40625,
            0.71875,
            9.84375,
            0.75
          ],
          "tintindex": 0,
          "rotation": 0,
          "texture": "#0"
        },
        "south": {
          "uv": [
            7.78125,
            6.59375,
            7.8125,
            6.625
          ],
          "tintindex": 0,
          "rotation": 0,
          "texture": "#0"
        },
        "north": {
          "uv": [
            6.40625,
            6.59375,
            6.4375,
            6.625
          ],
          "tintindex": 0,
          "rotation": 0,
          "texture": "#0"
        },
        "west": {
          "uv": [
            8.40625,
            0.78125,
            9.84375,
            0.8125
          ],
          "tintindex": 0,
          "rotation": 0,
          "texture": "#0"
        },
        "up": {
          "uv": [
            5.34375,
            9.5625,
            5.3125,
            8.125
          ],
          "tintindex": 0,
          "rotation": 0,
          "texture": "#0"
        },
        "down": {
          "uv": [
            0.59375,
            8.1875,
            0.5625,
            9.625
          ],
          "tintindex": 0,
          "rotation": 0,
          "texture": "#0"
        }
      }
    },
    {
      "from": [
        7.38889,
        7.7777762,
        20.166668
      ],
      "to": [
        7.7222233,
        8.11111,
        23.5
      ],
      "faces": {
        "east": {
          "uv": [
            6.0625,
            9.28125,
            6.375,
            9.3125
          ],
          "tintindex": 0,
          "rotation": 0,
          "texture": "#0"
        },
        "south": {
          "uv": [
            3.28125,
            9.09375,
            3.3125,
            9.125
          ],
          "tintindex": 0,
          "rotation": 0,
          "texture": "#0"
        },
        "north": {
          "uv": [
            1.21875,
            8.65625,
            1.25,
            8.6875
          ],
          "tintindex": 0,
          "rotation": 0,
          "texture": "#0"
        },
        "west": {
          "uv": [
            7.40625,
            9.28125,
            7.71875,
            9.3125
          ],
          "tintindex": 0,
          "rotation": 0,
          "texture": "#0"
        },
        "up": {
          "uv": [
            8.3125,
            5.15625,
            8.28125,
            4.84375
          ],
          "tintindex": 0,
          "rotation": 0,
          "texture": "#0"
        },
        "down": {
          "uv": [
            3.03125,
            9.1875,
            3.0,
            9.5
          ],
          "tintindex": 0,
          "rotation": 0,
          "texture": "#0"
        }
      }
    },
    {
      "from": [
        9.38889,
        8.11111,
        4.833333
      ],
      "to": [
        9.722223,
        8.444443,
        9.833333
      ],
      "faces": {
        "east": {
          "uv": [
            9.1875,
            4.71875,
            9.65625,
            4.75
          ],
          "tintindex": 0,
          "rotation": 0,
          "texture": "#0"
        },
        "south": {
          "uv": [
            6.34375,
            8.5,
            6.375,
            8.53125
          ],
          "tintindex": 0,
          "rotation": 0,
          "texture": "#0"
        },
        "north": {
          "uv": [
            6.1875,
            8.4375,
            6.21875,
            8.46875
          ],
          "tintindex": 0,
          "rotation": 0,
          "texture": "#0"
        },
        "west": {
          "uv": [
            9.21875,
            2.21875,
            9.6875,
            2.25
          ],
          "tintindex": 0,
          "rotation": 0,
          "texture": "#0"
        },
        "up": {
          "uv": [
            2.4375,
            7.0625,
            2.40625,
            6.59375
          ],
          "tintindex": 0,
          "rotation": 0,
          "texture": "#0"
        },
        "down": {
          "uv": [
            1.34375,
            9.03125,
            1.3125,
            9.5
          ],
          "tintindex": 0,
          "rotation": 0,
          "texture": "#0"
        }
      }
    },
    {
      "from": [
        7.7222233,
        7.4444427,
        8.833333
      ],
      "to": [
        8.722223,
        8.444443,
        26.833334
      ],
      "faces": {
        "east": {
          "uv": [
            6.53125,
            5.5,
            8.21875,
            5.59375
          ],
          "tintindex": 0,
          "rotation": 0,
          "texture": "#0"
        },
        "south": {
          "uv": [
            5.75,
            8.28125,
            5.84375,
            8.375
          ],
          "tintindex": 0,
          "rotation": 0,
          "texture": "#0"
        },