{
  "textures": {
    "0": "2thxh28ly:tex/wyx4v7je",
    "particle": "#0"
  },
  "elements": [
    {
      "from": [
        6.0,
        -7.9003086,
        -13.5529995
      ],
      "to": [
        12.0,
        3.0996914,
        -1.5529995
      ],
      "faces": {
        "east": {
          "uv": [
            5.125,
            7.53125,
            5.5,
            7.875
          ],
          "tintindex": 0,
          "rotation": 0,
          "texture": "#0"
        },
        "south": {
          "uv": [
            1.40625,
            7.9375,
            1.59375,
            8.28125
          ],
          "tintindex": 0,
          "rotation": 0,
          "texture": "#0"
        },
        "north": {
          "uv": [
            1.21875,
            7.9375,
            1.40625,
            8.28125
          ],
          "tintindex": 0,
          "rotation": 0,
          "texture": "#0"
        },
        "west": {
          "uv": [
            6.78125,
            7.5625,
            7.15625,
            7.90625
          ],
          "tintindex": 0,
          "rotation": 0,
          "texture": "#0"
        },
        "up": {
          "uv": [
            1.21875,
            8.28125,
            1.03125,
            7.90625
          ],
          "tintindex": 0,
          "rotation": 0,
          "texture": "#0"
        },
        "down": {
          "uv": [
            8.09375,
            1.65625,
            7.90625,
            2.03125
          ],
          "tintindex": 0,
          "rotation": 0,
          "texture": "#0"
        }
      },
      "rotation": {
        "origin": [
          8.0,
          -1.9003086,
          3.9469986
        ],
        "angle": -45.0,
        "axis": "x"
      }
    },
    {
      "from": [
        11.0,
        -7.9003086,
        1.4470005
      ],
      "to": [
        13.0,
        3.0996914,
        10.446999
      ],
      "faces": {
        "east": {
          "uv": [
            6.09375,
            2.90625,
            6.375,
            3.25
          ],
          "tintindex": 0,
          "rotation": 0,
          "texture": "#0"
        },
        "south": {
          "uv": [
            1.65625,
            8.625,
            1.71875,
            8.96875
          ],
          "tintindex": 0,
          "rotation": 0,
          "texture": "#0"
        },
        "north": {
          "uv": [
            1.53125,
            8.28125,
            1.59375,
            8.625
          ],
          "tintindex": 0,
          "rotation": 0,
          "texture": "#0"
        },
        "west": {
          "uv": [
            7.15625,
            7.65625,
            7.4375,
            8.0
          ],
          "tintindex": 0,
          "rotation": 0,
          "texture": "#0"
        },
        "up": {
          "uv": [
            7.25,
            2.90625,
            7.1875,
            2.625
          ],
          "tintindex": 0,
          "rotation": 0,
          "texture": "#0"
        },
        "down": {
          "uv": [
            0.3125,
            8.71875,
            0.25,
            9.0
          ],
          "tintindex": 0,
          "rotation": 0,
          "texture": "#0"
        }
      },
      "rotation": {
        "origin": [
          8.0,
          -1.9003086,
          3.9469986
        ],
        "angle": -45.0,
        "axis": "x"
      }
    },
    {
      "from": [
        27.0,
        -7.9003086,
        -4.5529995
      ],
      "to": [
        30.0,
        3.0996914,
        2.4470005
      ],
      "faces": {
        "east": {
          "uv": [
            7.4375,
            7.875,
            7.65625,
            8.21875
          ],
          "tintindex": 0,
          "rotation": 0,
          "texture": "#0"
        },
        "south": {
          "uv": [
            0.09375,
            8.3125,
            0.1875,
            8.65625
          ],
          "tintindex": 0,
          "rotation": 0,
          "texture": "#0"
        },
        "north": {
          "uv": [
            0.0,
            8.3125,
            0.09375,
            8.65625
          ],
          "tintindex": 0,
          "rotation": 0,
          "texture": "#0"
        },
        "west": {
          "uv": [
            7.65625,
            7.875,
            7.875,
            8.21875
          ],
          "tintindex": 0,
          "rotation": 0,
          "texture": "#0"
        },
        "up": {
          "uv": [
            5.4375,
            8.9375,
            5.34375,
            8.71875
          ],
          "tintindex": 0,
          "rotation": 0,
          "texture": "#0"
        },
        "down": {
          "uv": [
            8.0,
            8.71875,
            7.90625,
            8.9375
          ],
          "tintindex": 0,
          "rotation": 0,
          "texture": "#0"
        }
      },
      "rotation": {
        "origin": [
          8.0,
          -1.9003086,
          3.9469986
        ],
        "angle": -45.0,
        "axis": "x"
      }
    },
    {
      "from": [
        -15.0,
        -7.9003086,
        -4.5529995
      ],
      "to": [
        -12.0,
        3.0996914,
        2.4470005
      ],
      "faces": {
        "east": {
          "uv": [
            5.53125,
            7.875,
            5.75,
            8.21875
          ],
          "tintindex": 0,
          "rotation": 0,
          "texture": "#0"
        },
        "south": {
          "uv": [
            7.28125,
            8.25,
            7.375,
            8.59375
          ],
          "tintindex": 0,
          "rotation": 0,
          "texture": "#0"
        },
        "north": {
          "uv": [
            3.875,
            8.1875,
            3.96875,
            8.53125
          ],
          "tintindex": 0,
          "rotation": 0,
          "texture": "#0"
        },
        "west": {
          "uv": [
            5.75,
            7.875,
            5.96875,
            8.21875
          ],
          "tintindex": 0,
          "rotation": 0,
          "texture": "#0"
        },
        "up": {
          "uv": [
            8.09375,
            0.46875,
            8.0,
            0.25
          ],
          "tintindex": 0,
          "rotation": 0,
          "texture": "#0"
        },
        "down": {
          "uv": [
            4.34375,
            8.6875,
            4.25,
            8.90625
          ],
          "tintindex": 0,
          "rotation": 0,
          "texture": "#0"
        }
      },
      "rotation": {
        "origin": [
          8.0,
          -1.9003086,
          3.9469986
        ],
        "angle": -45.0,
        "axis": "x"
      }
    },
    {
      "from": [
        -16.0,
        -7.9003086,
        -11.5529995
      ],
      "to": [
        32.0,
        2.0996914,
        14.446999
      ],
      "faces": {
        "east": {
          "uv": [
            6.78125,
            4.78125,
            7.59375,
            5.09375
          ],
          "tintindex": 0,
          "rotation": 0,
          "texture": "#0"
        },
        "south": {
          "uv": [
            6.53125,
            3.875,
            8.03125,
            4.1875
          ],
          "tintindex": 0,
          "rotation": 0,
          "texture": "#0"
        },
        "north": {
          "uv": [
            6.53125,
            3.5625,
            8.03125,
            3.875
          ],
          "tintindex": 0,
          "rotation": 0,
          "texture": "#0"
        },
        "west": {
          "uv": [
            5.40625,
            7.03125,
            6.21875,
            7.34375
          ],
          "tintindex": 0,
          "rotation": 0,
          "texture": "#0"
        },
        "up": {
          "uv": [
            5.53125,
            4.78125,
            4.03125,
            3.96875
          ],
          "tintindex": 0,
          "rotation": 0,
          "texture": "#0"
        },