{
  "textures": {
    "0": "xq9rmjx80:tex/kjanzurh",
    "particle": "#0"
  },
  "elements": [
    {
      "from": [
        -11.078426,
        -2.307438,
        15.332361
      ],
      "to": [
        -9.745094,
        4.36523,
        21.908537
      ],
      "faces": {
        "west": {
          "uv": [
            8.375,
            0.0,
            9.625,
            1.25
          ],
          "tintindex": 0,
          "rotation": 0,
          "texture": "#0"
        }
      }
    }
  ],
  "display": {
    "head": {
      "rotation": [
        -20.461355,
        66.86696,
        17.279482
      ]
    },
    "firstperson_righthand": {
      "rotation": [
        -20.461355,
        66.86696,
        17.279482
      ]
    },
    "thirdperson_lefthand": {
      "rotation": [
        -20.461355,
        -66.86696,
        -17.279482
      ]
    },
    "firstperson_lefthand": {
      "rotation": [
        -20.461355,
        -66.86696,
        -17.279482
      ]
    },
    "fixed": {
      "rotation": [
        -20.461355,
        66.86696,
        17.279482
      ]
    },
    "ground": {
      "rotation": [
        -20.461355,
        66.86696,
        17.279482
      ]
    },
    "thirdperson_righthand": {
      "rotation": [
        -20.461355,
        66.86696,
        17.279482
      ]
    },
    "gui": {
      "rotation": [
        10.599552,
        -65.57791,
        -19.437088
      ]
    }
  }
}