{
  "textures": {
    "2": "xq9rmjx80:tex/6a6c60k6",
    "particle": "#2"
  },
  "elements": [
    {
      "from": [
        14.5,
        10.24575,
        13.51136
      ],
      "to": [
        15.700001,
        11.14575,
        14.01136
      ],
      "faces": {
        "east": {
          "uv": [
            7.75,
            6.5,
            7.78125,
            6.5546875
          ],
          "tintindex": 0,
          "rotation": 0,
          "texture": "#2"
        },
        "west": {
          "uv": [
            7.75,
            6.5625,
            7.78125,
            6.6171875
          ],
          "tintindex": 0,
          "rotation": 0,
          "texture": "#2"
        },
        "up": {
          "uv": [
            7.828125,
            0.78125,
            7.75,
            0.75
          ],
          "tintindex": 0,
          "rotation": 0,
          "texture": "#2"
        }
      },
      "rotation": {
        "origin": [
          8.0,
          11.74575,
          17.97726
        ],
        "angle": -22.5,
        "axis": "x"
      }
    },
    {
      "from": [
        14.5,
        6.20172,
        13.51136
      ],
      "to": [
        15.700001,
        7.40172,
        14.01136
      ],
      "faces": {
        "east": {
          "uv": [
            2.0625,
            7.6875,
            2.09375,
            7.765625
          ],
          "tintindex": 0,
          "rotation": 0,
          "texture": "#2"
        },
        "west": {
          "uv": [
            3.4375,
            7.6875,
            3.46875,
            7.765625
          ],
          "tintindex": 0,
          "rotation": 0,
          "texture": "#2"
        },
        "down": {
          "uv": [
            7.828125,
            0.5625,
            7.75,
            0.59375
          ],
          "tintindex": 0,
          "rotation": 0,
          "texture": "#2"
        }
      },
      "rotation": {
        "origin": [
          8.0,
          5.60172,
          17.97726
        ],
        "angle": 22.5,
        "axis": "x"
      }
    },
    {
      "from": [
        14.5,
        8.75656,
        18.894989
      ],
      "to": [
        15.700001,
        9.0565605,
        19.79499
      ],
      "faces": {
        "east": {
          "uv": [
            7.8125,
            5.75,
            7.8671875,
            5.765625
          ],
          "tintindex": 0,
          "rotation": 0,
          "texture": "#2"
        },
        "south": {
          "uv": [
            7.8125,
            3.0,
            7.890625,
            3.015625
          ],
          "tintindex": 0,
          "rotation": 0,
          "texture": "#2"
        },
        "west": {
          "uv": [
            5.8125,
            7.8125,
            5.8671875,
            7.828125
          ],
          "tintindex": 0,
          "rotation": 0,
          "texture": "#2"
        },
        "down": {
          "uv": [
            6.828125,
            1.625,
            6.75,
            1.6796875
          ],
          "tintindex": 0,
          "rotation": 0,
          "texture": "#2"
        }
      },
      "rotation": {
        "origin": [
          8.0,
          13.02247,
          20.394989
        ],
        "angle": -22.5,
        "axis": "x"
      }
    },
    {
      "from": [
        14.5,
        8.29091,
        15.29072
      ],
      "to": [
        15.700001,
        8.59091,
        16.090721
      ],
      "faces": {
        "east": {
          "uv": [
            6.3125,
            7.8125,
            6.359375,
            7.828125
          ],
          "tintindex": 0,
          "rotation": 0,
          "texture": "#2"
        },
        "north": {
          "uv": [
            7.8125,
            4.125,
            7.890625,
            4.140625
          ],
          "tintindex": 0,
          "rotation": 0,
          "texture": "#2"
        },
        "west": {
          "uv": [
            7.8125,
            6.4375,
            7.859375,
            6.453125
          ],
          "tintindex": 0,
          "rotation": 0,
          "texture": "#2"
        }
      },
      "rotation": {
        "origin": [
          8.0,
          4.325,
          14.69072
        ],
        "angle": -22.5,
        "axis": "x"
      }
    },
    {
      "from": [
        14.5,
        5.2364902,
        11.99506
      ],
      "to": [
        15.700001,
        5.93649,
        12.49506
      ],
      "faces": {
        "east": {
          "uv": [
            1.625,
            7.8125,
            1.65625,
            7.859375
          ],
          "tintindex": 0,
          "rotation": 0,
          "texture": "#2"
        },
        "west": {
          "uv": [
            7.8125,
            1.625,
            7.84375,
            1.671875
          ],
          "tintindex": 0,
          "rotation": 0,
          "texture": "#2"
        },
        "down": {
          "uv": [
            7.828125,
            0.625,
            7.75,
            0.65625
          ],
          "tintindex": 0,
          "rotation": 0,
          "texture": "#2"
        }
      },
      "rotation": {
        "origin": [
          8.0,
          4.63649,
          16.46097
        ],
        "angle": 45.0,
        "axis": "x"
      }
    },
    {
      "from": [
        14.5,
        11.31098,
        22.590641
      ],
      "to": [
        15.700001,
        12.11098,
        23.090641
      ],
      "faces": {
        "east": {
          "uv": [
            1.3125,
            7.8125,
            1.34375,
            7.859375
          ],
          "tintindex": 0,
          "rotation": 0,
          "texture": "#2"
        },
        "west": {
          "uv": [
            7.8125,
            1.3125,
            7.84375,
            1.359375
          ],
          "tintindex": 0,
          "rotation": 0,
          "texture": "#2"
        },
        "up": {
          "uv": [
            7.703125,
            7.71875,
            7.625,
            7.6875
          ],
          "tintindex": 0,
          "rotation": 0,
          "texture": "#2"
        }
      },
      "rotation": {
        "origin": [
          8.0,
          12.710979,
          18.62474
        ],
        "angle": 45.0,
        "axis": "x"
      }
    },
    {
      "from": [
        14.5,
        8.75656,
        15.29072
      ],
      "to": [
        15.700001,
        9.0565605,
        16.19072
      ],
      "faces": {
        "east": {
          "uv": [
            7.8125,
            5.8125,
            7.8671875,
            5.828125
          ],
          "tintindex": 0,
          "rotation": 0,
          "texture": "#2"
        },
        "north": {
          "uv": [
            7.8125,
            3.8125,
            7.890625,
            3.828125
          ],
          "tintindex": 0,
          "rotation": 0,
          "texture": "#2"
        },
        "west": {
          "uv": [
            5.875,
            7.8125,
            5.9296875,
            7.828125
          ],
          "tintindex": 0,
          "rotation": 0,
          "texture": "#2"
        },
        "down": {
          "uv": [
            5.140625,
            6.9375,
            5.0625,
            6.9921875
          ],
          "tintindex": 0,
          "rotation": 0,
          "texture": "#2"
        }
      },
      "rotation": {
        "origin": [
          8.0,
          13.02247,
          14.69072
        ],
        "angle": 22.5,
        "axis": "x"
      }
    },
    {
      "from": [
        14.5,
        8.29091,
        18.69499
      ],
      "to": [
        15.700001,
        8.59091,
        19.79499
      ],
      "faces": {
        "east": {
          "uv": [
            7.8125,
            5.125,
            7.8828125,
            5.140625
          ],
          "tintindex": 0,
          "rotation": 0,
          "texture": "#2"
        },