{
  "textures": {
    "0": "gwjritg0z:tex/qlh8hx27",
    "particle": "#0"
  },
  "elements": [
    {
      "from": [
        4.0,
        13.008825,
        8.597931
      ],
      "to": [
        6.0,
        13.508825,
        12.697931
      ],
      "faces": {
        "east": {
          "uv": [
            9.34375,
            6.5625,
            9.59375,
            6.59375
          ],
          "tintindex": 0,
          "rotation": 0,
          "texture": "#0"
        },
        "south": {
          "uv": [
            7.8125,
            7.65625,
            7.9375,
            7.6875
          ],
          "tintindex": 0,
          "rotation": 0,
          "texture": "#0"
        },
        "north": {
          "uv": [
            7.5625,
            4.84375,
            7.6875,
            4.875
          ],
          "tintindex": 0,
          "rotation": 0,
          "texture": "#0"
        },
        "west": {
          "uv": [
            7.40625,
            9.34375,
            7.65625,
            9.375
          ],
          "tintindex": 0,
          "rotation": 0,
          "texture": "#0"
        },
        "up": {
          "uv": [
            8.9375,
            8.46875,
            8.8125,
            8.21875
          ],
          "tintindex": 0,
          "rotation": 0,
          "texture": "#0"
        },
        "down": {
          "uv": [
            8.9375,
            8.5,
            8.8125,
            8.75
          ],
          "tintindex": 0,
          "rotation": 0,
          "texture": "#0"
        }
      }
    },
    {
      "from": [
        2.0,
        12.008825,
        7.597931
      ],
      "to": [
        14.0,
        13.008825,
        13.197931
      ],
      "faces": {
        "south": {
          "uv": [
            8.25,
            2.75,
            9.0,
            2.8125
          ],
          "tintindex": 0,
          "rotation": 0,
          "texture": "#0"
        },
        "up": {
          "uv": [
            5.15625,
            6.9375,
            4.40625,
            6.59375
          ],
          "tintindex": 0,
          "rotation": 0,
          "texture": "#0"
        }
      }
    }
  ],
  "display": {
    "head": {
      "rotation": [
        10.3,
        0.0,
        -0.0
      ]
    },
    "firstperson_righthand": {
      "rotation": [
        10.3,
        0.0,
        -0.0
      ]
    },
    "thirdperson_lefthand": {
      "rotation": [
        10.3,
        -0.0,
        0.0
      ]
    },
    "firstperson_lefthand": {
      "rotation": [
        10.3,
        -0.0,
        0.0
      ]
    },
    "fixed": {
      "rotation": [
        10.3,
        0.0,
        -0.0
      ]
    },
    "ground": {
      "rotation": [
        10.3,
        0.0,
        -0.0
      ]
    },
    "thirdperson_righthand": {
      "rotation": [
        10.3,
        0.0,
        -0.0
      ]
    },
    "gui": {
      "rotation": [
        -164.41342,
        -44.083965,
        169.86252
      ]
    }
  }
}