{
  "textures": {
    "0": "xq9rmjx80:tex/tf2x7isp",
    "particle": "#0"
  },
  "elements": [
    {
      "from": [
        5.2,
        7.51,
        2.4
      ],
      "to": [
        10.8,
        9.51,
        3.4
      ],
      "faces": {
        "east": {
          "uv": [
            12.71875,
            11.9375,
            12.75,
            12.0
          ],
          "tintindex": 0,
          "rotation": 0,
          "texture": "#0"
        },
        "south": {
          "uv": [
            12.53125,
            11.9375,
            12.70625,
            12.0
          ],
          "tintindex": 0,
          "rotation": 0,
          "texture": "#0"
        },
        "north": {
          "uv": [
            12.53125,
            11.9375,
            12.70625,
            12.0
          ],
          "tintindex": 0,
          "rotation": 0,
          "texture": "#0"
        },
        "west": {
          "uv": [
            12.71875,
            11.9375,
            12.75,
            12.0
          ],
          "tintindex": 0,
          "rotation": 0,
          "texture": "#0"
        },
        "up": {
          "uv": [
            12.70625,
            12.0,
            12.53125,
            11.96875
          ],
          "tintindex": 0,
          "rotation": 0,
          "texture": "#0"
        },
        "down": {
          "uv": [
            12.64375,
            11.84375,
            12.46875,
            11.875
          ],
          "tintindex": 0,
          "rotation": 0,
          "texture": "#0"
        }
      }
    },
    {
      "from": [
        2.3000002,
        7.5,
        5.2
      ],
      "to": [
        3.3000002,
        9.5,
        10.8
      ],
      "faces": {
        "east": {
          "uv": [
            12.53125,
            11.9375,
            12.70625,
            12.0
          ],
          "tintindex": 0,
          "rotation": 0,
          "texture": "#0"
        },
        "south": {
          "uv": [
            12.71875,
            11.9375,
            12.75,
            12.0
          ],
          "tintindex": 0,
          "rotation": 0,
          "texture": "#0"
        },
        "north": {
          "uv": [
            12.71875,
            11.9375,
            12.75,
            12.0
          ],
          "tintindex": 0,
          "rotation": 0,
          "texture": "#0"
        },
        "west": {
          "uv": [
            12.5625,
            11.9375,
            12.7375,
            12.0
          ],
          "tintindex": 0,
          "rotation": 0,
          "texture": "#0"
        },
        "up": {
          "uv": [
            12.75,
            11.9875,
            12.71875,
            11.8125
          ],
          "tintindex": 0,
          "rotation": 0,
          "texture": "#0"
        },
        "down": {
          "uv": [
            12.65625,
            11.71875,
            12.625,
            11.89375
          ],
          "tintindex": 0,
          "rotation": 0,
          "texture": "#0"
        }
      }
    }
  ],
  "display": {
    "head": {
      "rotation": [
        0.0,
        0.0,
        0.0
      ]
    },
    "firstperson_righthand": {
      "rotation": [
        0.0,
        0.0,
        0.0
      ]
    },
    "thirdperson_lefthand": {
      "rotation": [
        0.0,
        -0.0,
        -0.0
      ]
    },
    "firstperson_lefthand": {
      "rotation": [
        0.0,
        -0.0,
        -0.0
      ]
    },
    "fixed": {
      "rotation": [
        0.0,
        0.0,
        0.0
      ]
    },
    "ground": {
      "rotation": [
        0.0,
        0.0,
        0.0
      ]
    },
    "thirdperson_righthand": {
      "rotation": [
        0.0,
        0.0,
        0.0
      ]
    },
    "gui": {
      "rotation": [
        -150.0,
        -45.0,
        180.0
      ]
    }
  }
}