{
  "textures": {
    "0": "gwjritg0z:tex/qlh8hx27",
    "particle": "#0"
  },
  "elements": [
    {
      "from": [
        2.035142,
        4.788639,
        16.896568
      ],
      "to": [
        7.035142,
        7.788639,
        17.371569
      ],
      "faces": {
        "south": {
          "uv": [
            8.03125,
            1.03125,
            8.34375,
            1.21875
          ],
          "tintindex": 0,
          "rotation": 0,
          "texture": "#0"
        },
        "up": {
          "uv": [
            9.625,
            1.4375,
            9.3125,
            1.40625
          ],
          "tintindex": 0,
          "rotation": 0,
          "texture": "#0"
        }
      }
    }
  ],
  "display": {
    "head": {
      "rotation": [
        -41.87531,
        38.48089,
        89.64156
      ]
    },
    "firstperson_righthand": {
      "rotation": [
        -41.87531,
        38.48089,
        89.64156
      ]
    },
    "thirdperson_lefthand": {
      "rotation": [
        -41.87531,
        -38.48089,
        -89.64156
      ]
    },
    "firstperson_lefthand": {
      "rotation": [
        -41.87531,
        -38.48089,
        -89.64156
      ]
    },
    "fixed": {
      "rotation": [
        -41.87531,
        38.48089,
        89.64156
      ]
    },
    "ground": {
      "rotation": [
        -41.87531,
        38.48089,
        89.64156
      ]
    },
    "thirdperson_righthand": {
      "rotation": [
        -41.87531,
        38.48089,
        89.64156
      ]
    },
    "gui": {
      "rotation": [
        -56.950428,
        -58.44749,
        -25.935266
      ]
    }
  }
}