{
  "textures": {
    "0": "xq9rmjx80:tex/kjanzurh",
    "particle": "#0"
  },
  "elements": [
    {
      "from": [
        10.0978,
        -7.6221085,
        0.7492695
      ],
      "to": [
        10.431133,
        -4.6221085,
        2.7492695
      ],
      "faces": {
        "east": {
          "uv": [
            12.125,
            5.6875,
            12.5,
            6.25
          ],
          "tintindex": 0,
          "rotation": 0,
          "texture": "#0"
        }
      }
    }
  ],
  "display": {
    "head": {
      "rotation": [
        35.06922,
        26.563066,
        -10.670208
      ]
    },
    "firstperson_righthand": {
      "rotation": [
        35.06922,
        26.563066,
        -10.670208
      ]
    },
    "thirdperson_lefthand": {
      "rotation": [
        35.06922,
        -26.563066,
        10.670208
      ]
    },
    "firstperson_lefthand": {
      "rotation": [
        35.06922,
        -26.563066,
        10.670208
      ]
    },
    "fixed": {
      "rotation": [
        35.06922,
        26.563066,
        -10.670208
      ]
    },
    "ground": {
      "rotation": [
        35.06922,
        26.563066,
        -10.670208
      ]
    },
    "thirdperson_righthand": {
      "rotation": [
        35.06922,
        26.563066,
        -10.670208
      ]
    },
    "gui": {
      "rotation": [
        141.40388,
        -56.496635,
        121.9353
      ]
    }
  }
}