{
  "textures": {
    "0": "xq9rmjx80:tex/kjanzurh",
    "particle": "#0"
  },
  "elements": [
    {
      "from": [
        7.9920554,
        7.325081,
        17.18481
      ],
      "to": [
        9.325389,
        9.658414,
        28.693258
      ],
      "faces": {
        "west": {
          "uv": [
            1.25,
            8.9375,
            3.4375,
            9.375
          ],
          "tintindex": 0,
          "rotation": 0,
          "texture": "#0"
        }
      }
    }
  ],
  "display": {
    "head": {
      "rotation": [
        10.235193,
        0.0051194513,
        -0.24611615
      ]
    },
    "firstperson_righthand": {
      "rotation": [
        10.235193,
        0.0051194513,
        -0.24611615
      ]
    },
    "thirdperson_lefthand": {
      "rotation": [
        10.235193,
        -0.0051194513,
        0.24611615
      ]
    },
    "firstperson_lefthand": {
      "rotation": [
        10.235193,
        -0.0051194513,
        0.24611615
      ]
    },
    "fixed": {
      "rotation": [
        10.235193,
        0.0051194513,
        -0.24611615
      ]
    },
    "ground": {
      "rotation": [
        10.235193,
        0.0051194513,
        -0.24611615
      ]
    },
    "thirdperson_righthand": {
      "rotation": [
        10.235193,
        0.0051194513,
        -0.24611615
      ]
    },
    "gui": {
      "rotation": [
        -164.32585,
        -44.100376,
        169.67734
      ]
    }
  }
}