{
  "textures": {
    "0": "jsmakehbp:tex/is9x5lvj",
    "particle": "#0"
  },
  "elements": [
    {
      "from": [
        -12.67,
        25.03017,
        18.548952
      ],
      "to": [
        -11.330002,
        30.636497,
        20.555616
      ],
      "faces": {
        "east": {
          "uv": [
            3.375,
            4.1875,
            3.5625,
            4.71875
          ],
          "tintindex": 0,
          "rotation": 0,
          "texture": "#0"
        },
        "south": {
          "uv": [
            1.96875,
            5.5625,
            2.09375,
            6.09375
          ],
          "tintindex": 0,
          "rotation": 0,
          "texture": "#0"
        },
        "north": {
          "uv": [
            4.3125,
            1.21875,
            4.4375,
            1.75
          ],
          "tintindex": 0,
          "rotation": 0,
          "texture": "#0"
        },
        "west": {
          "uv": [
            2.53125,
            5.15625,
            2.71875,
            5.6875
          ],
          "tintindex": 0,
          "rotation": 0,
          "texture": "#0"
        },
        "up": {
          "uv": [
            7.03125,
            8.875,
            6.90625,
            8.6875
          ],
          "tintindex": 0,
          "rotation": 0,
          "texture": "#0"
        },
        "down": {
          "uv": [
            7.15625,
            8.6875,
            7.03125,
            8.875
          ],
          "tintindex": 0,
          "rotation": 0,
          "texture": "#0"
        }
      }
    },
    {
      "from": [
        -12.666668,
        23.666668,
        17.252455
      ],
      "to": [
        -11.333334,
        25.666668,
        19.185452
      ],
      "faces": {
        "east": {
          "uv": [
            3.875,
            8.59375,
            4.0625,
            8.78125
          ],
          "tintindex": 0,
          "rotation": 0,
          "texture": "#0"
        },
        "south": {
          "uv": [
            7.28125,
            8.6875,
            7.40625,
            8.875
          ],
          "tintindex": 0,
          "rotation": 0,
          "texture": "#0"
        },
        "north": {
          "uv": [
            7.15625,
            8.6875,
            7.28125,
            8.875
          ],
          "tintindex": 0,
          "rotation": 0,
          "texture": "#0"
        },
        "west": {
          "uv": [
            4.90625,
            8.59375,
            5.09375,
            8.78125
          ],
          "tintindex": 0,
          "rotation": 0,
          "texture": "#0"
        },
        "up": {
          "uv": [
            7.53125,
            8.875,
            7.40625,
            8.6875
          ],
          "tintindex": 0,
          "rotation": 0,
          "texture": "#0"
        },
        "down": {
          "uv": [
            7.65625,
            8.6875,
            7.53125,
            8.875
          ],
          "tintindex": 0,
          "rotation": 0,
          "texture": "#0"
        }
      },
      "rotation": {
        "origin": [
          -12.333334,
          26.0,
          18.218952
        ],
        "angle": -45.0,
        "axis": "x"
      }
    },
    {
      "from": [
        -12.666668,
        27.626226,
        21.145012
      ],
      "to": [
        -11.333334,
        29.559225,
        23.145012
      ],
      "faces": {
        "east": {
          "uv": [
            8.59375,
            3.125,
            8.78125,
            3.3125
          ],
          "tintindex": 0,
          "rotation": 0,
          "texture": "#0"
        },
        "south": {
          "uv": [
            5.3125,
            8.6875,
            5.4375,
            8.875
          ],
          "tintindex": 0,
          "rotation": 0,
          "texture": "#0"
        },
        "north": {
          "uv": [
            5.1875,
            8.6875,
            5.3125,
            8.875
          ],
          "tintindex": 0,
          "rotation": 0,
          "texture": "#0"
        },
        "west": {
          "uv": [
            8.59375,
            3.3125,
            8.78125,
            3.5
          ],
          "tintindex": 0,
          "rotation": 0,
          "texture": "#0"
        },
        "up": {
          "uv": [
            5.5625,
            8.875,
            5.4375,
            8.6875
          ],
          "tintindex": 0,
          "rotation": 0,
          "texture": "#0"
        },
        "down": {
          "uv": [
            5.6875,
            8.6875,
            5.5625,
            8.875
          ],
          "tintindex": 0,
          "rotation": 0,
          "texture": "#0"
        }
      },
      "rotation": {
        "origin": [
          -12.333334,
          26.0,
          18.218952
        ],
        "angle": -45.0,
        "axis": "x"
      }
    }
  ],
  "display": {
    "head": {
      "rotation": [
        0.0,
        0.0,
        0.0
      ]
    },
    "firstperson_righthand": {
      "rotation": [
        0.0,
        0.0,
        0.0
      ]
    },
    "thirdperson_lefthand": {
      "rotation": [
        0.0,
        -0.0,
        -0.0
      ]
    },
    "firstperson_lefthand": {
      "rotation": [
        0.0,
        -0.0,
        -0.0
      ]
    },
    "fixed": {
      "rotation": [
        0.0,
        0.0,
        0.0
      ]
    },
    "ground": {
      "rotation": [
        0.0,
        0.0,
        0.0
      ]
    },
    "thirdperson_righthand": {
      "rotation": [
        0.0,
        0.0,
        0.0
      ]
    },
    "gui": {
      "rotation": [
        -150.0,
        -45.0,
        180.0
      ]
    }
  }
}