{
  "textures": {
    "0": "xq9rmjx80:tex/kjanzurh",
    "particle": "#0"
  },
  "elements": [
    {
      "from": [
        8.008354,
        21.026104,
        3.277626
      ],
      "to": [
        9.341667,
        22.804335,
        4.3965454
      ],
      "faces": {
        "west": {
          "uv": [
            11.8125,
            1.8125,
            12.0,
            2.125
          ],
          "tintindex": 0,
          "rotation": 0,
          "texture": "#0"
        }
      }
    }
  ],
  "display": {
    "head": {
      "rotation": [
        -135.97716,
        0.03619763,
        -0.03498353
      ]
    },
    "firstperson_righthand": {
      "rotation": [
        -135.97716,
        0.03619763,
        -0.03498353
      ]
    },
    "thirdperson_lefthand": {
      "rotation": [
        -135.97716,
        -0.03619763,
        0.03498353
      ]
    },
    "firstperson_lefthand": {
      "rotation": [
        -135.97716,
        -0.03619763,
        0.03498353
      ]
    },
    "fixed": {
      "rotation": [
        -135.97716,
        0.03619763,
        -0.03498353
      ]
    },
    "ground": {
      "rotation": [
        -135.97716,
        0.03619763,
        -0.03498353
      ]
    },
    "thirdperson_righthand": {
      "rotation": [
        -135.97716,
        0.03619763,
        -0.03498353
      ]
    },
    "gui": {
      "rotation": [
        -23.785074,
        30.531195,
        -145.25
      ]
    }
  }
}