{
  "textures": {
    "0": "xq9rmjx80:tex/kjanzurh",
    "particle": "#0"
  },
  "elements": [
    {
      "from": [
        6.8545103,
        -5.3432035,
        28.212383
      ],
      "to": [
        8.187843,
        5.316964,
        28.58464
      ],
      "faces": {
        "east": {
          "uv": [
            4.875,
            10.875,
            4.9375,
            12.875
          ],
          "tintindex": 0,
          "rotation": 0,
          "texture": "#0"
        }
      }
    }
  ],
  "display": {
    "head": {
      "rotation": [
        -1.7728442,
        -0.5503122,
        -0.0016562652
      ]
    },
    "firstperson_righthand": {
      "rotation": [
        -1.7728442,
        -0.5503122,
        -0.0016562652
      ]
    },
    "thirdperson_lefthand": {
      "rotation": [
        -1.7728442,
        0.5503122,
        0.0016562652
      ]
    },
    "firstperson_lefthand": {
      "rotation": [
        -1.7728442,
        0.5503122,
        0.0016562652
      ]
    },
    "fixed": {
      "rotation": [
        -1.7728442,
        -0.5503122,
        -0.0016562652
      ]
    },
    "ground": {
      "rotation": [
        -1.7728442,
        -0.5503122,
        -0.0016562652
      ]
    },
    "thirdperson_righthand": {
      "rotation": [
        -1.7728442,
        -0.5503122,
        -0.0016562652
      ]
    },
    "gui": {
      "rotation": [
        -147.51744,
        -44.42253,
        -178.24641
      ]
    }
  }
}