{
  "textures": {
    "6": "gwjritg0z:tex/rgbchkdy",
    "particle": "#6"
  },
  "elements": [
    {
      "from": [
        7.7622657,
        -2.9360218,
        -0.41429138
      ],
      "to": [
        10.962266,
        5.013979,
        3.085709
      ],
      "faces": {
        "north": {
          "uv": [
            7.75,
            7.09375,
            7.9375,
            7.59375
          ],
          "tintindex": 0,
          "rotation": 0,
          "texture": "#6"
        },
        "up": {
          "uv": [
            8.71875,
            5.25,
            8.53125,
            5.03125
          ],
          "tintindex": 0,
          "rotation": 0,
          "texture": "#6"
        }
      }
    }
  ],
  "display": {
    "head": {
      "rotation": [
        28.977495,
        46.447407,
        -21.86851
      ]
    },
    "firstperson_righthand": {
      "rotation": [
        28.977495,
        46.447407,
        -21.86851
      ]
    },
    "thirdperson_lefthand": {
      "rotation": [
        28.977495,
        -46.447407,
        21.86851
      ]
    },
    "firstperson_lefthand": {
      "rotation": [
        28.977495,
        -46.447407,
        21.86851
      ]
    },
    "fixed": {
      "rotation": [
        28.977495,
        46.447407,
        -21.86851
      ]
    },
    "ground": {
      "rotation": [
        28.977495,
        46.447407,
        -21.86851
      ]
    },
    "thirdperson_righthand": {
      "rotation": [
        28.977495,
        46.447407,
        -21.86851
      ]
    },
    "gui": {
      "rotation": [
        105.512085,
        -69.83222,
        74.60935
      ]
    }
  }
}