{
  "textures": {
    "0": "f6o7c9v5q:tex/i9tbmxa3",
    "particle": "#0"
  },
  "elements": [
    {
      "from": [
        8.306505,
        8.005745,
        -4.234045
      ],
      "to": [
        8.725705,
        8.216656,
        -3.6412697
      ],
      "faces": {
        "east": {
          "uv": [
            0.8063,
            6.6563,
            1.025,
            6.8437
          ],
          "tintindex": 0,
          "rotation": 0,
          "texture": "#0"
        },
        "south": {
          "uv": [
            0.2438,
            6.6625,
            0.4625,
            6.7937
          ],
          "tintindex": 0,
          "rotation": 0,
          "texture": "#0"
        },
        "north": {
          "uv": [
            0.2438,
            6.6625,
            0.4625,
            6.7937
          ],
          "tintindex": 0,
          "rotation": 0,
          "texture": "#0"
        },
        "west": {
          "uv": [
            0.8063,
            6.6563,
            1.025,
            6.8437
          ],
          "tintindex": 0,
          "rotation": 0,
          "texture": "#0"
        },
        "up": {
          "uv": [
            0.63125,
            6.6562,
            0.75625,
            6.8437
          ],
          "tintindex": 0,
          "rotation": 180,
          "texture": "#0"
        },
        "down": {
          "uv": [
            0.8063,
            6.65625,
            1.025,
            6.8437
          ],
          "tintindex": 0,
          "rotation": 180,
          "texture": "#0"
        }
      }
    },
    {
      "from": [
        8.4176655,
        7.7575,
        -4.1880054
      ],
      "to": [
        8.836864,
        7.9671,
        -3.7688046
      ],
      "faces": {
        "east": {
          "uv": [
            0.0,
            15.0,
            2.0,
            16.0
          ],
          "tintindex": 0,
          "rotation": 0,
          "texture": "#0"
        },
        "south": {
          "uv": [
            0.2438,
            6.6625,
            0.4625,
            6.7937
          ],
          "tintindex": 0,
          "rotation": 0,
          "texture": "#0"
        },
        "north": {
          "uv": [
            0.0,
            15.0,
            2.0,
            16.0
          ],
          "tintindex": 0,
          "rotation": 0,
          "texture": "#0"
        },
        "west": {
          "uv": [
            0.2438,
            6.6625,
            0.4625,
            6.7937
          ],
          "tintindex": 0,
          "rotation": 0,
          "texture": "#0"
        },
        "up": {
          "uv": [
            0.5375,
            6.65625,
            0.6188,
            6.7375
          ],
          "tintindex": 0,
          "rotation": 270,
          "texture": "#0"
        },
        "down": {
          "uv": [
            0.8063,
            6.6563,
            1.025,
            6.8437
          ],
          "tintindex": 0,
          "rotation": 0,
          "texture": "#0"
        }
      },
      "rotation": {
        "origin": [
          8.4176655,
          8.0064,
          -4.3452053
        ],
        "angle": -45.0,
        "axis": "y"
      }
    },
    {
      "from": [
        8.306505,
        7.7575,
        -4.234045
      ],
      "to": [
        8.725705,
        7.96841,
        -3.6412697
      ],
      "faces": {
        "east": {
          "uv": [
            0.8063,
            6.6563,
            1.025,
            6.8437
          ],
          "tintindex": 0,
          "rotation": 0,
          "texture": "#0"
        },
        "south": {
          "uv": [
            0.2438,
            6.6625,
            0.4625,
            6.7937
          ],
          "tintindex": 0,
          "rotation": 0,
          "texture": "#0"
        },
        "north": {
          "uv": [
            0.2438,
            6.6625,
            0.4625,
            6.7937
          ],
          "tintindex": 0,
          "rotation": 0,
          "texture": "#0"
        },
        "west": {
          "uv": [
            0.8063,
            6.6563,
            1.025,
            6.8437
          ],
          "tintindex": 0,
          "rotation": 0,
          "texture": "#0"
        },
        "up": {
          "uv": [
            0.63125,
            6.6562,
            0.75625,
            6.8437
          ],
          "tintindex": 0,
          "rotation": 180,
          "texture": "#0"
        },
        "down": {
          "uv": [
            0.8063,
            6.65625,
            1.025,
            6.8437
          ],
          "tintindex": 0,
          "rotation": 180,
          "texture": "#0"
        }
      }
    },
    {
      "from": [
        7.89893,
        7.9933,
        -4.2456703
      ],
      "to": [
        9.15653,
        8.0064,
        -3.61687
      ],
      "faces": {
        "east": {
          "uv": [
            3.0,
            15.0,
            0.0,
            16.0
          ],
          "tintindex": 0,
          "rotation": 0,
          "texture": "#0"
        },
        "south": {
          "uv": [
            6.0,
            15.0,
            0.0,
            16.0
          ],
          "tintindex": 0,
          "rotation": 0,
          "texture": "#0"
        },
        "north": {
          "uv": [
            6.0,
            15.0,
            0.0,
            16.0
          ],
          "tintindex": 0,
          "rotation": 0,
          "texture": "#0"
        },
        "west": {
          "uv": [
            3.0,
            15.0,
            0.0,
            16.0
          ],
          "tintindex": 0,
          "rotation": 0,
          "texture": "#0"
        },
        "up": {
          "uv": [
            0.0438,
            6.8062,
            0.1125,
            6.9937
          ],
          "tintindex": 0,
          "rotation": 0,
          "texture": "#0"
        },
        "down": {
          "uv": [
            0.0438,
            6.8062,
            0.1125,
            6.9937
          ],
          "tintindex": 0,
          "rotation": 0,
          "texture": "#0"
        }
      }
    },
    {
      "from": [
        8.4176655,
        8.0064,
        -4.1880054
      ],
      "to": [
        8.836864,
        8.216,
        -3.7688046
      ],
      "faces": {
        "east": {
          "uv": [
            0.0,
            15.0,
            2.0,
            16.0
          ],
          "tintindex": 0,
          "rotation": 0,
          "texture": "#0"
        },
        "south": {
          "uv": [
            0.2438,
            6.6625,
            0.4625,
            6.7937
          ],
          "tintindex": 0,
          "rotation": 0,
          "texture": "#0"
        },
        "north": {
          "uv": [
            0.0,
            15.0,
            2.0,
            16.0
          ],
          "tintindex": 0,
          "rotation": 0,
          "texture": "#0"
        },
        "west": {
          "uv": [
            0.2438,
            6.6625,
            0.4625,
            6.7937
          ],
          "tintindex": 0,
          "rotation": 0,
          "texture": "#0"
        },
        "up": {
          "uv": [
            0.5375,
            6.65625,
            0.6188,
            6.7375
          ],
          "tintindex": 0,
          "rotation": 270,
          "texture": "#0"
        },
        "down": {
          "uv": [
            0.8063,
            6.6563,
            1.025,
            6.8437
          ],
          "tintindex": 0,
          "rotation": 0,
          "texture": "#0"
        }
      },
      "rotation": {
        "origin": [
          8.4176655,
          8.0064,
          -4.3452053
        ],
        "angle": -45.0,
        "axis": "y"
      }
    },
    {
      "from": [
        7.89893,
        7.7968,
        -4.2456703
      ],
      "to": [
        7.91334,
        8.0064,
        -3.9312706
      ],