{
  "textures": {
    "0": "xq9rmjx80:tex/kjanzurh",
    "particle": "#0"
  },
  "elements": [
    {
      "from": [
        7.267078,
        21.415064,
        -6.567541
      ],
      "to": [
        13.843255,
        23.379345,
        -4.2257566
      ],
      "faces": {
        "up": {
          "uv": [
            10.9375,
            0.4375,
            9.6875,
            0.0
          ],
          "tintindex": 0,
          "rotation": 0,
          "texture": "#0"
        }
      }
    }
  ],
  "display": {
    "head": {
      "rotation": [
        -9.738446,
        21.947979,
        -0.10074473
      ]
    },
    "firstperson_righthand": {
      "rotation": [
        -9.738446,
        21.947979,
        -0.10074473
      ]
    },
    "thirdperson_lefthand": {
      "rotation": [
        -9.738446,
        -21.947979,
        0.10074473
      ]
    },
    "firstperson_lefthand": {
      "rotation": [
        -9.738446,
        -21.947979,
        0.10074473
      ]
    },
    "fixed": {
      "rotation": [
        -9.738446,
        21.947979,
        -0.10074473
      ]
    },
    "ground": {
      "rotation": [
        -9.738446,
        21.947979,
        -0.10074473
      ]
    },
    "thirdperson_righthand": {
      "rotation": [
        -9.738446,
        21.947979,
        -0.10074473
      ]
    },
    "gui": {
      "rotation": [
        -127.67765,
        -65.60212,
        -163.26929
      ]
    }
  }
}