{
  "textures": {
    "0": "xq9rmjx80:tex/kjanzurh",
    "particle": "#0"
  },
  "elements": [
    {
      "from": [
        25.004887,
        -5.83296,
        16.611782
      ],
      "to": [
        26.338219,
        -4.3059196,
        16.89375
      ],
      "faces": {
        "east": {
          "uv": [
            3.0625,
            12.0625,
            3.125,
            12.375
          ],
          "tintindex": 0,
          "rotation": 0,
          "texture": "#0"
        }
      }
    },
    {
      "from": [
        25.004887,
        -5.08296,
        16.882614
      ],
      "to": [
        26.338219,
        -2.8892536,
        17.727081
      ],
      "faces": {
        "east": {
          "uv": [
            11.5625,
            11.375,
            11.75,
            11.8125
          ],
          "tintindex": 0,
          "rotation": 0,
          "texture": "#0"
        }
      }
    }
  ],
  "display": {
    "head": {
      "rotation": [
        -1.7764663,
        -65.29751,
        1.5112438
      ]
    },
    "firstperson_righthand": {
      "rotation": [
        -1.7764663,
        -65.29751,
        1.5112438
      ]
    },
    "thirdperson_lefthand": {
      "rotation": [
        -1.7764663,
        65.29751,
        -1.5112438
      ]
    },
    "firstperson_lefthand": {
      "rotation": [
        -1.7764663,
        65.29751,
        -1.5112438
      ]
    },
    "fixed": {
      "rotation": [
        -1.7764663,
        -65.29751,
        1.5112438
      ]
    },
    "ground": {
      "rotation": [
        -1.7764663,
        -65.29751,
        1.5112438
      ]
    },
    "thirdperson_righthand": {
      "rotation": [
        -1.7764663,
        -65.29751,
        1.5112438
      ]
    },
    "gui": {
      "rotation": [
        -149.20851,
        20.306187,
        -177.14946
      ]
    }
  }
}