{
  "textures": {
    "0": "2thxh28ly:tex/9h99ta8j",
    "particle": "#0"
  },
  "elements": [
    {
      "from": [
        23.175001,
        5.6416664,
        7.058333
      ],
      "to": [
        26.825,
        10.358334,
        8.941667
      ],
      "faces": {
        "east": {
          "uv": [
            1.3125,
            12.4375,
            1.5,
            12.875
          ],
          "tintindex": 0,
          "rotation": 0,
          "texture": "#0"
        },
        "south": {
          "uv": [
            0.0,
            0.0,
            0.3421875,
            0.4421875
          ],
          "tintindex": 0,
          "rotation": 0,
          "texture": "#0"
        },
        "north": {
          "uv": [
            0.0,
            0.0,
            0.3421875,
            0.4421875
          ],
          "tintindex": 0,
          "rotation": 0,
          "texture": "#0"
        },
        "west": {
          "uv": [
            1.53125,
            12.4375,
            1.71875,
            12.875
          ],
          "tintindex": 0,
          "rotation": 0,
          "texture": "#0"
        },
        "up": {
          "uv": [
            4.8125,
            10.1875,
            4.46875,
            10.0
          ],
          "tintindex": 0,
          "rotation": 0,
          "texture": "#0"
        },
        "down": {
          "uv": [
            4.8125,
            10.21875,
            4.46875,
            10.40625
          ],
          "tintindex": 0,
          "rotation": 0,
          "texture": "#0"
        }
      },
      "rotation": {
        "origin": [
          22.833334,
          8.0,
          8.0
        ],
        "angle": 45.0,
        "axis": "x"
      }
    },
    {
      "from": [
        23.175001,
        5.6416664,
        7.058333
      ],
      "to": [
        26.825,
        10.358334,
        8.941667
      ],
      "faces": {
        "east": {
          "uv": [
            0.4375,
            12.4375,
            0.625,
            12.875
          ],
          "tintindex": 0,
          "rotation": 0,
          "texture": "#0"
        },
        "south": {
          "uv": [
            0.0,
            0.0,
            0.3421875,
            0.4421875
          ],
          "tintindex": 0,
          "rotation": 0,
          "texture": "#0"
        },
        "north": {
          "uv": [
            0.0,
            0.0,
            0.3421875,
            0.4421875
          ],
          "tintindex": 0,
          "rotation": 0,
          "texture": "#0"
        },
        "west": {
          "uv": [
            0.65625,
            12.4375,
            0.84375,
            12.875
          ],
          "tintindex": 0,
          "rotation": 0,
          "texture": "#0"
        },
        "up": {
          "uv": [
            4.71875,
            12.90625,
            4.375,
            12.71875
          ],
          "tintindex": 0,
          "rotation": 0,
          "texture": "#0"
        },
        "down": {
          "uv": [
            4.71875,
            12.9375,
            4.375,
            13.125
          ],
          "tintindex": 0,
          "rotation": 0,
          "texture": "#0"
        }
      },
      "rotation": {
        "origin": [
          22.833334,
          8.0,
          8.0
        ],
        "angle": -45.0,
        "axis": "x"
      }
    },
    {
      "from": [
        23.158333,
        5.6666665,
        7.0
      ],
      "to": [
        26.841667,
        10.333334,
        9.0
      ],
      "faces": {
        "east": {
          "uv": [
            0.875,
            12.4375,
            1.0625,
            12.875
          ],
          "tintindex": 0,
          "rotation": 0,
          "texture": "#0"
        },
        "south": {
          "uv": [
            0.0,
            0.0,
            0.3453125,
            0.4375
          ],
          "tintindex": 0,
          "rotation": 0,
          "texture": "#0"
        },
        "north": {
          "uv": [
            0.0,
            0.0,
            0.3453125,
            0.4375
          ],
          "tintindex": 0,
          "rotation": 0,
          "texture": "#0"
        },
        "west": {
          "uv": [
            1.09375,
            12.4375,
            1.28125,
            12.875
          ],
          "tintindex": 0,
          "rotation": 0,
          "texture": "#0"
        },
        "up": {
          "uv": [
            4.78125,
            11.125,
            4.4375,
            10.9375
          ],
          "tintindex": 0,
          "rotation": 0,
          "texture": "#0"
        },
        "down": {
          "uv": [
            4.78125,
            11.15625,
            4.4375,
            11.34375
          ],
          "tintindex": 0,
          "rotation": 0,
          "texture": "#0"
        }
      }
    },
    {
      "from": [
        23.166668,
        7.0,
        5.6666665
      ],
      "to": [
        26.833334,
        9.0,
        10.333334
      ],
      "faces": {
        "east": {
          "uv": [
            1.75,
            12.4375,
            1.9375,
            12.875
          ],
          "tintindex": 0,
          "rotation": 270,
          "texture": "#0"
        },
        "south": {
          "uv": [
            4.8125,
            10.625,
            4.46875,
            10.4375
          ],
          "tintindex": 0,
          "rotation": 0,
          "texture": "#0"
        },
        "north": {
          "uv": [
            4.8125,
            10.65625,
            4.46875,
            10.84375
          ],
          "tintindex": 0,
          "rotation": 180,
          "texture": "#0"
        },
        "west": {
          "uv": [
            1.96875,
            12.4375,
            2.15625,
            12.875
          ],
          "tintindex": 0,
          "rotation": 90,
          "texture": "#0"
        },
        "up": {
          "uv": [
            0.0,
            0.0,
            0.34375,
            0.4375
          ],
          "tintindex": 0,
          "rotation": 180,
          "texture": "#0"
        },
        "down": {
          "uv": [
            0.0,
            0.0,
            0.34375,
            0.4375
          ],
          "tintindex": 0,
          "rotation": 0,
          "texture": "#0"
        }
      }
    }
  ],
  "display": {
    "head": {
      "rotation": [
        0.0,
        0.0,
        0.0
      ]
    },
    "firstperson_righthand": {
      "rotation": [
        0.0,
        0.0,
        0.0
      ]
    },
    "thirdperson_lefthand": {
      "rotation": [
        0.0,
        -0.0,
        -0.0
      ]
    },
    "firstperson_lefthand": {
      "rotation": [
        0.0,
        -0.0,
        -0.0
      ]
    },
    "fixed": {
      "rotation": [
        0.0,
        0.0,
        0.0
      ]
    },
    "ground": {
      "rotation": [
        0.0,
        0.0,
        0.0
      ]
    },
    "thirdperson_righthand": {
      "rotation": [
        0.0,
        0.0,
        0.0
      ]
    },
    "gui": {
      "rotation": [
        -150.0,
        -45.0,
        180.0
      ]
    }
  }
}