{
  "textures": {
    "6": "gwjritg0z:tex/rgbchkdy",
    "particle": "#6"
  },
  "elements": [
    {
      "from": [
        7.0,
        5.0,
        0.5
      ],
      "to": [
        9.0,
        11.0,
        15.5
      ],
      "faces": {
        "east": {
          "uv": [
            13.90625,
            14.03125,
            14.09375,
            14.5
          ],
          "tintindex": 0,
          "rotation": 270,
          "texture": "#6"
        },
        "south": {
          "uv": [
            15.4375,
            15.34375,
            15.375,
            15.15625
          ],
          "tintindex": 0,
          "rotation": 0,
          "texture": "#6"
        },
        "north": {
          "uv": [
            15.46875,
            9.40625,
            15.40625,
            9.59375
          ],
          "tintindex": 0,
          "rotation": 180,
          "texture": "#6"
        },
        "west": {
          "uv": [
            14.125,
            14.03125,
            14.3125,
            14.5
          ],
          "tintindex": 0,
          "rotation": 90,
          "texture": "#6"
        }
      }
    },
    {
      "from": [
        7.0249996,
        0.5749998,
        4.825001
      ],
      "to": [
        8.975,
        15.425,
        11.174999
      ],
      "faces": {
        "east": {
          "uv": [
            14.25,
            13.03125,
            14.4375,
            13.5
          ],
          "tintindex": 0,
          "rotation": 0,
          "texture": "#6"
        },
        "west": {
          "uv": [
            9.53125,
            14.15625,
            9.71875,
            14.625
          ],
          "tintindex": 0,
          "rotation": 0,
          "texture": "#6"
        },
        "up": {
          "uv": [
            15.46875,
            9.8125,
            15.40625,
            9.625
          ],
          "tintindex": 0,
          "rotation": 0,
          "texture": "#6"
        },
        "down": {
          "uv": [
            15.46875,
            9.84375,
            15.40625,
            10.03125
          ],
          "tintindex": 0,
          "rotation": 0,
          "texture": "#6"
        }
      },
      "rotation": {
        "origin": [
          8.0,
          8.0,
          8.0
        ],
        "angle": -45.0,
        "axis": "x"
      }
    },
    {
      "from": [
        7.0,
        0.5,
        5.0
      ],
      "to": [
        9.0,
        15.5,
        11.0
      ],
      "faces": {
        "east": {
          "uv": [
            10.1875,
            14.15625,
            10.375,
            14.625
          ],
          "tintindex": 0,
          "rotation": 0,
          "texture": "#6"
        },
        "west": {
          "uv": [
            10.40625,
            14.15625,
            10.59375,
            14.625
          ],
          "tintindex": 0,
          "rotation": 0,
          "texture": "#6"
        },
        "up": {
          "uv": [
            15.46875,
            10.6875,
            15.40625,
            10.5
          ],
          "tintindex": 0,
          "rotation": 0,
          "texture": "#6"
        },
        "down": {
          "uv": [
            15.53125,
            10.71875,
            15.46875,
            10.90625
          ],
          "tintindex": 0,
          "rotation": 0,
          "texture": "#6"
        }
      }
    },
    {
      "from": [
        7.0249996,
        0.5749998,
        4.825001
      ],
      "to": [
        8.975,
        15.425,
        11.174999
      ],
      "faces": {
        "east": {
          "uv": [
            9.75,
            14.15625,
            9.9375,
            14.625
          ],
          "tintindex": 0,
          "rotation": 0,
          "texture": "#6"
        },
        "west": {
          "uv": [
            9.96875,
            14.15625,
            10.15625,
            14.625
          ],
          "tintindex": 0,
          "rotation": 0,
          "texture": "#6"
        },
        "up": {
          "uv": [
            15.46875,
            10.25,
            15.40625,
            10.0625
          ],
          "tintindex": 0,
          "rotation": 0,
          "texture": "#6"
        },
        "down": {
          "uv": [
            15.46875,
            10.28125,
            15.40625,
            10.46875
          ],
          "tintindex": 0,
          "rotation": 0,
          "texture": "#6"
        }
      },
      "rotation": {
        "origin": [
          8.0,
          8.0,
          8.0
        ],
        "angle": 45.0,
        "axis": "x"
      }
    },
    {
      "from": [
        6.9750004,
        0.5,
        0.5
      ],
      "to": [
        9.025,
        15.5,
        15.5
      ],
      "faces": {
        "east": {
          "uv": [
            11.03125,
            10.40625,
            11.5,
            10.875
          ],
          "tintindex": 0,
          "rotation": 0,
          "texture": "#6"
        },
        "west": {
          "uv": [
            11.03125,
            10.90625,
            11.5,
            11.375
          ],
          "tintindex": 0,
          "rotation": 0,
          "texture": "#6"
        }
      }
    }
  ],
  "display": {
    "head": {
      "rotation": [
        0.0,
        0.0,
        0.0
      ]
    },
    "firstperson_righthand": {
      "rotation": [
        0.0,
        0.0,
        0.0
      ]
    },
    "thirdperson_lefthand": {
      "rotation": [
        0.0,
        -0.0,
        -0.0
      ]
    },
    "firstperson_lefthand": {
      "rotation": [
        0.0,
        -0.0,
        -0.0
      ]
    },
    "fixed": {
      "rotation": [
        0.0,
        0.0,
        0.0
      ]
    },
    "ground": {
      "rotation": [
        0.0,
        0.0,
        0.0
      ]
    },
    "thirdperson_righthand": {
      "rotation": [
        0.0,
        0.0,
        0.0
      ]
    },
    "gui": {
      "rotation": [
        -150.0,
        -45.0,
        180.0
      ]
    }
  }
}