{
  "textures": {
    "0": "9qzmluhqk:tex/pamil98s",
    "particle": "#0"
  },
  "elements": [
    {
      "from": [
        7.54133,
        6.54482,
        13.3883705
      ],
      "to": [
        8.45867,
        8.7594795,
        15.37062
      ],
      "faces": {
        "south": {
          "uv": [
            7.0,
            1.0,
            8.0,
            2.0
          ],
          "tintindex": 0,
          "rotation": 0,
          "texture": "#0"
        },
        "up": {
          "uv": [
            7.0,
            1.0,
            8.0,
            2.0
          ],
          "tintindex": 0,
          "rotation": 0,
          "texture": "#0"
        }
      },
      "rotation": {
        "origin": [
          8.0,
          7.65215,
          14.37949
        ],
        "angle": -45.0,
        "axis": "z"
      }
    },
    {
      "from": [
        6.89267,
        7.19348,
        13.3883705
      ],
      "to": [
        9.10733,
        8.11082,
        15.37062
      ],
      "faces": {
        "south": {
          "uv": [
            7.0,
            1.0,
            8.0,
            2.0
          ],
          "tintindex": 0,
          "rotation": 0,
          "texture": "#0"
        },
        "west": {
          "uv": [
            7.0,
            1.0,
            8.0,
            2.0
          ],
          "tintindex": 0,
          "rotation": 0,
          "texture": "#0"
        }
      }
    },
    {
      "from": [
        7.54133,
        6.54482,
        13.3883705
      ],
      "to": [
        8.45867,
        8.7594795,
        15.37062
      ],
      "faces": {
        "south": {
          "uv": [
            7.0,
            1.0,
            8.0,
            2.0
          ],
          "tintindex": 0,
          "rotation": 0,
          "texture": "#0"
        },
        "up": {
          "uv": [
            7.0,
            1.0,
            8.0,
            2.0
          ],
          "tintindex": 0,
          "rotation": 0,
          "texture": "#0"
        }
      }
    },
    {
      "from": [
        7.54133,
        6.54482,
        13.3883705
      ],
      "to": [
        8.45867,
        8.7594795,
        15.37062
      ],
      "faces": {
        "south": {
          "uv": [
            7.0,
            1.0,
            8.0,
            2.0
          ],
          "tintindex": 0,
          "rotation": 0,
          "texture": "#0"
        },
        "up": {
          "uv": [
            7.0,
            1.0,
            8.0,
            2.0
          ],
          "tintindex": 0,
          "rotation": 0,
          "texture": "#0"
        }
      },
      "rotation": {
        "origin": [
          8.0,
          7.65215,
          14.37949
        ],
        "angle": 45.0,
        "axis": "z"
      }
    }
  ],
  "display": {
    "head": {
      "rotation": [
        0.0,
        0.0,
        0.0
      ]
    },
    "firstperson_righthand": {
      "rotation": [
        0.0,
        0.0,
        0.0
      ]
    },
    "thirdperson_lefthand": {
      "rotation": [
        0.0,
        -0.0,
        -0.0
      ]
    },
    "firstperson_lefthand": {
      "rotation": [
        0.0,
        -0.0,
        -0.0
      ]
    },
    "fixed": {
      "rotation": [
        0.0,
        0.0,
        0.0
      ]
    },
    "ground": {
      "rotation": [
        0.0,
        0.0,
        0.0
      ]
    },
    "thirdperson_righthand": {
      "rotation": [
        0.0,
        0.0,
        0.0
      ]
    },
    "gui": {
      "rotation": [
        -150.0,
        -45.0,
        180.0
      ]
    }
  }
}