{
  "textures": {
    "6": "gwjritg0z:tex/rgbchkdy",
    "particle": "#6"
  },
  "elements": [
    {
      "from": [
        10.92612,
        4.9818397,
        -0.40088654
      ],
      "to": [
        19.176119,
        7.4318404,
        3.0866132
      ],
      "faces": {
        "north": {
          "uv": [
            7.96875,
            5.21875,
            8.5,
            5.375
          ],
          "tintindex": 0,
          "rotation": 0,
          "texture": "#6"
        },
        "west": {
          "uv": [
            4.65625,
            8.65625,
            4.875,
            8.8125
          ],
          "tintindex": 0,
          "rotation": 0,
          "texture": "#6"
        }
      }
    }
  ],
  "display": {
    "head": {
      "rotation": [
        28.977491,
        -46.447407,
        -52.381496
      ]
    },
    "firstperson_righthand": {
      "rotation": [
        28.977491,
        -46.447407,
        -52.381496
      ]
    },
    "thirdperson_lefthand": {
      "rotation": [
        28.977491,
        46.447407,
        52.381496
      ]
    },
    "firstperson_lefthand": {
      "rotation": [
        28.977491,
        46.447407,
        52.381496
      ]
    },
    "fixed": {
      "rotation": [
        28.977491,
        -46.447407,
        -52.381496
      ]
    },
    "ground": {
      "rotation": [
        28.977491,
        -46.447407,
        -52.381496
      ]
    },
    "thirdperson_righthand": {
      "rotation": [
        28.977491,
        -46.447407,
        -52.381496
      ]
    },
    "gui": {
      "rotation": [
        -169.57591,
        4.9480944,
        107.50686
      ]
    }
  }
}