{
  "textures": {
    "2": "xq9rmjx80:tex/6a6c60k6",
    "particle": "#2"
  },
  "elements": [
    {
      "from": [
        14.5,
        6.20172,
        12.57435
      ],
      "to": [
        15.700001,
        7.10172,
        13.07435
      ],
      "faces": {
        "east": {
          "uv": [
            1.5,
            7.375,
            1.53125,
            7.4296875
          ],
          "tintindex": 0,
          "rotation": 0,
          "texture": "#2"
        },
        "west": {
          "uv": [
            7.5625,
            5.5625,
            7.59375,
            5.6171875
          ],
          "tintindex": 0,
          "rotation": 0,
          "texture": "#2"
        },
        "down": {
          "uv": [
            7.828125,
            0.125,
            7.75,
            0.15625
          ],
          "tintindex": 0,
          "rotation": 0,
          "texture": "#2"
        }
      },
      "rotation": {
        "origin": [
          8.0,
          5.60172,
          8.60844
        ],
        "angle": -22.5,
        "axis": "x"
      }
    },
    {
      "from": [
        14.5,
        5.2364902,
        14.09064
      ],
      "to": [
        15.700001,
        5.93649,
        14.59064
      ],
      "faces": {
        "east": {
          "uv": [
            1.375,
            7.8125,
            1.40625,
            7.859375
          ],
          "tintindex": 0,
          "rotation": 0,
          "texture": "#2"
        },
        "west": {
          "uv": [
            7.8125,
            1.5625,
            7.84375,
            1.609375
          ],
          "tintindex": 0,
          "rotation": 0,
          "texture": "#2"
        },
        "down": {
          "uv": [
            0.578125,
            7.75,
            0.5,
            7.78125
          ],
          "tintindex": 0,
          "rotation": 0,
          "texture": "#2"
        }
      },
      "rotation": {
        "origin": [
          8.0,
          4.63649,
          10.124741
        ],
        "angle": -45.0,
        "axis": "x"
      }
    },
    {
      "from": [
        14.5,
        8.29091,
        10.19499
      ],
      "to": [
        15.700001,
        8.59091,
        11.294991
      ],
      "faces": {
        "east": {
          "uv": [
            7.8125,
            5.125,
            7.8828125,
            5.140625
          ],
          "tintindex": 0,
          "rotation": 0,
          "texture": "#2"
        },
        "south": {
          "uv": [
            7.8125,
            3.125,
            7.890625,
            3.140625
          ],
          "tintindex": 0,
          "rotation": 0,
          "texture": "#2"
        },
        "west": {
          "uv": [
            7.8125,
            5.25,
            7.8828125,
            5.265625
          ],
          "tintindex": 0,
          "rotation": 0,
          "texture": "#2"
        }
      },
      "rotation": {
        "origin": [
          8.0,
          4.325,
          11.89499
        ],
        "angle": 22.5,
        "axis": "x"
      }
    },
    {
      "from": [
        14.5,
        8.75656,
        6.79072
      ],
      "to": [
        15.700001,
        9.0565605,
        7.6907196
      ],
      "faces": {
        "east": {
          "uv": [
            7.8125,
            5.8125,
            7.8671875,
            5.828125
          ],
          "tintindex": 0,
          "rotation": 0,
          "texture": "#2"
        },
        "north": {
          "uv": [
            7.8125,
            3.8125,
            7.890625,
            3.828125
          ],
          "tintindex": 0,
          "rotation": 0,
          "texture": "#2"
        },
        "west": {
          "uv": [
            5.875,
            7.8125,
            5.9296875,
            7.828125
          ],
          "tintindex": 0,
          "rotation": 0,
          "texture": "#2"
        },
        "down": {
          "uv": [
            5.140625,
            6.9375,
            5.0625,
            6.9921875
          ],
          "tintindex": 0,
          "rotation": 0,
          "texture": "#2"
        }
      },
      "rotation": {
        "origin": [
          8.0,
          13.02247,
          6.1907196
        ],
        "angle": 22.5,
        "axis": "x"
      }
    },
    {
      "from": [
        14.5,
        8.29091,
        6.79072
      ],
      "to": [
        15.700001,
        8.59091,
        7.59072
      ],
      "faces": {
        "east": {
          "uv": [
            6.3125,
            7.8125,
            6.359375,
            7.828125
          ],
          "tintindex": 0,
          "rotation": 0,
          "texture": "#2"
        },
        "north": {
          "uv": [
            7.8125,
            4.125,
            7.890625,
            4.140625
          ],
          "tintindex": 0,
          "rotation": 0,
          "texture": "#2"
        },
        "west": {
          "uv": [
            7.8125,
            6.4375,
            7.859375,
            6.453125
          ],
          "tintindex": 0,
          "rotation": 0,
          "texture": "#2"
        }
      },
      "rotation": {
        "origin": [
          8.0,
          4.325,
          6.1907196
        ],
        "angle": -22.5,
        "axis": "x"
      }
    },
    {
      "from": [
        14.5,
        8.49579,
        12.37315
      ],
      "to": [
        15.700001,
        8.84579,
        12.97315
      ],
      "faces": {
        "east": {
          "uv": [
            7.8125,
            5.5625,
            7.8515625,
            5.5859375
          ],
          "tintindex": 0,
          "rotation": 0,
          "texture": "#2"
        },
        "south": {
          "uv": [
            5.6875,
            7.75,
            5.765625,
            7.7734375
          ],
          "tintindex": 0,
          "rotation": 0,
          "texture": "#2"
        },
        "west": {
          "uv": [
            5.625,
            7.8125,
            5.6640625,
            7.8359375
          ],
          "tintindex": 0,
          "rotation": 0,
          "texture": "#2"
        },
        "up": {
          "uv": [
            7.765625,
            5.5390625,
            7.6875,
            5.5
          ],
          "tintindex": 0,
          "rotation": 0,
          "texture": "#2"
        }
      }
    },
    {
      "from": [
        14.5,
        6.20172,
        5.01136
      ],
      "to": [
        15.700001,
        7.40172,
        5.51136
      ],
      "faces": {
        "east": {
          "uv": [
            2.0625,
            7.6875,
            2.09375,
            7.765625
          ],
          "tintindex": 0,
          "rotation": 0,
          "texture": "#2"
        },
        "west": {
          "uv": [
            3.4375,
            7.6875,
            3.46875,
            7.765625
          ],
          "tintindex": 0,
          "rotation": 0,
          "texture": "#2"
        },
        "down": {
          "uv": [
            7.828125,
            0.5625,
            7.75,
            0.59375
          ],
          "tintindex": 0,
          "rotation": 0,
          "texture": "#2"
        }
      },
      "rotation": {
        "origin": [
          8.0,
          5.60172,
          9.477261
        ],
        "angle": 22.5,
        "axis": "x"
      }
    },
    {
      "from": [
        14.5,
        11.210979,
        3.49506
      ],
      "to": [
        15.700001,
        12.11098,
        3.99506
      ],
      "faces": {
        "east": {
          "uv": [
            6.3125,
            7.75,
            6.34375,
            7.8046875
          ],
          "tintindex": 0,
          "rotation": 0,
          "texture": "#2"
        },
        "west": {
          "uv": [
            7.75,
            6.4375,
            7.78125,
            6.4921875
          ],
          "tintindex": 0,
          "rotation": 0,
          "texture": "#2"
        },