{
  "textures": {
    "0": "xq9rmjx80:tex/kjanzurh",
    "particle": "#0"
  },
  "elements": [
    {
      "from": [
        25.004887,
        -4.6166344,
        15.50501
      ],
      "to": [
        26.33822,
        1.9937401,
        22.081186
      ],
      "faces": {
        "east": {
          "uv": [
            8.0,
            5.0,
            9.25,
            6.25
          ],
          "tintindex": 0,
          "rotation": 0,
          "texture": "#0"
        }
      }
    }
  ],
  "display": {
    "head": {
      "rotation": [
        -33.5316,
        -62.012398,
        -27.099543
      ]
    },
    "firstperson_righthand": {
      "rotation": [
        -33.5316,
        -62.012398,
        -27.099543
      ]
    },
    "thirdperson_lefthand": {
      "rotation": [
        -33.5316,
        62.012398,
        27.099543
      ]
    },
    "firstperson_lefthand": {
      "rotation": [
        -33.5316,
        62.012398,
        27.099543
      ]
    },
    "fixed": {
      "rotation": [
        -33.5316,
        -62.012398,
        -27.099543
      ]
    },
    "ground": {
      "rotation": [
        -33.5316,
        -62.012398,
        -27.099543
      ]
    },
    "thirdperson_righthand": {
      "rotation": [
        -33.5316,
        -62.012398,
        -27.099543
      ]
    },
    "gui": {
      "rotation": [
        -133.94913,
        20.35291,
        177.52142
      ]
    }
  }
}