{
  "textures": {
    "0": "f6o7c9v5q:tex/i9tbmxa3",
    "particle": "#0"
  },
  "elements": [
    {
      "from": [
        7.94791,
        11.63631,
        -13.479509
      ],
      "to": [
        8.78631,
        12.05551,
        -12.641109
      ],
      "faces": {
        "east": {
          "uv": [
            0.0,
            15.0,
            2.0,
            16.0
          ],
          "tintindex": 0,
          "rotation": 0,
          "texture": "#0"
        },
        "south": {
          "uv": [
            0.2438,
            6.6625,
            0.4625,
            6.7937
          ],
          "tintindex": 0,
          "rotation": 0,
          "texture": "#0"
        },
        "north": {
          "uv": [
            0.0,
            15.0,
            2.0,
            16.0
          ],
          "tintindex": 0,
          "rotation": 0,
          "texture": "#0"
        },
        "west": {
          "uv": [
            0.2438,
            6.6625,
            0.4625,
            6.7937
          ],
          "tintindex": 0,
          "rotation": 0,
          "texture": "#0"
        },
        "up": {
          "uv": [
            0.5375,
            6.65625,
            0.6188,
            6.7375
          ],
          "tintindex": 0,
          "rotation": 270,
          "texture": "#0"
        },
        "down": {
          "uv": [
            0.8063,
            6.6563,
            1.025,
            6.8437
          ],
          "tintindex": 0,
          "rotation": 0,
          "texture": "#0"
        }
      },
      "rotation": {
        "origin": [
          7.94791,
          11.63631,
          -13.793911
        ],
        "angle": -45.0,
        "axis": "y"
      }
    },
    {
      "from": [
        7.72559,
        11.635,
        -13.57159
      ],
      "to": [
        8.56399,
        12.05682,
        -12.38604
      ],
      "faces": {
        "east": {
          "uv": [
            0.8063,
            6.6563,
            1.025,
            6.8437
          ],
          "tintindex": 0,
          "rotation": 0,
          "texture": "#0"
        },
        "south": {
          "uv": [
            0.2438,
            6.6625,
            0.4625,
            6.7937
          ],
          "tintindex": 0,
          "rotation": 0,
          "texture": "#0"
        },
        "north": {
          "uv": [
            0.2438,
            6.6625,
            0.4625,
            6.7937
          ],
          "tintindex": 0,
          "rotation": 0,
          "texture": "#0"
        },
        "west": {
          "uv": [
            0.8063,
            6.6563,
            1.025,
            6.8437
          ],
          "tintindex": 0,
          "rotation": 0,
          "texture": "#0"
        },
        "up": {
          "uv": [
            0.63125,
            6.6562,
            0.75625,
            6.8437
          ],
          "tintindex": 0,
          "rotation": 180,
          "texture": "#0"
        },
        "down": {
          "uv": [
            0.8063,
            6.65625,
            1.025,
            6.8437
          ],
          "tintindex": 0,
          "rotation": 180,
          "texture": "#0"
        }
      }
    },
    {
      "from": [
        8.78631,
        11.63631,
        -13.479509
      ],
      "to": [
        9.62471,
        12.05551,
        -12.641109
      ],
      "faces": {
        "east": {
          "uv": [
            0.2438,
            6.6625,
            0.4625,
            6.7937
          ],
          "tintindex": 0,
          "rotation": 0,
          "texture": "#0"
        },
        "south": {
          "uv": [
            0.0,
            15.0,
            2.0,
            16.0
          ],
          "tintindex": 0,
          "rotation": 0,
          "texture": "#0"
        },
        "north": {
          "uv": [
            0.24375,
            6.6625,
            0.4625,
            6.79375
          ],
          "tintindex": 0,
          "rotation": 0,
          "texture": "#0"
        },
        "west": {
          "uv": [
            0.0,
            15.0,
            2.0,
            16.0
          ],
          "tintindex": 0,
          "rotation": 0,
          "texture": "#0"
        },
        "up": {
          "uv": [
            0.5375,
            6.76245,
            0.6188,
            6.84375
          ],
          "tintindex": 0,
          "rotation": 180,
          "texture": "#0"
        },
        "down": {
          "uv": [
            0.8063,
            6.6563,
            1.025,
            6.8437
          ],
          "tintindex": 0,
          "rotation": 0,
          "texture": "#0"
        }
      },
      "rotation": {
        "origin": [
          8.78631,
          11.63631,
          -13.793911
        ],
        "angle": -45.0,
        "axis": "y"
      }
    }
  ],
  "display": {
    "head": {
      "rotation": [
        0.0,
        0.0,
        0.0
      ]
    },
    "firstperson_righthand": {
      "rotation": [
        0.0,
        0.0,
        0.0
      ]
    },
    "thirdperson_lefthand": {
      "rotation": [
        0.0,
        -0.0,
        -0.0
      ]
    },
    "firstperson_lefthand": {
      "rotation": [
        0.0,
        -0.0,
        -0.0
      ]
    },
    "fixed": {
      "rotation": [
        0.0,
        0.0,
        0.0
      ]
    },
    "ground": {
      "rotation": [
        0.0,
        0.0,
        0.0
      ]
    },
    "thirdperson_righthand": {
      "rotation": [
        0.0,
        0.0,
        0.0
      ]
    },
    "gui": {
      "rotation": [
        -150.0,
        -45.0,
        180.0
      ]
    }
  }
}