{
  "textures": {
    "0": "gwjritg0z:tex/qlh8hx27",
    "particle": "#0"
  },
  "elements": [
    {
      "from": [
        5.5,
        2.5,
        5.5
      ],
      "to": [
        10.5,
        13.5,
        10.5
      ],
      "faces": {
        "east": {
          "uv": [
            5.125,
            12.03125,
            5.28125,
            12.375
          ],
          "tintindex": 0,
          "rotation": 0,
          "texture": "#0"
        },
        "west": {
          "uv": [
            5.3125,
            12.03125,
            5.46875,
            12.375
          ],
          "tintindex": 0,
          "rotation": 0,
          "texture": "#0"
        },
        "up": {
          "uv": [
            5.59375,
            12.40625,
            5.75,
            12.5625
          ],
          "tintindex": 0,
          "rotation": 0,
          "texture": "#0"
        },
        "down": {
          "uv": [
            5.78125,
            12.40625,
            5.9375,
            12.5625
          ],
          "tintindex": 0,
          "rotation": 0,
          "texture": "#0"
        }
      }
    },
    {
      "from": [
        5.5,
        5.5,
        2.5
      ],
      "to": [
        10.5,
        10.5,
        13.5
      ],
      "faces": {
        "east": {
          "uv": [
            4.9375,
            12.03125,
            5.09375,
            12.375
          ],
          "tintindex": 0,
          "rotation": 270,
          "texture": "#0"
        },
        "south": {
          "uv": [
            5.21875,
            12.40625,
            5.375,
            12.5625
          ],
          "tintindex": 0,
          "rotation": 0,
          "texture": "#0"
        },
        "north": {
          "uv": [
            5.40625,
            12.40625,
            5.5625,
            12.5625
          ],
          "tintindex": 0,
          "rotation": 180,
          "texture": "#0"
        },
        "west": {
          "uv": [
            5.6875,
            11.28125,
            5.84375,
            11.625
          ],
          "tintindex": 0,
          "rotation": 90,
          "texture": "#0"
        }
      }
    },
    {
      "from": [
        5.4750004,
        2.5,
        2.5
      ],
      "to": [
        10.525,
        13.5,
        13.5
      ],
      "faces": {
        "east": {
          "uv": [
            5.3125,
            11.28125,
            5.65625,
            11.625
          ],
          "tintindex": 0,
          "rotation": 0,
          "texture": "#0"
        },
        "west": {
          "uv": [
            5.3125,
            11.65625,
            5.65625,
            12.0
          ],
          "tintindex": 0,
          "rotation": 0,
          "texture": "#0"
        }
      }
    },
    {
      "from": [
        5.5249996,
        5.875,
        2.35
      ],
      "to": [
        10.475,
        10.125,
        13.65
      ],
      "faces": {
        "east": {
          "uv": [
            5.6875,
            11.65625,
            5.8125,
            12.0
          ],
          "tintindex": 0,
          "rotation": 270,
          "texture": "#0"
        },
        "south": {
          "uv": [
            6.125,
            11.90625,
            6.28125,
            12.03125
          ],
          "tintindex": 0,
          "rotation": 0,
          "texture": "#0"
        },
        "north": {
          "uv": [
            6.125,
            12.0625,
            6.28125,
            12.1875
          ],
          "tintindex": 0,
          "rotation": 180,
          "texture": "#0"
        },
        "west": {
          "uv": [
            5.5,
            12.03125,
            5.625,
            12.375
          ],
          "tintindex": 0,
          "rotation": 90,
          "texture": "#0"
        }
      },
      "rotation": {
        "origin": [
          8.0,
          8.0,
          8.0
        ],
        "angle": 45.0,
        "axis": "x"
      }
    },
    {
      "from": [
        5.5249996,
        2.35,
        5.875
      ],
      "to": [
        10.475,
        13.65,
        10.125
      ],
      "faces": {
        "east": {
          "uv": [
            5.65625,
            12.03125,
            5.78125,
            12.375
          ],
          "tintindex": 0,
          "rotation": 0,
          "texture": "#0"
        },
        "west": {
          "uv": [
            5.8125,
            12.03125,
            5.9375,
            12.375
          ],
          "tintindex": 0,
          "rotation": 0,
          "texture": "#0"
        },
        "up": {
          "uv": [
            6.125,
            12.21875,
            6.28125,
            12.34375
          ],
          "tintindex": 0,
          "rotation": 0,
          "texture": "#0"
        },
        "down": {
          "uv": [
            6.125,
            12.375,
            6.28125,
            12.5
          ],
          "tintindex": 0,
          "rotation": 0,
          "texture": "#0"
        }
      },
      "rotation": {
        "origin": [
          8.0,
          8.0,
          8.0
        ],
        "angle": 45.0,
        "axis": "x"
      }
    }
  ],
  "display": {
    "head": {
      "rotation": [
        0.0,
        0.0,
        0.0
      ]
    },
    "firstperson_righthand": {
      "rotation": [
        0.0,
        0.0,
        0.0
      ]
    },
    "thirdperson_lefthand": {
      "rotation": [
        0.0,
        -0.0,
        -0.0
      ]
    },
    "firstperson_lefthand": {
      "rotation": [
        0.0,
        -0.0,
        -0.0
      ]
    },
    "fixed": {
      "rotation": [
        0.0,
        0.0,
        0.0
      ]
    },
    "ground": {
      "rotation": [
        0.0,
        0.0,
        0.0
      ]
    },
    "thirdperson_righthand": {
      "rotation": [
        0.0,
        0.0,
        0.0
      ]
    },
    "gui": {
      "rotation": [
        -150.0,
        -45.0,
        180.0
      ]
    }
  }
}