{
  "textures": {
    "1": "f6o7c9v5q:tex/1gikiw69",
    "particle": "#1"
  },
  "elements": [
    {
      "from": [
        10.1,
        8.1,
        5.3
      ],
      "to": [
        10.5,
        11.1,
        5.6
      ],
      "faces": {
        "east": {
          "uv": [
            7.296875,
            10.265625,
            7.265625,
            11.303125
          ],
          "tintindex": 0,
          "rotation": 0,
          "texture": "#1"
        },
        "south": {
          "uv": [
            7.296875,
            10.265625,
            7.265625,
            11.303125
          ],
          "tintindex": 0,
          "rotation": 0,
          "texture": "#1"
        },
        "north": {
          "uv": [
            7.296875,
            10.265625,
            7.265625,
            11.303125
          ],
          "tintindex": 0,
          "rotation": 0,
          "texture": "#1"
        },
        "west": {
          "uv": [
            7.296875,
            10.265625,
            7.265625,
            11.303125
          ],
          "tintindex": 0,
          "rotation": 0,
          "texture": "#1"
        },
        "up": {
          "uv": [
            7.296875,
            10.265625,
            7.265625,
            11.303125
          ],
          "tintindex": 0,
          "rotation": 0,
          "texture": "#1"
        },
        "down": {
          "uv": [
            7.296875,
            10.265625,
            7.265625,
            11.303125
          ],
          "tintindex": 0,
          "rotation": 0,
          "texture": "#1"
        }
      },
      "rotation": {
        "origin": [
          9.3,
          8.6,
          3.6
        ],
        "angle": 45.0,
        "axis": "z"
      }
    },
    {
      "from": [
        10.0,
        9.299999,
        5.2000003
      ],
      "to": [
        10.6,
        9.9,
        5.7000003
      ],
      "faces": {
        "east": {
          "uv": [
            7.3,
            10.890625,
            7.265625,
            11.034375
          ],
          "tintindex": 0,
          "rotation": 0,
          "texture": "#1"
        },
        "south": {
          "uv": [
            7.3,
            10.890625,
            7.265625,
            11.034375
          ],
          "tintindex": 0,
          "rotation": 0,
          "texture": "#1"
        },
        "north": {
          "uv": [
            7.3,
            10.890625,
            7.265625,
            11.034375
          ],
          "tintindex": 0,
          "rotation": 0,
          "texture": "#1"
        },
        "west": {
          "uv": [
            7.3,
            10.890625,
            7.265625,
            11.034375
          ],
          "tintindex": 0,
          "rotation": 0,
          "texture": "#1"
        },
        "up": {
          "uv": [
            7.3,
            10.890625,
            7.265625,
            11.034375
          ],
          "tintindex": 0,
          "rotation": 0,
          "texture": "#1"
        },
        "down": {
          "uv": [
            7.3,
            10.890625,
            7.265625,
            11.034375
          ],
          "tintindex": 0,
          "rotation": 0,
          "texture": "#1"
        }
      },
      "rotation": {
        "origin": [
          9.3,
          8.6,
          3.6
        ],
        "angle": 45.0,
        "axis": "z"
      }
    },
    {
      "from": [
        10.125,
        6.3,
        5.35
      ],
      "to": [
        10.425,
        12.9,
        5.55
      ],
      "faces": {
        "east": {
          "uv": [
            7.296875,
            10.265625,
            7.265625,
            11.303125
          ],
          "tintindex": 0,
          "rotation": 0,
          "texture": "#1"
        },
        "south": {
          "uv": [
            7.296875,
            10.265625,
            7.265625,
            11.303125
          ],
          "tintindex": 0,
          "rotation": 0,
          "texture": "#1"
        },
        "north": {
          "uv": [
            7.296875,
            10.265625,
            7.265625,
            11.303125
          ],
          "tintindex": 0,
          "rotation": 0,
          "texture": "#1"
        },
        "west": {
          "uv": [
            7.296875,
            10.265625,
            7.265625,
            11.303125
          ],
          "tintindex": 0,
          "rotation": 0,
          "texture": "#1"
        },
        "up": {
          "uv": [
            7.296875,
            10.265625,
            7.265625,
            11.303125
          ],
          "tintindex": 0,
          "rotation": 0,
          "texture": "#1"
        },
        "down": {
          "uv": [
            7.296875,
            10.265625,
            7.265625,
            11.303125
          ],
          "tintindex": 0,
          "rotation": 0,
          "texture": "#1"
        }
      },
      "rotation": {
        "origin": [
          9.2,
          8.6,
          3.6
        ],
        "angle": 45.0,
        "axis": "z"
      }
    },
    {
      "from": [
        10.15,
        5.0,
        5.4
      ],
      "to": [
        10.35,
        14.200001,
        5.5
      ],
      "faces": {
        "east": {
          "uv": [
            7.296875,
            10.265625,
            7.265625,
            11.303125
          ],
          "tintindex": 0,
          "rotation": 0,
          "texture": "#1"
        },
        "south": {
          "uv": [
            7.296875,
            10.265625,
            7.265625,
            11.303125
          ],
          "tintindex": 0,
          "rotation": 0,
          "texture": "#1"
        },
        "north": {
          "uv": [
            7.296875,
            10.265625,
            7.265625,
            11.303125
          ],
          "tintindex": 0,
          "rotation": 0,
          "texture": "#1"
        },
        "west": {
          "uv": [
            7.296875,
            10.265625,
            7.265625,
            11.303125
          ],
          "tintindex": 0,
          "rotation": 0,
          "texture": "#1"
        },
        "up": {
          "uv": [
            7.296875,
            10.265625,
            7.265625,
            11.303125
          ],
          "tintindex": 0,
          "rotation": 0,
          "texture": "#1"
        },
        "down": {
          "uv": [
            7.296875,
            10.265625,
            7.265625,
            11.303125
          ],
          "tintindex": 0,
          "rotation": 0,
          "texture": "#1"
        }
      },
      "rotation": {
        "origin": [
          9.1,
          8.6,
          3.6
        ],
        "angle": 45.0,
        "axis": "z"
      }
    },
    {
      "from": [
        10.1,
        9.4,
        5.1
      ],
      "to": [
        10.5,
        9.799999,
        5.2000003
      ],
      "faces": {
        "east": {
          "uv": [
            7.265625,
            11.515625,
            7.359375,
            11.615625
          ],
          "tintindex": 0,
          "rotation": 0,
          "texture": "#1"
        },
        "south": {
          "uv": [
            7.265625,
            11.515625,
            7.359375,
            11.615625
          ],
          "tintindex": 0,
          "rotation": 0,
          "texture": "#1"
        },
        "north": {
          "uv": [
            7.265625,
            11.515625,
            7.359375,
            11.615625
          ],
          "tintindex": 0,
          "rotation": 0,
          "texture": "#1"
        },
        "west": {
          "uv": [
            7.265625,
            11.515625,
            7.359375,
            11.615625
          ],
          "tintindex": 0,
          "rotation": 0,
          "texture": "#1"
        },
        "up": {
          "uv": [
            7.265625,
            11.515625,
            7.359375,
            11.615625
          ],
          "tintindex": 0,