{
  "textures": {
    "0": "xq9rmjx80:tex/kjanzurh",
    "particle": "#0"
  },
  "elements": [
    {
      "from": [
        -7.4888706,
        -2.6487808,
        6.9656715
      ],
      "to": [
        -7.1780167,
        -0.9821148,
        16.57264
      ],
      "faces": {
        "down": {
          "uv": [
            1.625,
            11.1875,
            1.5625,
            13.0
          ],
          "tintindex": 0,
          "rotation": 0,
          "texture": "#0"
        }
      }
    },
    {
      "from": [
        -7.1780167,
        -2.6487808,
        8.215672
      ],
      "to": [
        -6.8030167,
        -0.9821148,
        16.405972
      ],
      "faces": {
        "down": {
          "uv": [
            10.1875,
            11.25,
            10.125,
            12.8125
          ],
          "tintindex": 0,
          "rotation": 0,
          "texture": "#0"
        }
      }
    }
  ],
  "display": {
    "head": {
      "rotation": [
        -47.801426,
        61.036762,
        -1.3576401e-05
      ]
    },
    "firstperson_righthand": {
      "rotation": [
        -47.801426,
        61.036762,
        -1.3576401e-05
      ]
    },
    "thirdperson_lefthand": {
      "rotation": [
        -47.801426,
        -61.036762,
        1.3576401e-05
      ]
    },
    "firstperson_lefthand": {
      "rotation": [
        -47.801426,
        -61.036762,
        1.3576401e-05
      ]
    },
    "fixed": {
      "rotation": [
        -47.801426,
        61.036762,
        -1.3576401e-05
      ]
    },
    "ground": {
      "rotation": [
        -47.801426,
        61.036762,
        -1.3576401e-05
      ]
    },
    "thirdperson_righthand": {
      "rotation": [
        -47.801426,
        61.036762,
        -1.3576401e-05
      ]
    },
    "gui": {
      "rotation": [
        -12.707064,
        -58.067352,
        -82.05093
      ]
    }
  }
}