{
  "textures": {
    "0": "xq9rmjx80:tex/kjanzurh",
    "particle": "#0"
  },
  "elements": [
    {
      "from": [
        25.745094,
        -4.7598715,
        15.731519
      ],
      "to": [
        27.078426,
        -3.6973715,
        16.707945
      ],
      "faces": {
        "east": {
          "uv": [
            11.5625,
            11.875,
            11.75,
            12.0625
          ],
          "tintindex": 0,
          "rotation": 0,
          "texture": "#0"
        }
      }
    },
    {
      "from": [
        25.745092,
        -5.3432064,
        15.731519
      ],
      "to": [
        27.078426,
        -4.0932064,
        15.978779
      ],
      "faces": {
        "east": {
          "uv": [
            6.5625,
            12.0625,
            6.625,
            12.3125
          ],
          "tintindex": 0,
          "rotation": 0,
          "texture": "#0"
        }
      }
    }
  ],
  "display": {
    "head": {
      "rotation": [
        -1.7769442,
        -67.96726,
        -0.0044359197
      ]
    },
    "firstperson_righthand": {
      "rotation": [
        -1.7769442,
        -67.96726,
        -0.0044359197
      ]
    },
    "thirdperson_lefthand": {
      "rotation": [
        -1.7769442,
        67.96726,
        0.0044359197
      ]
    },
    "firstperson_lefthand": {
      "rotation": [
        -1.7769442,
        67.96726,
        0.0044359197
      ]
    },
    "fixed": {
      "rotation": [
        -1.7769442,
        -67.96726,
        -0.0044359197
      ]
    },
    "ground": {
      "rotation": [
        -1.7769442,
        -67.96726,
        -0.0044359197
      ]
    },
    "thirdperson_righthand": {
      "rotation": [
        -1.7769442,
        -67.96726,
        -0.0044359197
      ]
    },
    "gui": {
      "rotation": [
        -149.27606,
        22.975199,
        -178.63977
      ]
    }
  }
}