{
  "textures": {
    "0": "gwjritg0z:tex/qlh8hx27",
    "particle": "#0"
  },
  "elements": [
    {
      "from": [
        5.368693,
        1.7692752,
        16.896568
      ],
      "to": [
        10.868693,
        4.2692757,
        17.371569
      ],
      "faces": {
        "south": {
          "uv": [
            1.09375,
            8.09375,
            1.4375,
            8.25
          ],
          "tintindex": 0,
          "rotation": 0,
          "texture": "#0"
        },
        "down": {
          "uv": [
            9.59375,
            7.46875,
            9.25,
            7.5
          ],
          "tintindex": 0,
          "rotation": 0,
          "texture": "#0"
        }
      }
    }
  ],
  "display": {
    "head": {
      "rotation": [
        -41.875305,
        38.480892,
        97.14156
      ]
    },
    "firstperson_righthand": {
      "rotation": [
        -41.875305,
        38.480892,
        97.14156
      ]
    },
    "thirdperson_lefthand": {
      "rotation": [
        -41.875305,
        -38.480892,
        -97.14156
      ]
    },
    "firstperson_lefthand": {
      "rotation": [
        -41.875305,
        -38.480892,
        -97.14156
      ]
    },
    "fixed": {
      "rotation": [
        -41.875305,
        38.480892,
        97.14156
      ]
    },
    "ground": {
      "rotation": [
        -41.875305,
        38.480892,
        97.14156
      ]
    },
    "thirdperson_righthand": {
      "rotation": [
        -41.875305,
        38.480892,
        97.14156
      ]
    },
    "gui": {
      "rotation": [
        -56.950428,
        -58.447495,
        -18.435266
      ]
    }
  }
}