{
  "textures": {
    "0": "xq9rmjx80:tex/kjanzurh",
    "particle": "#0"
  },
  "elements": [
    {
      "from": [
        8.0,
        5.6666665,
        -3.5084496
      ],
      "to": [
        9.333333,
        8.0,
        8.0
      ],
      "faces": {
        "west": {
          "uv": [
            8.375,
            4.25,
            10.5625,
            4.6875
          ],
          "tintindex": 0,
          "rotation": 0,
          "texture": "#0"
        }
      }
    }
  ],
  "display": {
    "head": {
      "rotation": [
        -10.235193,
        -0.0051194513,
        -0.24611615
      ]
    },
    "firstperson_righthand": {
      "rotation": [
        -10.235193,
        -0.0051194513,
        -0.24611615
      ]
    },
    "thirdperson_lefthand": {
      "rotation": [
        -10.235193,
        0.0051194513,
        0.24611615
      ]
    },
    "firstperson_lefthand": {
      "rotation": [
        -10.235193,
        0.0051194513,
        0.24611615
      ]
    },
    "fixed": {
      "rotation": [
        -10.235193,
        -0.0051194513,
        -0.24611615
      ]
    },
    "ground": {
      "rotation": [
        -10.235193,
        -0.0051194513,
        -0.24611615
      ]
    },
    "thirdperson_righthand": {
      "rotation": [
        -10.235193,
        -0.0051194513,
        -0.24611615
      ]
    },
    "gui": {
      "rotation": [
        -135.67665,
        -44.090298,
        -170.17131
      ]
    }
  }
}