{
  "textures": {
    "0": "xq9rmjx80:tex/kjanzurh",
    "particle": "#0"
  },
  "elements": [
    {
      "from": [
        7.125,
        3.7000008,
        -9.999996
      ],
      "to": [
        8.875,
        5.450001,
        4.0
      ],
      "faces": {
        "east": {
          "uv": [
            8.375,
            4.75,
            9.25,
            4.875
          ],
          "tintindex": 0,
          "rotation": 0,
          "texture": "#0"
        },
        "north": {
          "uv": [
            12.0625,
            11.6875,
            12.1875,
            11.8125
          ],
          "tintindex": 0,
          "rotation": 0,
          "texture": "#0"
        },
        "west": {
          "uv": [
            11.1875,
            10.1875,
            12.0625,
            10.3125
          ],
          "tintindex": 0,
          "rotation": 0,
          "texture": "#0"
        },
        "up": {
          "uv": [
            4.125,
            9.8125,
            4.0,
            8.9375
          ],
          "tintindex": 0,
          "rotation": 0,
          "texture": "#0"
        },
        "down": {
          "uv": [
            8.0,
            11.25,
            7.875,
            12.125
          ],
          "tintindex": 0,
          "rotation": 0,
          "texture": "#0"
        }
      },
      "rotation": {
        "origin": [
          8.0,
          4.575001,
          3.0
        ],
        "angle": 45.0,
        "axis": "z"
      }
    },
    {
      "from": [
        6.4467,
        2.5750008,
        3.2000008
      ],
      "to": [
        9.5533,
        6.575001,
        7.200001
      ],
      "faces": {
        "east": {
          "uv": [
            2.9375,
            11.75,
            3.1875,
            12.0
          ],
          "tintindex": 0,
          "rotation": 0,
          "texture": "#0"
        },
        "north": {
          "uv": [
            11.3125,
            11.8125,
            11.5,
            12.0625
          ],
          "tintindex": 0,
          "rotation": 0,
          "texture": "#0"
        },
        "west": {
          "uv": [
            3.375,
            11.75,
            3.625,
            12.0
          ],
          "tintindex": 0,
          "rotation": 0,
          "texture": "#0"
        },
        "down": {
          "uv": [
            12.0,
            11.375,
            11.8125,
            11.625
          ],
          "tintindex": 0,
          "rotation": 0,
          "texture": "#0"
        }
      },
      "rotation": {
        "origin": [
          8.0,
          4.575001,
          5.200001
        ],
        "angle": 45.0,
        "axis": "x"
      }
    },
    {
      "from": [
        4.25,
        -1.4399986,
        6.446701
      ],
      "to": [
        11.75,
        8.935001,
        9.553299
      ],
      "faces": {
        "east": {
          "uv": [
            9.125,
            11.1875,
            9.3125,
            11.8125
          ],
          "tintindex": 0,
          "rotation": 0,
          "texture": "#0"
        },
        "west": {
          "uv": [
            11.1875,
            9.125,
            11.375,
            9.75
          ],
          "tintindex": 0,
          "rotation": 0,
          "texture": "#0"
        }
      }
    },
    {
      "from": [
        6.4467,
        -1.4399986,
        4.25
      ],
      "to": [
        9.5533,
        8.935001,
        11.75
      ],
      "faces": {
        "north": {
          "uv": [
            6.125,
            11.0,
            6.3125,
            11.625
          ],
          "tintindex": 0,
          "rotation": 0,
          "texture": "#0"
        }
      },
      "rotation": {
        "origin": [
          8.0,
          8.0,
          8.0
        ],
        "angle": 45.0,
        "axis": "y"
      }
    },
    {
      "from": [
        4.25,
        -1.4399986,
        6.446701
      ],
      "to": [
        11.75,
        8.935001,
        9.553299
      ],
      "faces": {
        "east": {
          "uv": [
            8.875,
            11.1875,
            9.0625,
            11.8125
          ],
          "tintindex": 0,
          "rotation": 0,
          "texture": "#0"
        }
      },
      "rotation": {
        "origin": [
          8.0,
          8.0,
          8.0
        ],
        "angle": 45.0,
        "axis": "y"
      }
    },
    {
      "from": [
        6.4467,
        -1.4399986,
        4.25
      ],
      "to": [
        9.5533,
        8.935001,
        11.75
      ],
      "faces": {
        "north": {
          "uv": [
            8.625,
            11.1875,
            8.8125,
            11.8125
          ],
          "tintindex": 0,
          "rotation": 0,
          "texture": "#0"
        }
      }
    }
  ],
  "display": {
    "head": {
      "rotation": [
        0.0,
        0.0,
        0.0
      ]
    },
    "firstperson_righthand": {
      "rotation": [
        0.0,
        0.0,
        0.0
      ]
    },
    "thirdperson_lefthand": {
      "rotation": [
        0.0,
        -0.0,
        -0.0
      ]
    },
    "firstperson_lefthand": {
      "rotation": [
        0.0,
        -0.0,
        -0.0
      ]
    },
    "fixed": {
      "rotation": [
        0.0,
        0.0,
        0.0
      ]
    },
    "ground": {
      "rotation": [
        0.0,
        0.0,
        0.0
      ]
    },
    "thirdperson_righthand": {
      "rotation": [
        0.0,
        0.0,
        0.0
      ]
    },
    "gui": {
      "rotation": [
        -150.0,
        -45.0,
        180.0
      ]
    }
  }
}