{
  "textures": {
    "0": "xq9rmjx80:tex/kjanzurh",
    "particle": "#0"
  },
  "elements": [
    {
      "from": [
        6.674902,
        -4.6296453,
        17.341187
      ],
      "to": [
        8.008235,
        6.0370207,
        28.666594
      ],
      "faces": {
        "east": {
          "uv": [
            4.375,
            2.0,
            6.5,
            4.0
          ],
          "tintindex": 0,
          "rotation": 0,
          "texture": "#0"
        }
      }
    }
  ],
  "display": {
    "head": {
      "rotation": [
        0.22716922,
        -0.05034357,
        -0.0008004018
      ]
    },
    "firstperson_righthand": {
      "rotation": [
        0.22716922,
        -0.05034357,
        -0.0008004018
      ]
    },
    "thirdperson_lefthand": {
      "rotation": [
        0.22716922,
        0.05034357,
        0.0008004018
      ]
    },
    "firstperson_lefthand": {
      "rotation": [
        0.22716922,
        0.05034357,
        0.0008004018
      ]
    },
    "fixed": {
      "rotation": [
        0.22716922,
        -0.05034357,
        -0.0008004018
      ]
    },
    "ground": {
      "rotation": [
        0.22716922,
        -0.05034357,
        -0.0008004018
      ]
    },
    "thirdperson_righthand": {
      "rotation": [
        0.22716922,
        -0.05034357,
        -0.0008004018
      ]
    },
    "gui": {
      "rotation": [
        -150.32098,
        -44.949207,
        179.77223
      ]
    }
  }
}