{
  "textures": {
    "0": "xq9rmjx80:tex/kjanzurh",
    "particle": "#0"
  },
  "elements": [
    {
      "from": [
        6.6665335,
        13.189783,
        30.788052
      ],
      "to": [
        7.999847,
        13.851347,
        31.823637
      ],
      "faces": {
        "east": {
          "uv": [
            12.0,
            9.3125,
            12.1875,
            9.4375
          ],
          "tintindex": 0,
          "rotation": 0,
          "texture": "#0"
        }
      }
    }
  ],
  "display": {
    "head": {
      "rotation": [
        44.97718,
        -0.035609934,
        0.035581574
      ]
    },
    "firstperson_righthand": {
      "rotation": [
        44.97718,
        -0.035609934,
        0.035581574
      ]
    },
    "thirdperson_lefthand": {
      "rotation": [
        44.97718,
        0.035609934,
        -0.035581574
      ]
    },
    "firstperson_lefthand": {
      "rotation": [
        44.97718,
        0.035609934,
        -0.035581574
      ]
    },
    "fixed": {
      "rotation": [
        44.97718,
        -0.035609934,
        0.035581574
      ]
    },
    "ground": {
      "rotation": [
        44.97718,
        -0.035609934,
        0.035581574
      ]
    },
    "thirdperson_righthand": {
      "rotation": [
        44.97718,
        -0.035609934,
        0.035581574
      ]
    },
    "gui": {
      "rotation": [
        155.30963,
        -29.984093,
        144.79382
      ]
    }
  }
}