{
  "textures": {
    "0": "jsmakehbp:tex/is9x5lvj",
    "particle": "#0"
  },
  "elements": [
    {
      "from": [
        0.0,
        5.721825,
        12.0
      ],
      "to": [
        5.5,
        10.278175,
        13.5
      ],
      "faces": {
        "east": {
          "uv": [
            8.5,
            8.65625,
            8.59375,
            8.9375
          ],
          "tintindex": 0,
          "rotation": 0,
          "texture": "#0"
        },
        "south": {
          "uv": [
            3.5625,
            7.9375,
            3.90625,
            8.21875
          ],
          "tintindex": 0,
          "rotation": 0,
          "texture": "#0"
        },
        "north": {
          "uv": [
            4.28125,
            3.625,
            4.625,
            3.90625
          ],
          "tintindex": 0,
          "rotation": 0,
          "texture": "#0"
        },
        "west": {
          "uv": [
            8.59375,
            8.65625,
            8.6875,
            8.9375
          ],
          "tintindex": 0,
          "rotation": 0,
          "texture": "#0"
        },
        "up": {
          "uv": [
            4.625,
            4.0,
            4.28125,
            3.90625
          ],
          "tintindex": 0,
          "rotation": 0,
          "texture": "#0"
        },
        "down": {
          "uv": [
            4.65625,
            5.09375,
            4.3125,
            5.1875
          ],
          "tintindex": 0,
          "rotation": 0,
          "texture": "#0"
        }
      },
      "rotation": {
        "origin": [
          8.5,
          8.0,
          8.5
        ],
        "angle": 45.0,
        "axis": "x"
      }
    },
    {
      "from": [
        -11.0,
        11.5,
        6.2218246
      ],
      "to": [
        5.5,
        13.5,
        10.778175
      ],
      "faces": {
        "east": {
          "uv": [
            8.53125,
            5.65625,
            8.8125,
            5.78125
          ],
          "tintindex": 0,
          "rotation": 0,
          "texture": "#0"
        },
        "south": {
          "uv": [
            3.28125,
            7.53125,
            4.3125,
            7.65625
          ],
          "tintindex": 0,
          "rotation": 0,
          "texture": "#0"
        },
        "north": {
          "uv": [
            7.5,
            4.875,
            8.53125,
            5.0
          ],
          "tintindex": 0,
          "rotation": 0,
          "texture": "#0"
        },
        "west": {
          "uv": [
            8.53125,
            5.78125,
            8.8125,
            5.90625
          ],
          "tintindex": 0,
          "rotation": 0,
          "texture": "#0"
        },
        "up": {
          "uv": [
            7.09375,
            3.3125,
            6.0625,
            3.03125
          ],
          "tintindex": 0,
          "rotation": 0,
          "texture": "#0"
        },
        "down": {
          "uv": [
            7.09375,
            3.3125,
            6.0625,
            3.59375
          ],
          "tintindex": 0,
          "rotation": 0,
          "texture": "#0"
        }
      }
    },
    {
      "from": [
        1.5,
        11.5,
        6.2218246
      ],
      "to": [
        5.5,
        13.0,
        10.778175
      ],
      "faces": {
        "east": {
          "uv": [
            8.53125,
            4.875,
            8.8125,
            5.0
          ],
          "tintindex": 0,
          "rotation": 0,
          "texture": "#0"
        },
        "south": {
          "uv": [
            5.78125,
            8.59375,
            6.03125,
            8.71875
          ],
          "tintindex": 0,
          "rotation": 0,
          "texture": "#0"
        },
        "north": {
          "uv": [
            2.28125,
            6.28125,
            2.53125,
            6.40625
          ],
          "tintindex": 0,
          "rotation": 0,
          "texture": "#0"
        },
        "west": {
          "uv": [
            8.53125,
            5.53125,
            8.8125,
            5.65625
          ],
          "tintindex": 0,
          "rotation": 0,
          "texture": "#0"
        },
        "up": {
          "uv": [
            6.90625,
            8.4375,
            6.65625,
            8.15625
          ],
          "tintindex": 0,
          "rotation": 0,
          "texture": "#0"
        },
        "down": {
          "uv": [
            7.15625,
            8.1875,
            6.90625,
            8.46875
          ],
          "tintindex": 0,
          "rotation": 0,
          "texture": "#0"
        }
      },
      "rotation": {
        "origin": [
          8.5,
          8.0,
          8.5
        ],
        "angle": 45.0,
        "axis": "x"
      }
    }
  ],
  "display": {
    "head": {
      "rotation": [
        0.0,
        0.0,
        0.0
      ]
    },
    "firstperson_righthand": {
      "rotation": [
        0.0,
        0.0,
        0.0
      ]
    },
    "thirdperson_lefthand": {
      "rotation": [
        0.0,
        -0.0,
        -0.0
      ]
    },
    "firstperson_lefthand": {
      "rotation": [
        0.0,
        -0.0,
        -0.0
      ]
    },
    "fixed": {
      "rotation": [
        0.0,
        0.0,
        0.0
      ]
    },
    "ground": {
      "rotation": [
        0.0,
        0.0,
        0.0
      ]
    },
    "thirdperson_righthand": {
      "rotation": [
        0.0,
        0.0,
        0.0
      ]
    },
    "gui": {
      "rotation": [
        -150.0,
        -45.0,
        180.0
      ]
    }
  }
}