{
  "textures": {
    "0": "gwjritg0z:tex/qlh8hx27",
    "particle": "#0"
  },
  "elements": [
    {
      "from": [
        19.489363,
        17.939274,
        14.665762
      ],
      "to": [
        20.814362,
        19.264273,
        19.165762
      ],
      "faces": {
        "east": {
          "uv": [
            5.75,
            1.59375,
            6.1875,
            1.71875
          ],
          "tintindex": 0,
          "rotation": 0,
          "texture": "#0"
        },
        "up": {
          "uv": [
            5.84375,
            8.25,
            5.71875,
            7.8125
          ],
          "tintindex": 0,
          "rotation": 0,
          "texture": "#0"
        }
      }
    }
  ],
  "display": {
    "head": {
      "rotation": [
        17.499998,
        -18.750002,
        -6.771307e-07
      ]
    },
    "firstperson_righthand": {
      "rotation": [
        17.499998,
        -18.750002,
        -6.771307e-07
      ]
    },
    "thirdperson_lefthand": {
      "rotation": [
        17.499998,
        18.750002,
        6.771307e-07
      ]
    },
    "firstperson_lefthand": {
      "rotation": [
        17.499998,
        18.750002,
        6.771307e-07
      ]
    },
    "fixed": {
      "rotation": [
        17.499998,
        -18.750002,
        -6.771307e-07
      ]
    },
    "ground": {
      "rotation": [
        17.499998,
        -18.750002,
        -6.771307e-07
      ]
    },
    "thirdperson_righthand": {
      "rotation": [
        17.499998,
        -18.750002,
        -6.771307e-07
      ]
    },
    "gui": {
      "rotation": [
        -168.20357,
        -24.286427,
        166.51
      ]
    }
  }
}