{
  "textures": {
    "0": "5exp3rjkn:tex/irnif5a0",
    "particle": "#0"
  },
  "elements": [
    {
      "from": [
        6.0,
        6.1360397,
        3.5
      ],
      "to": [
        10.0,
        9.86396,
        12.5
      ],
      "faces": {
        "east": {
          "uv": [
            8.3125,
            4.1875,
            7.75,
            4.4375
          ],
          "tintindex": 0,
          "rotation": 0,
          "texture": "#0"
        },
        "south": {
          "uv": [
            7.0,
            9.0,
            6.75,
            9.25
          ],
          "tintindex": 0,
          "rotation": 0,
          "texture": "#0"
        },
        "north": {
          "uv": [
            3.25,
            9.0,
            3.0,
            9.25
          ],
          "tintindex": 0,
          "rotation": 0,
          "texture": "#0"
        },
        "west": {
          "uv": [
            1.4375,
            7.75,
            0.875,
            8.0
          ],
          "tintindex": 0,
          "rotation": 0,
          "texture": "#0"
        }
      }
    },
    {
      "from": [
        10.0625,
        3.5,
        6.1360397
      ],
      "to": [
        10.0625,
        4.5,
        9.86396
      ],
      "faces": {
        "east": {
          "uv": [
            9.9375,
            9.5625,
            9.6875,
            9.625
          ],
          "tintindex": 0,
          "rotation": 0,
          "texture": "#0"
        }
      },
      "rotation": {
        "origin": [
          10.5625,
          8.0,
          8.0
        ],
        "angle": 45.0,
        "axis": "x"
      }
    },
    {
      "from": [
        10.0625,
        6.1360397,
        11.5
      ],
      "to": [
        10.0625,
        9.86396,
        12.5
      ],
      "faces": {
        "east": {
          "uv": [
            4.125,
            9.6875,
            4.0625,
            9.9375
          ],
          "tintindex": 0,
          "rotation": 0,
          "texture": "#0"
        }
      },
      "rotation": {
        "origin": [
          10.5625,
          8.0,
          8.0
        ],
        "angle": 45.0,
        "axis": "x"
      }
    },
    {
      "from": [
        10.0625,
        6.1360397,
        11.5
      ],
      "to": [
        10.0625,
        9.86396,
        12.5
      ],
      "faces": {
        "east": {
          "uv": [
            4.5625,
            9.6875,
            4.5,
            9.9375
          ],
          "tintindex": 0,
          "rotation": 0,
          "texture": "#0"
        }
      }
    },
    {
      "from": [
        6.0,
        3.5,
        6.1360397
      ],
      "to": [
        10.0,
        12.5,
        9.86396
      ],
      "faces": {
        "east": {
          "uv": [
            0.75,
            7.8125,
            0.5,
            8.375
          ],
          "tintindex": 0,
          "rotation": 0,
          "texture": "#0"
        },
        "west": {
          "uv": [
            3.9375,
            7.75,
            3.6875,
            8.3125
          ],
          "tintindex": 0,
          "rotation": 0,
          "texture": "#0"
        },
        "up": {
          "uv": [
            9.25,
            7.3125,
            9.0,
            7.5625
          ],
          "tintindex": 0,
          "rotation": 0,
          "texture": "#0"
        },
        "down": {
          "uv": [
            9.25,
            7.5625,
            9.0,
            7.8125
          ],
          "tintindex": 0,
          "rotation": 0,
          "texture": "#0"
        }
      },
      "rotation": {
        "origin": [
          6.5,
          8.0,
          8.0
        ],
        "angle": 45.0,
        "axis": "x"
      }
    },
    {
      "from": [
        10.0625,
        11.5,
        6.1360397
      ],
      "to": [
        10.0625,
        12.5,
        9.86396
      ],
      "faces": {
        "east": {
          "uv": [
            2.5625,
            9.75,
            2.3125,
            9.8125
          ],
          "tintindex": 0,
          "rotation": 0,
          "texture": "#0"
        }
      },
      "rotation": {
        "origin": [
          10.5625,
          8.0,
          8.0
        ],
        "angle": 45.0,
        "axis": "x"
      }
    },
    {
      "from": [
        10.0625,
        3.5,
        6.1360397
      ],
      "to": [
        10.0625,
        4.5,
        9.86396
      ],
      "faces": {
        "east": {
          "uv": [
            1.6875,
            9.75,
            1.4375,
            9.8125
          ],
          "tintindex": 0,
          "rotation": 0,
          "texture": "#0"
        }
      }
    },
    {
      "from": [
        6.0,
        6.1360397,
        3.5
      ],
      "to": [
        10.0,
        9.86396,
        12.5
      ],
      "faces": {
        "east": {
          "uv": [
            8.25,
            6.0625,
            7.6875,
            6.3125
          ],
          "tintindex": 0,
          "rotation": 0,
          "texture": "#0"
        },
        "south": {
          "uv": [
            1.4375,
            9.0,
            1.1875,
            9.25
          ],
          "tintindex": 0,
          "rotation": 0,
          "texture": "#0"
        },
        "north": {
          "uv": [
            1.0,
            9.0,
            0.75,
            9.25
          ],
          "tintindex": 0,
          "rotation": 0,
          "texture": "#0"
        },
        "west": {
          "uv": [
            8.25,
            5.8125,
            7.6875,
            6.0625
          ],
          "tintindex": 0,
          "rotation": 0,
          "texture": "#0"
        }
      },
      "rotation": {
        "origin": [
          6.5,
          8.0,
          8.0
        ],
        "angle": 45.0,
        "axis": "x"
      }
    },
    {
      "from": [
        10.0,
        6.125,
        6.125
      ],
      "to": [
        10.25,
        9.875,
        9.875
      ],
      "faces": {
        "east": {
          "uv": [
            9.25,
            8.875,
            9.0,
            9.125
          ],
          "tintindex": 0,
          "rotation": 0,
          "texture": "#0"
        },
        "south": {
          "uv": [
            4.6875,
            9.6875,
            4.625,
            9.9375
          ],
          "tintindex": 0,
          "rotation": 0,
          "texture": "#0"
        },
        "north": {
          "uv": [
            4.625,
            9.6875,
            4.5625,
            9.9375
          ],
          "tintindex": 0,
          "rotation": 0,
          "texture": "#0"
        },
        "up": {
          "uv": [
            7.4375,
            9.6875,
            7.375,
            9.9375
          ],
          "tintindex": 0,
          "rotation": 0,
          "texture": "#0"
        },
        "down": {
          "uv": [
            7.5,
            9.6875,
            7.4375,
            9.9375
          ],
          "tintindex": 0,
          "rotation": 0,
          "texture": "#0"
        }
      },
      "rotation": {
        "origin": [
          11.0,
          8.0,
          8.0
        ],
        "angle": 45.0,
        "axis": "x"
      }
    },
    {
      "from": [
        6.0,
        3.5,
        6.1360397
      ],
      "to": [
        10.0,
        12.5,
        9.86396
      ],
      "faces": {
        "east": {
          "uv": [
            4.4375,
            7.8125,
            4.1875,
            8.375
          ],
          "tintindex": 0,
          "rotation": 0,
          "texture": "#0"
        },
        "west": {
          "uv": [
            4.1875,
            7.8125,
            3.9375,
            8.375
          ],
          "tintindex": 0,
          "rotation": 0,
          "texture": "#0"
        },
        "up": {
          "uv": [
            9.25,
            7.8125,
            9.0,
            8.0625
          ],
          "tintindex": 0,