{
  "textures": {
    "0": "5exp3rjkn:tex/6lbo7w2b",
    "particle": "#0"
  },
  "elements": [
    {
      "from": [
        5.0,
        2.0,
        6.514717
      ],
      "to": [
        6.0,
        14.0,
        11.485283
      ],
      "faces": {
        "east": {
          "uv": [
            3.03125,
            5.40625,
            3.1875,
            5.78125
          ],
          "tintindex": 0,
          "rotation": 0,
          "texture": "#0"
        },
        "south": {
          "uv": [
            1.75,
            8.59375,
            1.78125,
            8.96875
          ],
          "tintindex": 0,
          "rotation": 0,
          "texture": "#0"
        },
        "north": {
          "uv": [
            3.21875,
            7.4375,
            3.25,
            7.8125
          ],
          "tintindex": 0,
          "rotation": 0,
          "texture": "#0"
        },
        "west": {
          "uv": [
            5.4375,
            7.25,
            5.59375,
            7.625
          ],
          "tintindex": 0,
          "rotation": 0,
          "texture": "#0"
        },
        "up": {
          "uv": [
            4.75,
            9.3125,
            4.71875,
            9.15625
          ],
          "tintindex": 0,
          "rotation": 0,
          "texture": "#0"
        },
        "down": {
          "uv": [
            6.78125,
            9.15625,
            6.75,
            9.3125
          ],
          "tintindex": 0,
          "rotation": 0,
          "texture": "#0"
        }
      },
      "rotation": {
        "origin": [
          7.0,
          8.0,
          9.0
        ],
        "angle": 45.0,
        "axis": "x"
      }
    },
    {
      "from": [
        5.0,
        5.514721,
        3.0
      ],
      "to": [
        6.0,
        10.485279,
        15.0
      ],
      "faces": {
        "east": {
          "uv": [
            7.34375,
            3.6875,
            7.71875,
            3.84375
          ],
          "tintindex": 0,
          "rotation": 0,
          "texture": "#0"
        },
        "south": {
          "uv": [
            1.375,
            8.40625,
            1.40625,
            8.5625
          ],
          "tintindex": 0,
          "rotation": 0,
          "texture": "#0"
        },
        "north": {
          "uv": [
            8.09375,
            6.25,
            8.125,
            6.40625
          ],
          "tintindex": 0,
          "rotation": 0,
          "texture": "#0"
        },
        "west": {
          "uv": [
            7.34375,
            6.46875,
            7.71875,
            6.625
          ],
          "tintindex": 0,
          "rotation": 0,
          "texture": "#0"
        },
        "up": {
          "uv": [
            3.9375,
            5.6875,
            3.90625,
            5.3125
          ],
          "tintindex": 0,
          "rotation": 0,
          "texture": "#0"
        },
        "down": {
          "uv": [
            5.875,
            7.0625,
            5.84375,
            7.4375
          ],
          "tintindex": 0,
          "rotation": 0,
          "texture": "#0"
        }
      }
    },
    {
      "from": [
        5.0,
        2.0,
        6.514717
      ],
      "to": [
        6.0,
        14.0,
        11.485283
      ],
      "faces": {
        "east": {
          "uv": [
            3.65625,
            7.375,
            3.8125,
            7.75
          ],
          "tintindex": 0,
          "rotation": 0,
          "texture": "#0"
        },
        "south": {
          "uv": [
            3.3125,
            8.75,
            3.34375,
            9.125
          ],
          "tintindex": 0,
          "rotation": 0,
          "texture": "#0"
        },
        "north": {
          "uv": [
            2.625,
            8.75,
            2.65625,
            9.125
          ],
          "tintindex": 0,
          "rotation": 0,
          "texture": "#0"
        },
        "west": {
          "uv": [
            3.8125,
            7.375,
            3.96875,
            7.75
          ],
          "tintindex": 0,
          "rotation": 0,
          "texture": "#0"
        },
        "up": {
          "uv": [
            1.125,
            9.34375,
            1.09375,
            9.1875
          ],
          "tintindex": 0,
          "rotation": 0,
          "texture": "#0"
        },
        "down": {
          "uv": [
            1.15625,
            9.1875,
            1.125,
            9.34375
          ],
          "tintindex": 0,
          "rotation": 0,
          "texture": "#0"
        }
      }
    },
    {
      "from": [
        5.0,
        5.514721,
        3.0
      ],
      "to": [
        6.0,
        10.485279,
        15.0
      ],
      "faces": {
        "east": {
          "uv": [
            7.28125,
            1.4375,
            7.65625,
            1.59375
          ],
          "tintindex": 0,
          "rotation": 0,
          "texture": "#0"
        },
        "south": {
          "uv": [
            7.96875,
            3.46875,
            8.0,
            3.625
          ],
          "tintindex": 0,
          "rotation": 0,
          "texture": "#0"
        },
        "north": {
          "uv": [
            1.09375,
            7.78125,
            1.125,
            7.9375
          ],
          "tintindex": 0,
          "rotation": 0,
          "texture": "#0"
        },
        "west": {
          "uv": [
            7.3125,
            5.28125,
            7.6875,
            5.4375
          ],
          "tintindex": 0,
          "rotation": 0,
          "texture": "#0"
        },
        "up": {
          "uv": [
            3.9375,
            4.9375,
            3.90625,
            4.5625
          ],
          "tintindex": 0,
          "rotation": 0,
          "texture": "#0"
        },
        "down": {
          "uv": [
            3.9375,
            4.9375,
            3.90625,
            5.3125
          ],
          "tintindex": 0,
          "rotation": 0,
          "texture": "#0"
        }
      },
      "rotation": {
        "origin": [
          7.0,
          8.0,
          9.0
        ],
        "angle": 45.0,
        "axis": "x"
      }
    }
  ],
  "display": {
    "head": {
      "rotation": [
        0.0,
        0.0,
        0.0
      ]
    },
    "firstperson_righthand": {
      "rotation": [
        0.0,
        0.0,
        0.0
      ]
    },
    "thirdperson_lefthand": {
      "rotation": [
        0.0,
        -0.0,
        -0.0
      ]
    },
    "firstperson_lefthand": {
      "rotation": [
        0.0,
        -0.0,
        -0.0
      ]
    },
    "fixed": {
      "rotation": [
        0.0,
        0.0,
        0.0
      ]
    },
    "ground": {
      "rotation": [
        0.0,
        0.0,
        0.0
      ]
    },
    "thirdperson_righthand": {
      "rotation": [
        0.0,
        0.0,
        0.0
      ]
    },
    "gui": {
      "rotation": [
        -150.0,
        -45.0,
        180.0
      ]
    }
  }
}