{
  "textures": {
    "0": "xq9rmjx80:tex/kjanzurh",
    "particle": "#0"
  },
  "elements": [
    {
      "from": [
        6.658333,
        6.5927534,
        -9.221352
      ],
      "to": [
        7.991646,
        7.254317,
        -8.185764
      ],
      "faces": {
        "east": {
          "uv": [
            6.1875,
            1.8125,
            6.375,
            1.9375
          ],
          "tintindex": 0,
          "rotation": 0,
          "texture": "#0"
        }
      }
    }
  ],
  "display": {
    "head": {
      "rotation": [
        -44.97718,
        0.035609934,
        0.035581574
      ]
    },
    "firstperson_righthand": {
      "rotation": [
        -44.97718,
        0.035609934,
        0.035581574
      ]
    },
    "thirdperson_lefthand": {
      "rotation": [
        -44.97718,
        -0.035609934,
        -0.035581574
      ]
    },
    "firstperson_lefthand": {
      "rotation": [
        -44.97718,
        -0.035609934,
        -0.035581574
      ]
    },
    "fixed": {
      "rotation": [
        -44.97718,
        0.035609934,
        0.035581574
      ]
    },
    "ground": {
      "rotation": [
        -44.97718,
        0.035609934,
        0.035581574
      ]
    },
    "thirdperson_righthand": {
      "rotation": [
        -44.97718,
        0.035609934,
        0.035581574
      ]
    },
    "gui": {
      "rotation": [
        -95.26216,
        -30.04225,
        -144.69891
      ]
    }
  }
}