{
  "textures": {
    "6": "gwjritg0z:tex/rgbchkdy",
    "particle": "#6"
  },
  "elements": [
    {
      "from": [
        -3.1761189,
        4.9818397,
        -0.40088654
      ],
      "to": [
        5.07388,
        7.4318404,
        3.0866132
      ],
      "faces": {
        "east": {
          "uv": [
            3.40625,
            8.65625,
            3.625,
            8.8125
          ],
          "tintindex": 0,
          "rotation": 0,
          "texture": "#6"
        },
        "north": {
          "uv": [
            7.96875,
            5.03125,
            8.5,
            5.1875
          ],
          "tintindex": 0,
          "rotation": 0,
          "texture": "#6"
        }
      }
    }
  ],
  "display": {
    "head": {
      "rotation": [
        28.977491,
        46.447407,
        52.381496
      ]
    },
    "firstperson_righthand": {
      "rotation": [
        28.977491,
        46.447407,
        52.381496
      ]
    },
    "thirdperson_lefthand": {
      "rotation": [
        28.977491,
        -46.447407,
        -52.381496
      ]
    },
    "firstperson_lefthand": {
      "rotation": [
        28.977491,
        -46.447407,
        -52.381496
      ]
    },
    "fixed": {
      "rotation": [
        28.977491,
        46.447407,
        52.381496
      ]
    },
    "ground": {
      "rotation": [
        28.977491,
        46.447407,
        52.381496
      ]
    },
    "thirdperson_righthand": {
      "rotation": [
        28.977491,
        46.447407,
        52.381496
      ]
    },
    "gui": {
      "rotation": [
        105.51208,
        -69.83222,
        148.85936
      ]
    }
  }
}