{
  "textures": {
    "0": "xq9rmjx80:tex/kjanzurh",
    "particle": "#0"
  },
  "elements": [
    {
      "from": [
        6.6665325,
        21.554342,
        23.25286
      ],
      "to": [
        7.999846,
        25.915901,
        24.538445
      ],
      "faces": {
        "east": {
          "uv": [
            5.5,
            10.9375,
            5.75,
            11.75
          ],
          "tintindex": 0,
          "rotation": 0,
          "texture": "#0"
        }
      }
    }
  ],
  "display": {
    "head": {
      "rotation": [
        79.97717,
        -0.008761199,
        0.049571738
      ]
    },
    "firstperson_righthand": {
      "rotation": [
        79.97717,
        -0.008761199,
        0.049571738
      ]
    },
    "thirdperson_lefthand": {
      "rotation": [
        79.97717,
        0.008761199,
        -0.049571738
      ]
    },
    "firstperson_lefthand": {
      "rotation": [
        79.97717,
        0.008761199,
        -0.049571738
      ]
    },
    "fixed": {
      "rotation": [
        79.97717,
        -0.008761199,
        0.049571738
      ]
    },
    "ground": {
      "rotation": [
        79.97717,
        -0.008761199,
        0.049571738
      ]
    },
    "thirdperson_righthand": {
      "rotation": [
        79.97717,
        -0.008761199,
        0.049571738
      ]
    },
    "gui": {
      "rotation": [
        127.129654,
        -7.0627937,
        135.49089
      ]
    }
  }
}