{
  "textures": {
    "6": "gwjritg0z:tex/rgbchkdy",
    "particle": "#6"
  },
  "elements": [
    {
      "from": [
        11.967308,
        15.139528,
        1.6666665
      ],
      "to": [
        12.967308,
        16.13953,
        13.666667
      ],
      "faces": {
        "east": {
          "uv": [
            7.53125,
            5.9375,
            8.65625,
            6.03125
          ],
          "tintindex": 0,
          "rotation": 0,
          "texture": "#6"
        },
        "south": {
          "uv": [
            9.09375,
            6.03125,
            9.1875,
            6.125
          ],
          "tintindex": 0,
          "rotation": 0,
          "texture": "#6"
        },
        "north": {
          "uv": [
            9.09375,
            4.90625,
            9.1875,
            5.0
          ],
          "tintindex": 0,
          "rotation": 0,
          "texture": "#6"
        },
        "west": {
          "uv": [
            7.59375,
            5.40625,
            8.71875,
            5.5
          ],
          "tintindex": 0,
          "rotation": 0,
          "texture": "#6"
        },
        "up": {
          "uv": [
            0.875,
            8.53125,
            0.78125,
            7.40625
          ],
          "tintindex": 0,
          "rotation": 0,
          "texture": "#6"
        },
        "down": {
          "uv": [
            6.84375,
            7.65625,
            6.75,
            8.78125
          ],
          "tintindex": 0,
          "rotation": 0,
          "texture": "#6"
        }
      }
    },
    {
      "from": [
        12.967308,
        14.806195,
        20.333334
      ],
      "to": [
        13.967308,
        15.139528,
        22.666668
      ],
      "faces": {
        "east": {
          "uv": [
            4.09375,
            9.15625,
            4.3125,
            9.1875
          ],
          "tintindex": 0,
          "rotation": 0,
          "texture": "#6"
        },
        "south": {
          "uv": [
            9.1875,
            3.75,
            9.28125,
            3.78125
          ],
          "tintindex": 0,
          "rotation": 0,
          "texture": "#6"
        },
        "north": {
          "uv": [
            9.1875,
            3.6875,
            9.28125,
            3.71875
          ],
          "tintindex": 0,
          "rotation": 0,
          "texture": "#6"
        },
        "west": {
          "uv": [
            4.34375,
            9.15625,
            4.5625,
            9.1875
          ],
          "tintindex": 0,
          "rotation": 0,
          "texture": "#6"
        },
        "up": {
          "uv": [
            6.375,
            8.0,
            6.28125,
            7.78125
          ],
          "tintindex": 0,
          "rotation": 0,
          "texture": "#6"
        },
        "down": {
          "uv": [
            2.1875,
            8.90625,
            2.09375,
            9.125
          ],
          "tintindex": 0,
          "rotation": 0,
          "texture": "#6"
        }
      }
    },
    {
      "from": [
        10.967308,
        14.806195,
        -11.0
      ],
      "to": [
        13.967308,
        15.139528,
        20.333334
      ],
      "faces": {
        "east": {
          "uv": [
            7.75,
            1.5625,
            10.6875,
            1.59375
          ],
          "tintindex": 0,
          "rotation": 0,
          "texture": "#6"
        },
        "south": {
          "uv": [
            9.125,
            0.3125,
            9.40625,
            0.34375
          ],
          "tintindex": 0,
          "rotation": 0,
          "texture": "#6"
        },
        "north": {
          "uv": [
            9.09375,
            6.71875,
            9.375,
            6.75
          ],
          "tintindex": 0,
          "rotation": 0,
          "texture": "#6"
        },
        "west": {
          "uv": [
            7.75,
            1.625,
            10.6875,
            1.65625
          ],
          "tintindex": 0,
          "rotation": 0,
          "texture": "#6"
        },
        "up": {
          "uv": [
            4.5625,
            7.21875,
            4.28125,
            4.28125
          ],
          "tintindex": 0,
          "rotation": 0,
          "texture": "#6"
        },
        "down": {
          "uv": [
            4.875,
            4.28125,
            4.59375,
            7.21875
          ],
          "tintindex": 0,
          "rotation": 0,
          "texture": "#6"
        }
      }
    }
  ],
  "display": {
    "head": {
      "rotation": [
        0.0,
        0.0,
        -60.0
      ]
    },
    "firstperson_righthand": {
      "rotation": [
        0.0,
        0.0,
        -60.0
      ]
    },
    "thirdperson_lefthand": {
      "rotation": [
        0.0,
        -0.0,
        60.0
      ]
    },
    "firstperson_lefthand": {
      "rotation": [
        0.0,
        -0.0,
        60.0
      ]
    },
    "fixed": {
      "rotation": [
        0.0,
        0.0,
        -60.0
      ]
    },
    "ground": {
      "rotation": [
        0.0,
        0.0,
        -60.0
      ]
    },
    "thirdperson_righthand": {
      "rotation": [
        0.0,
        0.0,
        -60.0
      ]
    },
    "gui": {
      "rotation": [
        -150.0,
        -45.0,
        120.0
      ]
    }
  }
}