{
  "textures": {
    "0": "gwjritg0z:tex/qlh8hx27",
    "particle": "#0"
  },
  "elements": [
    {
      "from": [
        6.833333,
        1.5465765,
        17.720472
      ],
      "to": [
        9.166667,
        1.87991,
        24.053806
      ],
      "faces": {
        "east": {
          "uv": [
            11.625,
            2.1875,
            11.65625,
            2.78125
          ],
          "tintindex": 0,
          "rotation": 270,
          "texture": "#0"
        },
        "west": {
          "uv": [
            11.4375,
            2.78125,
            11.46875,
            2.1875
          ],
          "tintindex": 0,
          "rotation": 270,
          "texture": "#0"
        },
        "up": {
          "uv": [
            11.4375,
            2.78125,
            11.65625,
            2.1875
          ],
          "tintindex": 0,
          "rotation": 0,
          "texture": "#0"
        },
        "down": {
          "uv": [
            11.4375,
            2.1875,
            11.65625,
            2.78125
          ],
          "tintindex": 0,
          "rotation": 0,
          "texture": "#0"
        }
      }
    }
  ],
  "display": {
    "head": {
      "rotation": [
        -33.5,
        0.0,
        0.0
      ]
    },
    "firstperson_righthand": {
      "rotation": [
        -33.5,
        0.0,
        0.0
      ]
    },
    "thirdperson_lefthand": {
      "rotation": [
        -33.5,
        -0.0,
        -0.0
      ]
    },
    "firstperson_lefthand": {
      "rotation": [
        -33.5,
        -0.0,
        -0.0
      ]
    },
    "fixed": {
      "rotation": [
        -33.5,
        0.0,
        0.0
      ]
    },
    "ground": {
      "rotation": [
        -33.5,
        0.0,
        0.0
      ]
    },
    "thirdperson_righthand": {
      "rotation": [
        -33.5,
        0.0,
        0.0
      ]
    },
    "gui": {
      "rotation": [
        -106.89194,
        -36.131912,
        -151.10406
      ]
    }
  }
}