{
  "textures": {
    "0": "5exp3rjkn:tex/6lbo7w2b",
    "particle": "#0"
  },
  "elements": [
    {
      "from": [
        6.0,
        6.7573605,
        -14.0
      ],
      "to": [
        12.0,
        9.24264,
        30.0
      ],
      "faces": {
        "east": {
          "uv": [
            6.53125,
            6.15625,
            7.90625,
            6.21875
          ],
          "tintindex": 0,
          "rotation": 0,
          "texture": "#0"
        },
        "south": {
          "uv": [
            8.6875,
            6.15625,
            8.875,
            6.21875
          ],
          "tintindex": 0,
          "rotation": 0,
          "texture": "#0"
        },
        "north": {
          "uv": [
            7.9375,
            4.65625,
            8.125,
            4.71875
          ],
          "tintindex": 0,
          "rotation": 0,
          "texture": "#0"
        },
        "west": {
          "uv": [
            6.625,
            3.40625,
            8.0,
            3.46875
          ],
          "tintindex": 0,
          "rotation": 0,
          "texture": "#0"
        },
        "up": {
          "uv": [
            3.375,
            6.4375,
            3.1875,
            5.0625
          ],
          "tintindex": 0,
          "rotation": 0,
          "texture": "#0"
        },
        "down": {
          "uv": [
            4.96875,
            5.125,
            4.78125,
            6.5
          ],
          "tintindex": 0,
          "rotation": 0,
          "texture": "#0"
        }
      },
      "rotation": {
        "origin": [
          9.0,
          8.0,
          9.0
        ],
        "angle": 45.0,
        "axis": "z"
      }
    },
    {
      "from": [
        7.75736,
        5.0,
        -14.0
      ],
      "to": [
        10.24264,
        11.0,
        30.0
      ],
      "faces": {
        "east": {
          "uv": [
            5.0625,
            2.71875,
            6.4375,
            2.90625
          ],
          "tintindex": 0,
          "rotation": 0,
          "texture": "#0"
        },
        "south": {
          "uv": [
            8.8125,
            0.6875,
            8.875,
            0.875
          ],
          "tintindex": 0,
          "rotation": 0,
          "texture": "#0"
        },
        "north": {
          "uv": [
            8.8125,
            0.5,
            8.875,
            0.6875
          ],
          "tintindex": 0,
          "rotation": 0,
          "texture": "#0"
        },
        "west": {
          "uv": [
            5.0625,
            2.90625,
            6.4375,
            3.09375
          ],
          "tintindex": 0,
          "rotation": 0,
          "texture": "#0"
        },
        "up": {
          "uv": [
            3.375,
            7.8125,
            3.3125,
            6.4375
          ],
          "tintindex": 0,
          "rotation": 0,
          "texture": "#0"
        },
        "down": {
          "uv": [
            5.9375,
            6.4375,
            5.875,
            7.8125
          ],
          "tintindex": 0,
          "rotation": 0,
          "texture": "#0"
        }
      }
    },
    {
      "from": [
        7.75736,
        5.0,
        -14.0
      ],
      "to": [
        10.24264,
        11.0,
        30.0
      ],
      "faces": {
        "east": {
          "uv": [
            5.0625,
            2.34375,
            6.4375,
            2.53125
          ],
          "tintindex": 0,
          "rotation": 0,
          "texture": "#0"
        },
        "south": {
          "uv": [
            8.8125,
            0.3125,
            8.875,
            0.5
          ],
          "tintindex": 0,
          "rotation": 0,
          "texture": "#0"
        },
        "north": {
          "uv": [
            8.8125,
            0.125,
            8.875,
            0.3125
          ],
          "tintindex": 0,
          "rotation": 0,
          "texture": "#0"
        },
        "west": {
          "uv": [
            5.0625,
            2.53125,
            6.4375,
            2.71875
          ],
          "tintindex": 0,
          "rotation": 0,
          "texture": "#0"
        },
        "up": {
          "uv": [
            3.90625,
            5.9375,
            3.84375,
            4.5625
          ],
          "tintindex": 0,
          "rotation": 0,
          "texture": "#0"
        },
        "down": {
          "uv": [
            3.3125,
            6.4375,
            3.25,
            7.8125
          ],
          "tintindex": 0,
          "rotation": 0,
          "texture": "#0"
        }
      },
      "rotation": {
        "origin": [
          9.0,
          8.0,
          9.0
        ],
        "angle": 45.0,
        "axis": "z"
      }
    },
    {
      "from": [
        6.0,
        6.7573605,
        -14.0
      ],
      "to": [
        12.0,
        9.24264,
        30.0
      ],
      "faces": {
        "east": {
          "uv": [
            6.4375,
            4.84375,
            7.8125,
            4.90625
          ],
          "tintindex": 0,
          "rotation": 0,
          "texture": "#0"
        },
        "south": {
          "uv": [
            7.71875,
            3.78125,
            7.90625,
            3.84375
          ],
          "tintindex": 0,
          "rotation": 0,
          "texture": "#0"
        },
        "north": {
          "uv": [
            7.6875,
            5.375,
            7.875,
            5.4375
          ],
          "tintindex": 0,
          "rotation": 0,
          "texture": "#0"
        },
        "west": {
          "uv": [
            6.53125,
            6.09375,
            7.90625,
            6.15625
          ],
          "tintindex": 0,
          "rotation": 0,
          "texture": "#0"
        },
        "up": {
          "uv": [
            2.25,
            4.125,
            2.0625,
            2.75
          ],
          "tintindex": 0,
          "rotation": 0,
          "texture": "#0"
        },
        "down": {
          "uv": [
            3.84375,
            4.5625,
            3.65625,
            5.9375
          ],
          "tintindex": 0,
          "rotation": 0,
          "texture": "#0"
        }
      }
    }
  ],
  "display": {
    "head": {
      "rotation": [
        0.0,
        0.0,
        0.0
      ]
    },
    "firstperson_righthand": {
      "rotation": [
        0.0,
        0.0,
        0.0
      ]
    },
    "thirdperson_lefthand": {
      "rotation": [
        0.0,
        -0.0,
        -0.0
      ]
    },
    "firstperson_lefthand": {
      "rotation": [
        0.0,
        -0.0,
        -0.0
      ]
    },
    "fixed": {
      "rotation": [
        0.0,
        0.0,
        0.0
      ]
    },
    "ground": {
      "rotation": [
        0.0,
        0.0,
        0.0
      ]
    },
    "thirdperson_righthand": {
      "rotation": [
        0.0,
        0.0,
        0.0
      ]
    },
    "gui": {
      "rotation": [
        -150.0,
        -45.0,
        180.0
      ]
    }
  }
}