{
  "textures": {
    "0": "xq9rmjx80:tex/kjanzurh",
    "particle": "#0"
  },
  "elements": [
    {
      "from": [
        -6.709529,
        -2.7775536,
        10.50734
      ],
      "to": [
        -5.438696,
        -1.1108875,
        16.572638
      ],
      "faces": {
        "down": {
          "uv": [
            2.3125,
            10.125,
            2.0625,
            11.25
          ],
          "tintindex": 0,
          "rotation": 0,
          "texture": "#0"
        }
      }
    }
  ],
  "display": {
    "head": {
      "rotation": [
        -47.801434,
        61.03676,
        -0.50000453
      ]
    },
    "firstperson_righthand": {
      "rotation": [
        -47.801434,
        61.03676,
        -0.50000453
      ]
    },
    "thirdperson_lefthand": {
      "rotation": [
        -47.801434,
        -61.03676,
        0.50000453
      ]
    },
    "firstperson_lefthand": {
      "rotation": [
        -47.801434,
        -61.03676,
        0.50000453
      ]
    },
    "fixed": {
      "rotation": [
        -47.801434,
        61.03676,
        -0.50000453
      ]
    },
    "ground": {
      "rotation": [
        -47.801434,
        61.03676,
        -0.50000453
      ]
    },
    "thirdperson_righthand": {
      "rotation": [
        -47.801434,
        61.03676,
        -0.50000453
      ]
    },
    "gui": {
      "rotation": [
        -12.707072,
        -58.06735,
        -82.550934
      ]
    }
  }
}