{
  "textures": {
    "0": "xq9rmjx80:tex/kjanzurh",
    "particle": "#0"
  },
  "elements": [
    {
      "from": [
        8.008354,
        12.363453,
        -6.9140663
      ],
      "to": [
        9.341667,
        16.725014,
        -5.628481
      ],
      "faces": {
        "west": {
          "uv": [
            11.0,
            11.0,
            11.25,
            11.8125
          ],
          "tintindex": 0,
          "rotation": 0,
          "texture": "#0"
        }
      }
    }
  ],
  "display": {
    "head": {
      "rotation": [
        -79.97717,
        -0.008761199,
        -0.049571738
      ]
    },
    "firstperson_righthand": {
      "rotation": [
        -79.97717,
        -0.008761199,
        -0.049571738
      ]
    },
    "thirdperson_lefthand": {
      "rotation": [
        -79.97717,
        0.008761199,
        0.049571738
      ]
    },
    "firstperson_lefthand": {
      "rotation": [
        -79.97717,
        0.008761199,
        0.049571738
      ]
    },
    "fixed": {
      "rotation": [
        -79.97717,
        -0.008761199,
        -0.049571738
      ]
    },
    "ground": {
      "rotation": [
        -79.97717,
        -0.008761199,
        -0.049571738
      ]
    },
    "thirdperson_righthand": {
      "rotation": [
        -79.97717,
        -0.008761199,
        -0.049571738
      ]
    },
    "gui": {
      "rotation": [
        -67.129654,
        -7.0627937,
        -135.49089
      ]
    }
  }
}