{
  "textures": {
    "0": "xq9rmjx80:tex/s55zjnhh",
    "particle": "#0"
  },
  "elements": [
    {
      "from": [
        3.5249996,
        0.9250002,
        5.175
      ],
      "to": [
        6.4750004,
        15.075,
        10.825
      ],
      "faces": {
        "east": {
          "uv": [
            2.625,
            11.5,
            2.8125,
            11.9375
          ],
          "tintindex": 0,
          "rotation": 0,
          "texture": "#0"
        },
        "west": {
          "uv": [
            2.84375,
            11.5,
            3.03125,
            11.9375
          ],
          "tintindex": 0,
          "rotation": 0,
          "texture": "#0"
        },
        "up": {
          "uv": [
            5.25,
            12.65625,
            5.15625,
            12.46875
          ],
          "tintindex": 0,
          "rotation": 0,
          "texture": "#0"
        },
        "down": {
          "uv": [
            4.09375,
            13.75,
            4.0,
            13.9375
          ],
          "tintindex": 0,
          "rotation": 0,
          "texture": "#0"
        }
      },
      "rotation": {
        "origin": [
          5.0,
          8.0,
          8.0
        ],
        "angle": 45.0,
        "axis": "x"
      }
    },
    {
      "from": [
        3.5,
        5.0,
        1.0
      ],
      "to": [
        6.5,
        11.0,
        15.0
      ],
      "faces": {
        "east": {
          "uv": [
            1.75,
            11.5,
            1.9375,
            11.9375
          ],
          "tintindex": 0,
          "rotation": 270,
          "texture": "#0"
        },
        "south": {
          "uv": [
            3.71875,
            13.9375,
            3.625,
            13.75
          ],
          "tintindex": 0,
          "rotation": 0,
          "texture": "#0"
        },
        "north": {
          "uv": [
            5.25,
            12.25,
            5.15625,
            12.4375
          ],
          "tintindex": 0,
          "rotation": 180,
          "texture": "#0"
        },
        "west": {
          "uv": [
            1.96875,
            11.5,
            2.15625,
            11.9375
          ],
          "tintindex": 0,
          "rotation": 90,
          "texture": "#0"
        }
      }
    },
    {
      "from": [
        3.4749985,
        1.0,
        5.0
      ],
      "to": [
        6.5249996,
        15.0,
        11.0
      ],
      "faces": {
        "east": {
          "uv": [
            3.0625,
            11.5,
            3.25,
            11.9375
          ],
          "tintindex": 0,
          "rotation": 0,
          "texture": "#0"
        },
        "west": {
          "uv": [
            3.28125,
            11.5,
            3.46875,
            11.9375
          ],
          "tintindex": 0,
          "rotation": 0,
          "texture": "#0"
        },
        "up": {
          "uv": [
            5.25,
            12.875,
            5.15625,
            12.6875
          ],
          "tintindex": 0,
          "rotation": 0,
          "texture": "#0"
        },
        "down": {
          "uv": [
            4.21875,
            13.75,
            4.125,
            13.9375
          ],
          "tintindex": 0,
          "rotation": 0,
          "texture": "#0"
        }
      }
    },
    {
      "from": [
        3.5249996,
        0.9250002,
        5.175
      ],
      "to": [
        6.4750004,
        15.075,
        10.825
      ],
      "faces": {
        "east": {
          "uv": [
            2.1875,
            11.5,
            2.375,
            11.9375
          ],
          "tintindex": 0,
          "rotation": 0,
          "texture": "#0"
        },
        "west": {
          "uv": [
            2.40625,
            11.5,
            2.59375,
            11.9375
          ],
          "tintindex": 0,
          "rotation": 0,
          "texture": "#0"
        },
        "up": {
          "uv": [
            3.84375,
            13.9375,
            3.75,
            13.75
          ],
          "tintindex": 0,
          "rotation": 0,
          "texture": "#0"
        },
        "down": {
          "uv": [
            3.96875,
            13.75,
            3.875,
            13.9375
          ],
          "tintindex": 0,
          "rotation": 0,
          "texture": "#0"
        }
      },
      "rotation": {
        "origin": [
          5.0,
          8.0,
          8.0
        ],
        "angle": -45.0,
        "axis": "x"
      }
    }
  ],
  "display": {
    "head": {
      "rotation": [
        0.0,
        0.0,
        0.0
      ]
    },
    "firstperson_righthand": {
      "rotation": [
        0.0,
        0.0,
        0.0
      ]
    },
    "thirdperson_lefthand": {
      "rotation": [
        0.0,
        -0.0,
        -0.0
      ]
    },
    "firstperson_lefthand": {
      "rotation": [
        0.0,
        -0.0,
        -0.0
      ]
    },
    "fixed": {
      "rotation": [
        0.0,
        0.0,
        0.0
      ]
    },
    "ground": {
      "rotation": [
        0.0,
        0.0,
        0.0
      ]
    },
    "thirdperson_righthand": {
      "rotation": [
        0.0,
        0.0,
        0.0
      ]
    },
    "gui": {
      "rotation": [
        -150.0,
        -45.0,
        180.0
      ]
    }
  }
}