{
  "textures": {
    "0": "xq9rmjx80:tex/kjanzurh",
    "particle": "#0"
  },
  "elements": [
    {
      "from": [
        7.5124655,
        21.528263,
        20.835196
      ],
      "to": [
        14.088642,
        23.492542,
        23.17698
      ],
      "faces": {
        "up": {
          "uv": [
            6.5,
            10.125,
            5.25,
            9.6875
          ],
          "tintindex": 0,
          "rotation": 0,
          "texture": "#0"
        }
      }
    }
  ],
  "display": {
    "head": {
      "rotation": [
        9.738446,
        -21.947979,
        -0.10074473
      ]
    },
    "firstperson_righthand": {
      "rotation": [
        9.738446,
        -21.947979,
        -0.10074473
      ]
    },
    "thirdperson_lefthand": {
      "rotation": [
        9.738446,
        21.947979,
        0.10074473
      ]
    },
    "firstperson_lefthand": {
      "rotation": [
        9.738446,
        21.947979,
        0.10074473
      ]
    },
    "fixed": {
      "rotation": [
        9.738446,
        -21.947979,
        -0.10074473
      ]
    },
    "ground": {
      "rotation": [
        9.738446,
        -21.947979,
        -0.10074473
      ]
    },
    "thirdperson_righthand": {
      "rotation": [
        9.738446,
        -21.947979,
        -0.10074473
      ]
    },
    "gui": {
      "rotation": [
        -159.77472,
        -22.464811,
        172.46263
      ]
    }
  }
}