{
  "textures": {
    "0": "xq9rmjx80:tex/kjanzurh",
    "particle": "#0"
  },
  "elements": [
    {
      "from": [
        -1.9936457,
        -5.7087965,
        1.4470086
      ],
      "to": [
        -0.66031265,
        -5.181757,
        10.720638
      ],
      "faces": {
        "west": {
          "uv": [
            10.625,
            1.625,
            12.375,
            1.75
          ],
          "tintindex": 0,
          "rotation": 0,
          "texture": "#0"
        }
      }
    }
  ],
  "display": {
    "head": {
      "rotation": [
        58.918823,
        -50.945343,
        48.967228
      ]
    },
    "firstperson_righthand": {
      "rotation": [
        58.918823,
        -50.945343,
        48.967228
      ]
    },
    "thirdperson_lefthand": {
      "rotation": [
        58.918823,
        50.945343,
        -48.967228
      ]
    },
    "firstperson_lefthand": {
      "rotation": [
        58.918823,
        50.945343,
        -48.967228
      ]
    },
    "fixed": {
      "rotation": [
        58.918823,
        -50.945343,
        48.967228
      ]
    },
    "ground": {
      "rotation": [
        58.918823,
        -50.945343,
        48.967228
      ]
    },
    "thirdperson_righthand": {
      "rotation": [
        58.918823,
        -50.945343,
        48.967228
      ]
    },
    "gui": {
      "rotation": [
        175.29341,
        18.608473,
        -170.74994
      ]
    }
  }
}