{
  "textures": {
    "0": "xq9rmjx80:tex/kjanzurh",
    "particle": "#0"
  },
  "elements": [
    {
      "from": [
        -1.8156433,
        -5.3114014,
        2.9470072
      ],
      "to": [
        -0.4823103,
        -3.8114014,
        9.470637
      ],
      "faces": {
        "west": {
          "uv": [
            9.875,
            9.4375,
            11.125,
            9.6875
          ],
          "tintindex": 0,
          "rotation": 0,
          "texture": "#0"
        }
      }
    }
  ],
  "display": {
    "head": {
      "rotation": [
        58.918808,
        -50.945343,
        48.217213
      ]
    },
    "firstperson_righthand": {
      "rotation": [
        58.918808,
        -50.945343,
        48.217213
      ]
    },
    "thirdperson_lefthand": {
      "rotation": [
        58.918808,
        50.945343,
        -48.217213
      ]
    },
    "firstperson_lefthand": {
      "rotation": [
        58.918808,
        50.945343,
        -48.217213
      ]
    },
    "fixed": {
      "rotation": [
        58.918808,
        -50.945343,
        48.217213
      ]
    },
    "ground": {
      "rotation": [
        58.918808,
        -50.945343,
        48.217213
      ]
    },
    "thirdperson_righthand": {
      "rotation": [
        58.918808,
        -50.945343,
        48.217213
      ]
    },
    "gui": {
      "rotation": [
        175.29343,
        18.608467,
        -171.49994
      ]
    }
  }
}