{
  "textures": {
    "1": "lqutnhfw6:tex/89qumttx",
    "particle": "#1"
  },
  "elements": [
    {
      "from": [
        28.325,
        6.1666665,
        6.1666665
      ],
      "to": [
        30.341667,
        9.833333,
        9.833333
      ],
      "faces": {
        "east": {
          "uv": [
            10.25,
            10.65625,
            10.59375,
            11.0
          ],
          "tintindex": 0,
          "rotation": 0,
          "texture": "#1"
        },
        "west": {
          "uv": [
            10.8125,
            10.09375,
            11.15625,
            10.4375
          ],
          "tintindex": 0,
          "rotation": 0,
          "texture": "#1"
        }
      }
    },
    {
      "from": [
        28.333334,
        6.0,
        7.1666665
      ],
      "to": [
        30.333334,
        10.0,
        8.833333
      ],
      "faces": {
        "east": {
          "uv": [
            13.03125,
            12.875,
            13.1875,
            13.25
          ],
          "tintindex": 0,
          "rotation": 180,
          "texture": "#1"
        },
        "south": {
          "uv": [
            0.0,
            0.0,
            0.1875,
            0.375
          ],
          "tintindex": 0,
          "rotation": 180,
          "texture": "#1"
        },
        "north": {
          "uv": [
            0.0,
            0.0,
            0.1875,
            0.375
          ],
          "tintindex": 0,
          "rotation": 180,
          "texture": "#1"
        },
        "west": {
          "uv": [
            13.0625,
            11.25,
            13.21875,
            11.625
          ],
          "tintindex": 0,
          "rotation": 180,
          "texture": "#1"
        },
        "up": {
          "uv": [
            13.875,
            11.0,
            13.6875,
            11.15625
          ],
          "tintindex": 0,
          "rotation": 0,
          "texture": "#1"
        },
        "down": {
          "uv": [
            11.3125,
            13.6875,
            11.125,
            13.53125
          ],
          "tintindex": 0,
          "rotation": 0,
          "texture": "#1"
        }
      }
    },
    {
      "from": [
        28.341667,
        7.1750007,
        6.0
      ],
      "to": [
        30.325,
        8.825,
        10.0
      ],
      "faces": {
        "east": {
          "uv": [
            13.0625,
            11.65625,
            13.21875,
            12.03125
          ],
          "tintindex": 0,
          "rotation": 90,
          "texture": "#1"
        },
        "south": {
          "uv": [
            11.75,
            13.53125,
            11.5625,
            13.6875
          ],
          "tintindex": 0,
          "rotation": 0,
          "texture": "#1"
        },
        "north": {
          "uv": [
            13.875,
            11.53125,
            13.6875,
            11.375
          ],
          "tintindex": 0,
          "rotation": 180,
          "texture": "#1"
        },
        "west": {
          "uv": [
            11.9375,
            12.90625,
            12.09375,
            13.28125
          ],
          "tintindex": 0,
          "rotation": 270,
          "texture": "#1"
        },
        "up": {
          "uv": [
            0.0,
            0.0,
            0.1859375,
            0.375
          ],
          "tintindex": 0,
          "rotation": 0,
          "texture": "#1"
        },
        "down": {
          "uv": [
            0.0,
            0.0,
            0.1859375,
            0.375
          ],
          "tintindex": 0,
          "rotation": 180,
          "texture": "#1"
        }
      },
      "rotation": {
        "origin": [
          29.333334,
          8.0,
          8.0
        ],
        "angle": -45.0,
        "axis": "x"
      }
    },
    {
      "from": [
        28.333334,
        7.1666665,
        6.0
      ],
      "to": [
        30.333334,
        8.833333,
        10.0
      ],
      "faces": {
        "east": {
          "uv": [
            11.5625,
            12.90625,
            11.71875,
            13.28125
          ],
          "tintindex": 0,
          "rotation": 90,
          "texture": "#1"
        },
        "south": {
          "uv": [
            13.875,
            11.1875,
            13.6875,
            11.34375
          ],
          "tintindex": 0,
          "rotation": 0,
          "texture": "#1"
        },
        "north": {
          "uv": [
            11.53125,
            13.6875,
            11.34375,
            13.53125
          ],
          "tintindex": 0,
          "rotation": 180,
          "texture": "#1"
        },
        "west": {
          "uv": [
            11.75,
            12.90625,
            11.90625,
            13.28125
          ],
          "tintindex": 0,
          "rotation": 270,
          "texture": "#1"
        },
        "up": {
          "uv": [
            0.0,
            0.0,
            0.1875,
            0.375
          ],
          "tintindex": 0,
          "rotation": 0,
          "texture": "#1"
        },
        "down": {
          "uv": [
            0.0,
            0.0,
            0.1875,
            0.375
          ],
          "tintindex": 0,
          "rotation": 180,
          "texture": "#1"
        }
      }
    },
    {
      "from": [
        28.341667,
        7.1750007,
        6.0
      ],
      "to": [
        30.325,
        8.825,
        10.0
      ],
      "faces": {
        "east": {
          "uv": [
            12.125,
            12.90625,
            12.28125,
            13.28125
          ],
          "tintindex": 0,
          "rotation": 270,
          "texture": "#1"
        },
        "south": {
          "uv": [
            13.875,
            11.71875,
            13.6875,
            11.5625
          ],
          "tintindex": 0,
          "rotation": 0,
          "texture": "#1"
        },
        "north": {
          "uv": [
            11.96875,
            13.53125,
            11.78125,
            13.6875
          ],
          "tintindex": 0,
          "rotation": 180,
          "texture": "#1"
        },
        "west": {
          "uv": [
            13.0625,
            12.0625,
            13.21875,
            12.4375
          ],
          "tintindex": 0,
          "rotation": 90,
          "texture": "#1"
        },
        "up": {
          "uv": [
            0.0,
            0.0,
            0.1859375,
            0.375
          ],
          "tintindex": 0,
          "rotation": 180,
          "texture": "#1"
        },
        "down": {
          "uv": [
            0.0,
            0.0,
            0.1859375,
            0.375
          ],
          "tintindex": 0,
          "rotation": 0,
          "texture": "#1"
        }
      },
      "rotation": {
        "origin": [
          29.333334,
          8.0,
          8.0
        ],
        "angle": 45.0,
        "axis": "x"
      }
    }
  ],
  "display": {
    "head": {
      "rotation": [
        0.0,
        0.0,
        0.0
      ]
    },
    "firstperson_righthand": {
      "rotation": [
        0.0,
        0.0,
        0.0
      ]
    },
    "thirdperson_lefthand": {
      "rotation": [
        0.0,
        -0.0,
        -0.0
      ]
    },
    "firstperson_lefthand": {
      "rotation": [
        0.0,
        -0.0,
        -0.0
      ]
    },
    "fixed": {
      "rotation": [
        0.0,
        0.0,
        0.0
      ]
    },
    "ground": {
      "rotation": [
        0.0,
        0.0,
        0.0
      ]
    },
    "thirdperson_righthand": {
      "rotation": [
        0.0,
        0.0,
        0.0
      ]
    },
    "gui": {
      "rotation": [
        -150.0,
        -45.0,
        180.0
      ]
    }
  }
}