{
  "textures": {
    "0": "gwjritg0z:tex/qlh8hx27",
    "particle": "#0"
  },
  "elements": [
    {
      "from": [
        15.666667,
        7.0421386,
        -14.794899
      ],
      "to": [
        18.333334,
        10.042139,
        -14.794899
      ],
      "faces": {
        "north": {
          "uv": [
            8.0,
            7.65625,
            8.25,
            7.9375
          ],
          "tintindex": 0,
          "rotation": 0,
          "texture": "#0"
        }
      }
    },
    {
      "from": [
        0.33333302,
        10.042139,
        -14.794899
      ],
      "to": [
        -2.333334,
        7.0421386,
        -14.794899
      ],
      "faces": {
        "south": {
          "uv": [
            8.0,
            7.9375,
            8.25,
            7.65625
          ],
          "tintindex": 0,
          "rotation": 0,
          "texture": "#0"
        }
      }
    },
    {
      "from": [
        -2.333334,
        7.0421386,
        -14.794899
      ],
      "to": [
        0.33333302,
        10.042139,
        -14.794899
      ],
      "faces": {
        "north": {
          "uv": [
            8.0,
            7.65625,
            8.25,
            7.9375
          ],
          "tintindex": 0,
          "rotation": 0,
          "texture": "#0"
        }
      }
    },
    {
      "from": [
        18.333334,
        10.042139,
        -14.794899
      ],
      "to": [
        15.666667,
        7.0421386,
        -14.794899
      ],
      "faces": {
        "south": {
          "uv": [
            8.0,
            7.9375,
            8.25,
            7.65625
          ],
          "tintindex": 0,
          "rotation": 0,
          "texture": "#0"
        }
      }
    }
  ],
  "display": {
    "head": {
      "rotation": [
        7.5,
        0.0,
        -0.0
      ]
    },
    "firstperson_righthand": {
      "rotation": [
        7.5,
        0.0,
        -0.0
      ]
    },
    "thirdperson_lefthand": {
      "rotation": [
        7.5,
        -0.0,
        0.0
      ]
    },
    "firstperson_lefthand": {
      "rotation": [
        7.5,
        -0.0,
        0.0
      ]
    },
    "fixed": {
      "rotation": [
        7.5,
        0.0,
        -0.0
      ]
    },
    "ground": {
      "rotation": [
        7.5,
        0.0,
        -0.0
      ]
    },
    "thirdperson_righthand": {
      "rotation": [
        7.5,
        0.0,
        -0.0
      ]
    },
    "gui": {
      "rotation": [
        -160.54684,
        -44.511898,
        172.56345
      ]
    }
  }
}