{
  "textures": {
    "6": "gwjritg0z:tex/rgbchkdy",
    "particle": "#6"
  },
  "elements": [
    {
      "from": [
        6.9750004,
        3.0,
        6.0
      ],
      "to": [
        14.025,
        13.0,
        10.0
      ],
      "faces": {
        "east": {
          "uv": [
            14.875,
            10.40625,
            15.0,
            10.71875
          ],
          "tintindex": 0,
          "rotation": 0,
          "texture": "#6"
        },
        "west": {
          "uv": [
            10.53125,
            14.90625,
            10.65625,
            15.21875
          ],
          "tintindex": 0,
          "rotation": 0,
          "texture": "#6"
        },
        "up": {
          "uv": [
            15.4375,
            11.03125,
            15.21875,
            10.90625
          ],
          "tintindex": 0,
          "rotation": 0,
          "texture": "#6"
        },
        "down": {
          "uv": [
            15.4375,
            11.0625,
            15.21875,
            11.1875
          ],
          "tintindex": 0,
          "rotation": 0,
          "texture": "#6"
        }
      }
    },
    {
      "from": [
        7.0,
        6.0,
        3.0
      ],
      "to": [
        14.0,
        10.0,
        13.0
      ],
      "faces": {
        "east": {
          "uv": [
            10.84375,
            14.90625,
            10.96875,
            15.21875
          ],
          "tintindex": 0,
          "rotation": 270,
          "texture": "#6"
        },
        "south": {
          "uv": [
            15.4375,
            11.65625,
            15.21875,
            11.53125
          ],
          "tintindex": 0,
          "rotation": 0,
          "texture": "#6"
        },
        "north": {
          "uv": [
            15.4375,
            11.6875,
            15.21875,
            11.8125
          ],
          "tintindex": 0,
          "rotation": 180,
          "texture": "#6"
        },
        "west": {
          "uv": [
            15.03125,
            14.1875,
            15.15625,
            14.5
          ],
          "tintindex": 0,
          "rotation": 90,
          "texture": "#6"
        }
      }
    },
    {
      "from": [
        7.0249996,
        5.875,
        3.0500002
      ],
      "to": [
        13.975,
        10.125,
        12.950001
      ],
      "faces": {
        "east": {
          "uv": [
            15.03125,
            10.40625,
            15.15625,
            10.71875
          ],
          "tintindex": 0,
          "rotation": 270,
          "texture": "#6"
        },
        "south": {
          "uv": [
            15.4375,
            11.34375,
            15.21875,
            11.21875
          ],
          "tintindex": 0,
          "rotation": 0,
          "texture": "#6"
        },
        "north": {
          "uv": [
            15.4375,
            11.375,
            15.21875,
            11.5
          ],
          "tintindex": 0,
          "rotation": 180,
          "texture": "#6"
        },
        "west": {
          "uv": [
            10.6875,
            14.90625,
            10.8125,
            15.21875
          ],
          "tintindex": 0,
          "rotation": 90,
          "texture": "#6"
        }
      },
      "rotation": {
        "origin": [
          8.0,
          8.0,
          8.0
        ],
        "angle": 45.0,
        "axis": "x"
      }
    },
    {
      "from": [
        7.0249996,
        3.0500002,
        5.875
      ],
      "to": [
        13.975,
        12.950001,
        10.125
      ],
      "faces": {
        "east": {
          "uv": [
            15.03125,
            14.53125,
            15.15625,
            14.84375
          ],
          "tintindex": 0,
          "rotation": 0,
          "texture": "#6"
        },
        "west": {
          "uv": [
            15.03125,
            14.875,
            15.15625,
            15.1875
          ],
          "tintindex": 0,
          "rotation": 0,
          "texture": "#6"
        },
        "up": {
          "uv": [
            15.4375,
            11.96875,
            15.21875,
            11.84375
          ],
          "tintindex": 0,
          "rotation": 0,
          "texture": "#6"
        },
        "down": {
          "uv": [
            15.4375,
            12.0,
            15.21875,
            12.125
          ],
          "tintindex": 0,
          "rotation": 0,
          "texture": "#6"
        }
      },
      "rotation": {
        "origin": [
          8.0,
          8.0,
          8.0
        ],
        "angle": 45.0,
        "axis": "x"
      }
    }
  ],
  "display": {
    "head": {
      "rotation": [
        0.0,
        0.0,
        0.0
      ]
    },
    "firstperson_righthand": {
      "rotation": [
        0.0,
        0.0,
        0.0
      ]
    },
    "thirdperson_lefthand": {
      "rotation": [
        0.0,
        -0.0,
        -0.0
      ]
    },
    "firstperson_lefthand": {
      "rotation": [
        0.0,
        -0.0,
        -0.0
      ]
    },
    "fixed": {
      "rotation": [
        0.0,
        0.0,
        0.0
      ]
    },
    "ground": {
      "rotation": [
        0.0,
        0.0,
        0.0
      ]
    },
    "thirdperson_righthand": {
      "rotation": [
        0.0,
        0.0,
        0.0
      ]
    },
    "gui": {
      "rotation": [
        -150.0,
        -45.0,
        180.0
      ]
    }
  }
}