{
  "textures": {
    "6": "gwjritg0z:tex/rgbchkdy",
    "particle": "#6"
  },
  "elements": [
    {
      "from": [
        5.037734,
        -2.9360218,
        -0.41429138
      ],
      "to": [
        8.237734,
        5.013979,
        3.085709
      ],
      "faces": {
        "north": {
          "uv": [
            3.8125,
            7.75,
            4.0,
            8.25
          ],
          "tintindex": 0,
          "rotation": 0,
          "texture": "#6"
        },
        "up": {
          "uv": [
            8.6875,
            6.65625,
            8.5,
            6.4375
          ],
          "tintindex": 0,
          "rotation": 0,
          "texture": "#6"
        }
      }
    }
  ],
  "display": {
    "head": {
      "rotation": [
        28.977495,
        -46.447407,
        21.86851
      ]
    },
    "firstperson_righthand": {
      "rotation": [
        28.977495,
        -46.447407,
        21.86851
      ]
    },
    "thirdperson_lefthand": {
      "rotation": [
        28.977495,
        46.447407,
        -21.86851
      ]
    },
    "firstperson_lefthand": {
      "rotation": [
        28.977495,
        46.447407,
        -21.86851
      ]
    },
    "fixed": {
      "rotation": [
        28.977495,
        -46.447407,
        21.86851
      ]
    },
    "ground": {
      "rotation": [
        28.977495,
        -46.447407,
        21.86851
      ]
    },
    "thirdperson_righthand": {
      "rotation": [
        28.977495,
        -46.447407,
        21.86851
      ]
    },
    "gui": {
      "rotation": [
        -169.57591,
        4.948094,
        -178.24315
      ]
    }
  }
}