{
  "textures": {
    "0": "e8x683vbb:tex/q74ml31z",
    "particle": "#0"
  },
  "elements": [
    {
      "from": [
        6.09377,
        7.02554,
        -12.123341
      ],
      "to": [
        9.86512,
        8.58768,
        -11.069401
      ],
      "faces": {
        "east": {
          "uv": [
            3.25,
            9.0,
            3.375,
            9.1875
          ],
          "tintindex": 0,
          "rotation": 0,
          "texture": "#0"
        },
        "south": {
          "uv": [
            2.125,
            7.25,
            2.59375,
            7.4375
          ],
          "tintindex": 0,
          "rotation": 0,
          "texture": "#0"
        },
        "north": {
          "uv": [
            7.0,
            6.375,
            7.46875,
            6.5625
          ],
          "tintindex": 0,
          "rotation": 0,
          "texture": "#0"
        },
        "west": {
          "uv": [
            9.0,
            3.25,
            9.125,
            3.4375
          ],
          "tintindex": 0,
          "rotation": 0,
          "texture": "#0"
        },
        "up": {
          "uv": [
            8.46875,
            3.625,
            8.0,
            3.5
          ],
          "tintindex": 0,
          "rotation": 0,
          "texture": "#0"
        },
        "down": {
          "uv": [
            8.46875,
            4.125,
            8.0,
            4.25
          ],
          "tintindex": 0,
          "rotation": 0,
          "texture": "#0"
        }
      },
      "rotation": {
        "origin": [
          7.97944,
          7.80661,
          -11.934771
        ],
        "angle": 45.0,
        "axis": "z"
      }
    },
    {
      "from": [
        7.19837,
        5.92094,
        -12.123341
      ],
      "to": [
        8.76052,
        9.69228,
        -11.069401
      ],
      "faces": {
        "east": {
          "uv": [
            0.375,
            6.375,
            0.5,
            6.84375
          ],
          "tintindex": 0,
          "rotation": 0,
          "texture": "#0"
        },
        "south": {
          "uv": [
            7.125,
            6.875,
            7.3125,
            7.34375
          ],
          "tintindex": 0,
          "rotation": 0,
          "texture": "#0"
        },
        "north": {
          "uv": [
            7.125,
            2.625,
            7.3125,
            3.09375
          ],
          "tintindex": 0,
          "rotation": 0,
          "texture": "#0"
        },
        "west": {
          "uv": [
            4.0,
            7.5,
            4.125,
            7.96875
          ],
          "tintindex": 0,
          "rotation": 0,
          "texture": "#0"
        },
        "up": {
          "uv": [
            6.3125,
            3.5,
            6.125,
            3.375
          ],
          "tintindex": 0,
          "rotation": 0,
          "texture": "#0"
        },
        "down": {
          "uv": [
            9.1875,
            1.0,
            9.0,
            1.125
          ],
          "tintindex": 0,
          "rotation": 0,
          "texture": "#0"
        }
      },
      "rotation": {
        "origin": [
          7.97944,
          7.80661,
          -11.934771
        ],
        "angle": 45.0,
        "axis": "z"
      }
    },
    {
      "from": [
        7.19837,
        5.92094,
        -12.123341
      ],
      "to": [
        8.76052,
        9.69228,
        -11.069401
      ],
      "faces": {
        "east": {
          "uv": [
            6.875,
            7.625,
            7.0,
            8.09375
          ],
          "tintindex": 0,
          "rotation": 0,
          "texture": "#0"
        },
        "south": {
          "uv": [
            1.875,
            7.25,
            2.0625,
            7.71875
          ],
          "tintindex": 0,
          "rotation": 0,
          "texture": "#0"
        },
        "north": {
          "uv": [
            0.5,
            7.25,
            0.6875,
            7.71875
          ],
          "tintindex": 0,
          "rotation": 0,
          "texture": "#0"
        },
        "west": {
          "uv": [
            4.0,
            8.0,
            4.125,
            8.46875
          ],
          "tintindex": 0,
          "rotation": 0,
          "texture": "#0"
        },
        "up": {
          "uv": [
            9.1875,
            2.875,
            9.0,
            2.75
          ],
          "tintindex": 0,
          "rotation": 0,
          "texture": "#0"
        },
        "down": {
          "uv": [
            3.0625,
            9.0,
            2.875,
            9.125
          ],
          "tintindex": 0,
          "rotation": 0,
          "texture": "#0"
        }
      }
    },
    {
      "from": [
        6.09377,
        7.02554,
        -12.123341
      ],
      "to": [
        9.86512,
        8.58768,
        -11.069401
      ],
      "faces": {
        "east": {
          "uv": [
            3.375,
            9.0,
            3.5,
            9.1875
          ],
          "tintindex": 0,
          "rotation": 0,
          "texture": "#0"
        },
        "south": {
          "uv": [
            3.625,
            7.25,
            4.09375,
            7.4375
          ],
          "tintindex": 0,
          "rotation": 0,
          "texture": "#0"
        },
        "north": {
          "uv": [
            7.25,
            3.125,
            7.71875,
            3.3125
          ],
          "tintindex": 0,
          "rotation": 0,
          "texture": "#0"
        },
        "west": {
          "uv": [
            3.5,
            9.0,
            3.625,
            9.1875
          ],
          "tintindex": 0,
          "rotation": 0,
          "texture": "#0"
        },
        "up": {
          "uv": [
            8.46875,
            4.375,
            8.0,
            4.25
          ],
          "tintindex": 0,
          "rotation": 0,
          "texture": "#0"
        },
        "down": {
          "uv": [
            8.46875,
            4.375,
            8.0,
            4.5
          ],
          "tintindex": 0,
          "rotation": 0,
          "texture": "#0"
        }
      }
    }
  ],
  "display": {
    "head": {
      "rotation": [
        0.0,
        0.0,
        0.0
      ]
    },
    "firstperson_righthand": {
      "rotation": [
        0.0,
        0.0,
        0.0
      ]
    },
    "thirdperson_lefthand": {
      "rotation": [
        0.0,
        -0.0,
        -0.0
      ]
    },
    "firstperson_lefthand": {
      "rotation": [
        0.0,
        -0.0,
        -0.0
      ]
    },
    "fixed": {
      "rotation": [
        0.0,
        0.0,
        0.0
      ]
    },
    "ground": {
      "rotation": [
        0.0,
        0.0,
        0.0
      ]
    },
    "thirdperson_righthand": {
      "rotation": [
        0.0,
        0.0,
        0.0
      ]
    },
    "gui": {
      "rotation": [
        -150.0,
        -45.0,
        180.0
      ]
    }
  }
}