{
  "textures": {
    "0": "lqutnhfw6:tex/dy6bwu8j",
    "particle": "#0"
  },
  "elements": [
    {
      "from": [
        3.5,
        5.0,
        1.0
      ],
      "to": [
        6.5,
        11.0,
        15.0
      ],
      "faces": {
        "east": {
          "uv": [
            1.75,
            11.96875,
            1.9375,
            12.40625
          ],
          "tintindex": 0,
          "rotation": 270,
          "texture": "#0"
        },
        "south": {
          "uv": [
            3.34375,
            14.0,
            3.25,
            13.8125
          ],
          "tintindex": 0,
          "rotation": 0,
          "texture": "#0"
        },
        "north": {
          "uv": [
            0.09375,
            13.84375,
            0.0,
            14.03125
          ],
          "tintindex": 0,
          "rotation": 180,
          "texture": "#0"
        },
        "west": {
          "uv": [
            1.96875,
            11.96875,
            2.15625,
            12.40625
          ],
          "tintindex": 0,
          "rotation": 90,
          "texture": "#0"
        }
      }
    },
    {
      "from": [
        3.4749985,
        1.0,
        5.0
      ],
      "to": [
        6.5249996,
        15.0,
        11.0
      ],
      "faces": {
        "east": {
          "uv": [
            3.0625,
            11.96875,
            3.25,
            12.40625
          ],
          "tintindex": 0,
          "rotation": 0,
          "texture": "#0"
        },
        "west": {
          "uv": [
            3.28125,
            11.96875,
            3.46875,
            12.40625
          ],
          "tintindex": 0,
          "rotation": 0,
          "texture": "#0"
        },
        "up": {
          "uv": [
            0.71875,
            14.03125,
            0.625,
            13.84375
          ],
          "tintindex": 0,
          "rotation": 0,
          "texture": "#0"
        },
        "down": {
          "uv": [
            0.84375,
            13.84375,
            0.75,
            14.03125
          ],
          "tintindex": 0,
          "rotation": 0,
          "texture": "#0"
        }
      }
    },
    {
      "from": [
        3.5249996,
        0.9250002,
        5.174999
      ],
      "to": [
        6.4750004,
        15.075,
        10.825001
      ],
      "faces": {
        "east": {
          "uv": [
            2.1875,
            11.96875,
            2.375,
            12.40625
          ],
          "tintindex": 0,
          "rotation": 0,
          "texture": "#0"
        },
        "south": {
          "uv": [
            0.0,
            0.0,
            0.0921875,
            0.4421875
          ],
          "tintindex": 0,
          "rotation": 0,
          "texture": "#0"
        },
        "north": {
          "uv": [
            0.0,
            0.0,
            0.0921875,
            0.4421875
          ],
          "tintindex": 0,
          "rotation": 0,
          "texture": "#0"
        },
        "west": {
          "uv": [
            2.40625,
            11.96875,
            2.59375,
            12.40625
          ],
          "tintindex": 0,
          "rotation": 0,
          "texture": "#0"
        },
        "up": {
          "uv": [
            0.21875,
            14.03125,
            0.125,
            13.84375
          ],
          "tintindex": 0,
          "rotation": 0,
          "texture": "#0"
        },
        "down": {
          "uv": [
            0.34375,
            13.84375,
            0.25,
            14.03125
          ],
          "tintindex": 0,
          "rotation": 0,
          "texture": "#0"
        }
      },
      "rotation": {
        "origin": [
          5.0,
          8.0,
          8.0
        ],
        "angle": -45.0,
        "axis": "x"
      }
    },
    {
      "from": [
        3.5249996,
        0.9250002,
        5.174999
      ],
      "to": [
        6.4750004,
        15.075,
        10.825001
      ],
      "faces": {
        "east": {
          "uv": [
            2.625,
            11.96875,
            2.8125,
            12.40625
          ],
          "tintindex": 0,
          "rotation": 0,
          "texture": "#0"
        },
        "south": {
          "uv": [
            0.0,
            0.0,
            0.0921875,
            0.4421875
          ],
          "tintindex": 0,
          "rotation": 0,
          "texture": "#0"
        },
        "north": {
          "uv": [
            0.0,
            0.0,
            0.0921875,
            0.4421875
          ],
          "tintindex": 0,
          "rotation": 0,
          "texture": "#0"
        },
        "west": {
          "uv": [
            2.84375,
            11.96875,
            3.03125,
            12.40625
          ],
          "tintindex": 0,
          "rotation": 0,
          "texture": "#0"
        },
        "up": {
          "uv": [
            0.46875,
            14.03125,
            0.375,
            13.84375
          ],
          "tintindex": 0,
          "rotation": 0,
          "texture": "#0"
        },
        "down": {
          "uv": [
            0.59375,
            13.84375,
            0.5,
            14.03125
          ],
          "tintindex": 0,
          "rotation": 0,
          "texture": "#0"
        }
      },
      "rotation": {
        "origin": [
          5.0,
          8.0,
          8.0
        ],
        "angle": 45.0,
        "axis": "x"
      }
    }
  ],
  "display": {
    "head": {
      "rotation": [
        0.0,
        0.0,
        0.0
      ]
    },
    "firstperson_righthand": {
      "rotation": [
        0.0,
        0.0,
        0.0
      ]
    },
    "thirdperson_lefthand": {
      "rotation": [
        0.0,
        -0.0,
        -0.0
      ]
    },
    "firstperson_lefthand": {
      "rotation": [
        0.0,
        -0.0,
        -0.0
      ]
    },
    "fixed": {
      "rotation": [
        0.0,
        0.0,
        0.0
      ]
    },
    "ground": {
      "rotation": [
        0.0,
        0.0,
        0.0
      ]
    },
    "thirdperson_righthand": {
      "rotation": [
        0.0,
        0.0,
        0.0
      ]
    },
    "gui": {
      "rotation": [
        -150.0,
        -45.0,
        180.0
      ]
    }
  }
}