{
  "textures": {
    "6": "gwjritg0z:tex/rgbchkdy",
    "particle": "#6"
  },
  "elements": [
    {
      "from": [
        -4.386859,
        7.0744534,
        -0.40179062
      ],
      "to": [
        4.3131404,
        10.524452,
        0.09820938
      ],
      "faces": {
        "north": {
          "uv": [
            7.625,
            0.0,
            8.15625,
            0.21875
          ],
          "tintindex": 0,
          "rotation": 0,
          "texture": "#6"
        },
        "up": {
          "uv": [
            9.34375,
            0.75,
            8.8125,
            0.71875
          ],
          "tintindex": 0,
          "rotation": 0,
          "texture": "#6"
        }
      }
    }
  ],
  "display": {
    "head": {
      "rotation": [
        28.977493,
        -46.447403,
        95.86851
      ]
    },
    "firstperson_righthand": {
      "rotation": [
        28.977493,
        -46.447403,
        95.86851
      ]
    },
    "thirdperson_lefthand": {
      "rotation": [
        28.977493,
        46.447403,
        -95.86851
      ]
    },
    "firstperson_lefthand": {
      "rotation": [
        28.977493,
        46.447403,
        -95.86851
      ]
    },
    "fixed": {
      "rotation": [
        28.977493,
        -46.447403,
        95.86851
      ]
    },
    "ground": {
      "rotation": [
        28.977493,
        -46.447403,
        95.86851
      ]
    },
    "thirdperson_righthand": {
      "rotation": [
        28.977493,
        -46.447403,
        95.86851
      ]
    },
    "gui": {
      "rotation": [
        -169.57591,
        4.94809,
        -104.24315
      ]
    }
  }
}