{
  "textures": {
    "1": "lqutnhfw6:tex/89qumttx",
    "particle": "#1"
  },
  "elements": [
    {
      "from": [
        -9.325001,
        8.1,
        9.0
      ],
      "to": [
        -8.825001,
        9.1,
        14.0
      ],
      "faces": {
        "east": {
          "uv": [
            9.21875,
            4.875,
            9.53125,
            4.9375
          ],
          "tintindex": 0,
          "rotation": 0,
          "texture": "#1"
        },
        "south": {
          "uv": [
            9.40625,
            5.34375,
            9.4375,
            5.40625
          ],
          "tintindex": 0,
          "rotation": 0,
          "texture": "#1"
        },
        "north": {
          "uv": [
            9.40625,
            5.25,
            9.4375,
            5.3125
          ],
          "tintindex": 0,
          "rotation": 0,
          "texture": "#1"
        },
        "west": {
          "uv": [
            9.21875,
            4.96875,
            9.53125,
            5.03125
          ],
          "tintindex": 0,
          "rotation": 0,
          "texture": "#1"
        },
        "up": {
          "uv": [
            8.9375,
            5.5625,
            8.90625,
            5.25
          ],
          "tintindex": 0,
          "rotation": 0,
          "texture": "#1"
        }
      }
    },
    {
      "from": [
        -9.825001,
        8.1,
        -3.5
      ],
      "to": [
        -9.325001,
        9.1,
        1.5
      ],
      "faces": {
        "east": {
          "uv": [
            8.53125,
            5.0625,
            8.84375,
            5.125
          ],
          "tintindex": 0,
          "rotation": 0,
          "texture": "#1"
        },
        "south": {
          "uv": [
            9.21875,
            5.34375,
            9.25,
            5.40625
          ],
          "tintindex": 0,
          "rotation": 0,
          "texture": "#1"
        },
        "north": {
          "uv": [
            9.15625,
            5.34375,
            9.1875,
            5.40625
          ],
          "tintindex": 0,
          "rotation": 0,
          "texture": "#1"
        },
        "west": {
          "uv": [
            8.875,
            5.0625,
            9.1875,
            5.125
          ],
          "tintindex": 0,
          "rotation": 0,
          "texture": "#1"
        },
        "up": {
          "uv": [
            8.8125,
            5.5625,
            8.78125,
            5.25
          ],
          "tintindex": 0,
          "rotation": 0,
          "texture": "#1"
        }
      }
    },
    {
      "from": [
        -9.825001,
        8.1,
        2.0
      ],
      "to": [
        -9.325001,
        9.1,
        7.0
      ],
      "faces": {
        "east": {
          "uv": [
            8.53125,
            5.15625,
            8.84375,
            5.21875
          ],
          "tintindex": 0,
          "rotation": 0,
          "texture": "#1"
        },
        "south": {
          "uv": [
            9.34375,
            5.34375,
            9.375,
            5.40625
          ],
          "tintindex": 0,
          "rotation": 0,
          "texture": "#1"
        },
        "north": {
          "uv": [
            9.28125,
            5.34375,
            9.3125,
            5.40625
          ],
          "tintindex": 0,
          "rotation": 0,
          "texture": "#1"
        },
        "west": {
          "uv": [
            8.875,
            5.15625,
            9.1875,
            5.21875
          ],
          "tintindex": 0,
          "rotation": 0,
          "texture": "#1"
        },
        "up": {
          "uv": [
            8.875,
            5.5625,
            8.84375,
            5.25
          ],
          "tintindex": 0,
          "rotation": 0,
          "texture": "#1"
        }
      }
    }
  ],
  "display": {
    "head": {
      "rotation": [
        0.0,
        0.0,
        0.0
      ]
    },
    "firstperson_righthand": {
      "rotation": [
        0.0,
        0.0,
        0.0
      ]
    },
    "thirdperson_lefthand": {
      "rotation": [
        0.0,
        -0.0,
        -0.0
      ]
    },
    "firstperson_lefthand": {
      "rotation": [
        0.0,
        -0.0,
        -0.0
      ]
    },
    "fixed": {
      "rotation": [
        0.0,
        0.0,
        0.0
      ]
    },
    "ground": {
      "rotation": [
        0.0,
        0.0,
        0.0
      ]
    },
    "thirdperson_righthand": {
      "rotation": [
        0.0,
        0.0,
        0.0
      ]
    },
    "gui": {
      "rotation": [
        -150.0,
        -45.0,
        180.0
      ]
    }
  }
}