{
  "textures": {
    "6": "gwjritg0z:tex/rgbchkdy",
    "particle": "#6"
  },
  "elements": [
    {
      "from": [
        0.34166622,
        15.091702,
        17.056759
      ],
      "to": [
        2.3416662,
        16.058369,
        21.356758
      ],
      "faces": {
        "east": {
          "uv": [
            8.53125,
            4.59375,
            8.9375,
            4.6875
          ],
          "tintindex": 0,
          "rotation": 0,
          "texture": "#6"
        },
        "south": {
          "uv": [
            8.90625,
            7.1875,
            9.09375,
            7.28125
          ],
          "tintindex": 0,
          "rotation": 0,
          "texture": "#6"
        },
        "north": {
          "uv": [
            8.90625,
            5.59375,
            9.09375,
            5.6875
          ],
          "tintindex": 0,
          "rotation": 0,
          "texture": "#6"
        },
        "west": {
          "uv": [
            8.53125,
            5.28125,
            8.9375,
            5.375
          ],
          "tintindex": 0,
          "rotation": 0,
          "texture": "#6"
        },
        "up": {
          "uv": [
            1.46875,
            8.5,
            1.28125,
            8.09375
          ],
          "tintindex": 0,
          "rotation": 0,
          "texture": "#6"
        }
      }
    },
    {
      "from": [
        -0.9916668,
        15.091702,
        20.723425
      ],
      "to": [
        0.34166622,
        16.058369,
        21.356758
      ],
      "faces": {
        "east": {
          "uv": [
            5.46875,
            9.09375,
            5.53125,
            9.1875
          ],
          "tintindex": 0,
          "rotation": 0,
          "texture": "#6"
        },
        "south": {
          "uv": [
            9.03125,
            6.4375,
            9.15625,
            6.53125
          ],
          "tintindex": 0,
          "rotation": 0,
          "texture": "#6"
        },
        "north": {
          "uv": [
            3.875,
            9.03125,
            4.0,
            9.125
          ],
          "tintindex": 0,
          "rotation": 0,
          "texture": "#6"
        },
        "west": {
          "uv": [
            0.59375,
            9.125,
            0.65625,
            9.21875
          ],
          "tintindex": 0,
          "rotation": 0,
          "texture": "#6"
        },
        "up": {
          "uv": [
            9.25,
            4.34375,
            9.125,
            4.28125
          ],
          "tintindex": 0,
          "rotation": 0,
          "texture": "#6"
        },
        "down": {
          "uv": [
            9.25,
            4.375,
            9.125,
            4.4375
          ],
          "tintindex": 0,
          "rotation": 0,
          "texture": "#6"
        }
      }
    },
    {
      "from": [
        2.3416662,
        12.0917015,
        17.056759
      ],
      "to": [
        13.658334,
        16.058369,
        26.690092
      ],
      "faces": {
        "east": {
          "uv": [
            6.0,
            4.28125,
            6.90625,
            4.65625
          ],
          "tintindex": 0,
          "rotation": 0,
          "texture": "#6"
        },
        "south": {
          "uv": [
            5.8125,
            1.5625,
            6.875,
            1.9375
          ],
          "tintindex": 0,
          "rotation": 0,
          "texture": "#6"
        },
        "north": {
          "uv": [
            5.71875,
            0.5,
            6.78125,
            0.875
          ],
          "tintindex": 0,
          "rotation": 0,
          "texture": "#6"
        },
        "west": {
          "uv": [
            6.1875,
            2.28125,
            7.09375,
            2.65625
          ],
          "tintindex": 0,
          "rotation": 0,
          "texture": "#6"
        },
        "up": {
          "uv": [
            4.875,
            1.875,
            3.8125,
            0.96875
          ],
          "tintindex": 0,
          "rotation": 0,
          "texture": "#6"
        }
      }
    },
    {
      "from": [
        15.658334,
        15.091702,
        20.723425
      ],
      "to": [
        16.983334,
        16.058369,
        21.356758
      ],
      "faces": {
        "east": {
          "uv": [
            6.125,
            6.75,
            6.1875,
            6.84375
          ],
          "tintindex": 0,
          "rotation": 0,
          "texture": "#6"
        },
        "south": {
          "uv": [
            9.03125,
            3.6875,
            9.15625,
            3.78125
          ],
          "tintindex": 0,
          "rotation": 0,
          "texture": "#6"
        },
        "north": {
          "uv": [
            9.03125,
            2.0,
            9.15625,
            2.09375
          ],
          "tintindex": 0,
          "rotation": 0,
          "texture": "#6"
        },
        "west": {
          "uv": [
            6.5,
            8.34375,
            6.5625,
            8.4375
          ],
          "tintindex": 0,
          "rotation": 0,
          "texture": "#6"
        },
        "up": {
          "uv": [
            7.65625,
            6.125,
            7.53125,
            6.0625
          ],
          "tintindex": 0,
          "rotation": 0,
          "texture": "#6"
        },
        "down": {
          "uv": [
            9.25,
            1.03125,
            9.125,
            1.09375
          ],
          "tintindex": 0,
          "rotation": 0,
          "texture": "#6"
        }
      }
    },
    {
      "from": [
        13.658334,
        15.091702,
        17.056759
      ],
      "to": [
        15.658334,
        16.058369,
        21.356758
      ],
      "faces": {
        "east": {
          "uv": [
            8.53125,
            1.6875,
            8.9375,
            1.78125
          ],
          "tintindex": 0,
          "rotation": 0,
          "texture": "#6"
        },
        "south": {
          "uv": [
            8.90625,
            4.375,
            9.09375,
            4.46875
          ],
          "tintindex": 0,
          "rotation": 0,
          "texture": "#6"
        },
        "north": {
          "uv": [
            8.875,
            3.90625,
            9.0625,
            4.0
          ],
          "tintindex": 0,
          "rotation": 0,
          "texture": "#6"
        },
        "west": {
          "uv": [
            8.53125,
            3.40625,
            8.9375,
            3.5
          ],
          "tintindex": 0,
          "rotation": 0,
          "texture": "#6"
        },
        "up": {
          "uv": [
            8.15625,
            8.4375,
            7.96875,
            8.03125
          ],
          "tintindex": 0,
          "rotation": 0,
          "texture": "#6"
        }
      }
    }
  ],
  "display": {
    "head": {
      "rotation": [
        36.0,
        0.0,
        -0.0
      ]
    },
    "firstperson_righthand": {
      "rotation": [
        36.0,
        0.0,
        -0.0
      ]
    },
    "thirdperson_lefthand": {
      "rotation": [
        36.0,
        -0.0,
        0.0
      ]
    },
    "firstperson_lefthand": {
      "rotation": [
        36.0,
        -0.0,
        0.0
      ]
    },
    "fixed": {
      "rotation": [
        36.0,
        0.0,
        -0.0
      ]
    },
    "ground": {
      "rotation": [
        36.0,
        0.0,
        -0.0
      ]
    },
    "thirdperson_righthand": {
      "rotation": [
        36.0,
        0.0,
        -0.0
      ]
    },
    "gui": {
      "rotation": [
        164.2233,
        -34.8941,
        149.55362
      ]
    }
  }
}