{
  "textures": {
    "0": "xq9rmjx80:tex/kjanzurh",
    "particle": "#0"
  },
  "elements": [
    {
      "from": [
        -0.058172226,
        20.015564,
        14.583258
      ],
      "to": [
        0.6084943,
        23.098898,
        15.416592
      ],
      "faces": {
        "west": {
          "uv": [
            9.625,
            11.25,
            9.8125,
            11.8125
          ],
          "tintindex": 0,
          "rotation": 0,
          "texture": "#0"
        }
      }
    }
  ],
  "display": {
    "head": {
      "rotation": [
        -14.333346,
        2.885753,
        -12.105021
      ]
    },
    "firstperson_righthand": {
      "rotation": [
        -14.333346,
        2.885753,
        -12.105021
      ]
    },
    "thirdperson_lefthand": {
      "rotation": [
        -14.333346,
        -2.885753,
        12.105021
      ]
    },
    "firstperson_lefthand": {
      "rotation": [
        -14.333346,
        -2.885753,
        12.105021
      ]
    },
    "fixed": {
      "rotation": [
        -14.333346,
        2.885753,
        -12.105021
      ]
    },
    "ground": {
      "rotation": [
        -14.333346,
        2.885753,
        -12.105021
      ]
    },
    "thirdperson_righthand": {
      "rotation": [
        -14.333346,
        2.885753,
        -12.105021
      ]
    },
    "gui": {
      "rotation": [
        -129.13377,
        -46.040123,
        -177.49834
      ]
    }
  }
}