{
  "textures": {
    "0": "xq9rmjx80:tex/kjanzurh",
    "particle": "#0"
  },
  "elements": [
    {
      "from": [
        12.840349,
        21.582792,
        10.543119
      ],
      "to": [
        13.507015,
        23.582792,
        22.051569
      ],
      "faces": {
        "up": {
          "uv": [
            2.5,
            12.3125,
            2.375,
            10.125
          ],
          "tintindex": 0,
          "rotation": 0,
          "texture": "#0"
        }
      }
    }
  ],
  "display": {
    "head": {
      "rotation": [
        10.007976,
        2.1556509,
        -0.24999513
      ]
    },
    "firstperson_righthand": {
      "rotation": [
        10.007976,
        2.1556509,
        -0.24999513
      ]
    },
    "thirdperson_lefthand": {
      "rotation": [
        10.007976,
        -2.1556509,
        0.24999513
      ]
    },
    "firstperson_lefthand": {
      "rotation": [
        10.007976,
        -2.1556509,
        0.24999513
      ]
    },
    "fixed": {
      "rotation": [
        10.007976,
        2.1556509,
        -0.24999513
      ]
    },
    "ground": {
      "rotation": [
        10.007976,
        2.1556509,
        -0.24999513
      ]
    },
    "thirdperson_righthand": {
      "rotation": [
        10.007976,
        2.1556509,
        -0.24999513
      ]
    },
    "gui": {
      "rotation": [
        -164.54659,
        -46.25727,
        169.51257
      ]
    }
  }
}