{
  "textures": {
    "0": "5exp3rjkn:tex/6lbo7w2b",
    "particle": "#0"
  },
  "elements": [
    {
      "from": [
        8.0,
        8.015224,
        6.2722797
      ],
      "to": [
        10.4,
        8.215224,
        7.174408
      ],
      "faces": {
        "east": {
          "uv": [
            4.5,
            7.9375,
            4.65625,
            7.96875
          ],
          "tintindex": 0,
          "rotation": 0,
          "texture": "#0"
        },
        "south": {
          "uv": [
            8.78125,
            1.3125,
            9.15625,
            1.34375
          ],
          "tintindex": 0,
          "rotation": 0,
          "texture": "#0"
        },
        "north": {
          "uv": [
            8.75,
            3.1875,
            9.125,
            3.21875
          ],
          "tintindex": 0,
          "rotation": 0,
          "texture": "#0"
        },
        "west": {
          "uv": [
            8.0,
            6.78125,
            8.15625,
            6.8125
          ],
          "tintindex": 0,
          "rotation": 0,
          "texture": "#0"
        },
        "up": {
          "uv": [
            7.96875,
            5.90625,
            7.59375,
            5.75
          ],
          "tintindex": 0,
          "rotation": 0,
          "texture": "#0"
        },
        "down": {
          "uv": [
            7.96875,
            5.90625,
            7.59375,
            6.0625
          ],
          "tintindex": 0,
          "rotation": 0,
          "texture": "#0"
        }
      },
      "rotation": {
        "origin": [
          8.0,
          8.015224,
          7.174408
        ],
        "angle": -22.5,
        "axis": "x"
      }
    },
    {
      "from": [
        8.0,
        8.0,
        7.0978713
      ],
      "to": [
        10.4,
        8.2,
        26.8
      ],
      "faces": {
        "east": {
          "uv": [
            6.15625,
            1.375,
            9.25,
            1.40625
          ],
          "tintindex": 0,
          "rotation": 0,
          "texture": "#0"
        },
        "south": {
          "uv": [
            7.625,
            1.3125,
            8.0,
            1.34375
          ],
          "tintindex": 0,
          "rotation": 0,
          "texture": "#0"
        },
        "north": {
          "uv": [
            7.59375,
            6.0625,
            7.96875,
            6.09375
          ],
          "tintindex": 0,
          "rotation": 0,
          "texture": "#0"
        },
        "west": {
          "uv": [
            6.15625,
            1.40625,
            9.25,
            1.4375
          ],
          "tintindex": 0,
          "rotation": 0,
          "texture": "#0"
        },
        "up": {
          "uv": [
            0.375,
            5.84375,
            0.0,
            2.75
          ],
          "tintindex": 0,
          "rotation": 0,
          "texture": "#0"
        },
        "down": {
          "uv": [
            0.75,
            2.75,
            0.375,
            5.84375
          ],
          "tintindex": 0,
          "rotation": 0,
          "texture": "#0"
        }
      }
    },
    {
      "from": [
        8.2,
        8.2,
        10.497871
      ],
      "to": [
        10.4,
        9.2,
        14.200001
      ],
      "faces": {
        "east": {
          "uv": [
            6.375,
            6.46875,
            6.96875,
            6.625
          ],
          "tintindex": 0,
          "rotation": 0,
          "texture": "#0"
        },
        "south": {
          "uv": [
            7.625,
            6.25,
            7.96875,
            6.40625
          ],
          "tintindex": 0,
          "rotation": 0,
          "texture": "#0"
        },
        "north": {
          "uv": [
            6.09375,
            7.625,
            6.4375,
            7.78125
          ],
          "tintindex": 0,
          "rotation": 0,
          "texture": "#0"
        },
        "west": {
          "uv": [
            6.53125,
            5.625,
            7.125,
            5.78125
          ],
          "tintindex": 0,
          "rotation": 0,
          "texture": "#0"
        },
        "up": {
          "uv": [
            2.34375,
            6.0,
            2.0,
            5.40625
          ],
          "tintindex": 0,
          "rotation": 0,
          "texture": "#0"
        },
        "down": {
          "uv": [
            2.6875,
            5.40625,
            2.34375,
            6.0
          ],
          "tintindex": 0,
          "rotation": 0,
          "texture": "#0"
        }
      }
    },
    {
      "from": [
        8.8,
        8.0,
        15.097872
      ],
      "to": [
        10.4,
        8.8,
        15.4
      ],
      "faces": {
        "east": {
          "uv": [
            7.09375,
            8.9375,
            7.15625,
            9.0625
          ],
          "tintindex": 0,
          "rotation": 0,
          "texture": "#0"
        },
        "south": {
          "uv": [
            0.5625,
            8.34375,
            0.8125,
            8.46875
          ],
          "tintindex": 0,
          "rotation": 0,
          "texture": "#0"
        },
        "north": {
          "uv": [
            8.21875,
            3.25,
            8.46875,
            3.375
          ],
          "tintindex": 0,
          "rotation": 0,
          "texture": "#0"
        },
        "west": {
          "uv": [
            8.40625,
            8.9375,
            8.46875,
            9.0625
          ],
          "tintindex": 0,
          "rotation": 0,
          "texture": "#0"
        },
        "up": {
          "uv": [
            7.53125,
            3.0,
            7.28125,
            2.9375
          ],
          "tintindex": 0,
          "rotation": 0,
          "texture": "#0"
        },
        "down": {
          "uv": [
            7.9375,
            4.65625,
            7.6875,
            4.71875
          ],
          "tintindex": 0,
          "rotation": 0,
          "texture": "#0"
        }
      },
      "rotation": {
        "origin": [
          9.6,
          8.4,
          15.248936
        ],
        "angle": 22.5,
        "axis": "z"
      }
    },
    {
      "from": [
        8.8,
        8.2,
        16.097872
      ],
      "to": [
        10.4,
        9.0,
        21.400002
      ],
      "faces": {
        "east": {
          "uv": [
            6.4375,
            2.75,
            7.28125,
            2.875
          ],
          "tintindex": 0,
          "rotation": 0,
          "texture": "#0"
        },
        "south": {
          "uv": [
            8.1875,
            6.625,
            8.4375,
            6.75
          ],
          "tintindex": 0,
          "rotation": 0,
          "texture": "#0"
        },
        "north": {
          "uv": [
            8.15625,
            3.96875,
            8.40625,
            4.09375
          ],
          "tintindex": 0,
          "rotation": 0,
          "texture": "#0"
        },
        "west": {
          "uv": [
            6.4375,
            2.875,
            7.28125,
            3.0
          ],
          "tintindex": 0,
          "rotation": 0,
          "texture": "#0"
        },
        "up": {
          "uv": [
            5.21875,
            5.96875,
            4.96875,
            5.125
          ],
          "tintindex": 0,
          "rotation": 0,
          "texture": "#0"
        },
        "down": {
          "uv": [
            5.46875,
            5.125,
            5.21875,
            5.96875
          ],
          "tintindex": 0,
          "rotation": 0,
          "texture": "#0"
        }
      }
    },
    {
      "from": [
        8.2,
        8.2,
        8.097872
      ],
      "to": [
        10.4,
        8.4,
        10.2
      ],