{
  "textures": {
    "0": "xq9rmjx80:tex/kjanzurh",
    "particle": "#0"
  },
  "elements": [
    {
      "from": [
        -10.479717,
        -8.133926,
        8.315219
      ],
      "to": [
        -9.146385,
        -7.606887,
        17.58885
      ],
      "faces": {
        "west": {
          "uv": [
            11.0,
            4.1875,
            12.75,
            4.3125
          ],
          "tintindex": 0,
          "rotation": 0,
          "texture": "#0"
        }
      }
    }
  ],
  "display": {
    "head": {
      "rotation": [
        -58.918823,
        50.945343,
        48.967228
      ]
    },
    "firstperson_righthand": {
      "rotation": [
        -58.918823,
        50.945343,
        48.967228
      ]
    },
    "thirdperson_lefthand": {
      "rotation": [
        -58.918823,
        -50.945343,
        -48.967228
      ]
    },
    "firstperson_lefthand": {
      "rotation": [
        -58.918823,
        -50.945343,
        -48.967228
      ]
    },
    "fixed": {
      "rotation": [
        -58.918823,
        50.945343,
        48.967228
      ]
    },
    "ground": {
      "rotation": [
        -58.918823,
        50.945343,
        48.967228
      ]
    },
    "thirdperson_righthand": {
      "rotation": [
        -58.918823,
        50.945343,
        48.967228
      ]
    },
    "gui": {
      "rotation": [
        -29.401863,
        -51.17837,
        -56.013226
      ]
    }
  }
}