{
  "textures": {
    "0": "5exp3rjkn:tex/6lbo7w2b",
    "particle": "#0"
  },
  "elements": [
    {
      "from": [
        5.333333,
        10.424297,
        -9.832788
      ],
      "to": [
        11.0,
        11.090964,
        -9.166122
      ],
      "faces": {
        "east": {
          "uv": [
            2.125,
            8.53125,
            2.1875,
            8.59375
          ],
          "tintindex": 0,
          "rotation": 0,
          "texture": "#0"
        },
        "south": {
          "uv": [
            5.0625,
            4.28125,
            5.59375,
            4.34375
          ],
          "tintindex": 0,
          "rotation": 0,
          "texture": "#0"
        },
        "north": {
          "uv": [
            4.5,
            2.0,
            5.03125,
            2.0625
          ],
          "tintindex": 0,
          "rotation": 0,
          "texture": "#0"
        },
        "west": {
          "uv": [
            8.625,
            6.625,
            8.6875,
            6.6875
          ],
          "tintindex": 0,
          "rotation": 0,
          "texture": "#0"
        },
        "up": {
          "uv": [
            7.6875,
            4.09375,
            7.15625,
            4.03125
          ],
          "tintindex": 0,
          "rotation": 0,
          "texture": "#0"
        },
        "down": {
          "uv": [
            7.84375,
            2.5625,
            7.3125,
            2.625
          ],
          "tintindex": 0,
          "rotation": 0,
          "texture": "#0"
        }
      },
      "rotation": {
        "origin": [
          8.0,
          9.924297,
          -12.166122
        ],
        "angle": 45.0,
        "axis": "x"
      }
    },
    {
      "from": [
        1.9966664,
        7.174743,
        -9.695227
      ],
      "to": [
        14.003334,
        8.848077,
        -2.6885605
      ],
      "faces": {
        "east": {
          "uv": [
            6.4375,
            4.53125,
            7.09375,
            4.6875
          ],
          "tintindex": 0,
          "rotation": 0,
          "texture": "#0"
        },
        "south": {
          "uv": [
            5.8125,
            5.46875,
            6.9375,
            5.625
          ],
          "tintindex": 0,
          "rotation": 0,
          "texture": "#0"
        },
        "north": {
          "uv": [
            5.625,
            1.4375,
            6.75,
            1.59375
          ],
          "tintindex": 0,
          "rotation": 0,
          "texture": "#0"
        },
        "west": {
          "uv": [
            6.4375,
            4.6875,
            7.09375,
            4.84375
          ],
          "tintindex": 0,
          "rotation": 0,
          "texture": "#0"
        },
        "up": {
          "uv": [
            4.5,
            1.40625,
            3.375,
            0.75
          ],
          "tintindex": 0,
          "rotation": 0,
          "texture": "#0"
        },
        "down": {
          "uv": [
            4.5,
            1.40625,
            3.375,
            2.0625
          ],
          "tintindex": 0,
          "rotation": 0,
          "texture": "#0"
        }
      },
      "rotation": {
        "origin": [
          8.0,
          8.01141,
          -6.0252266
        ],
        "angle": 22.5,
        "axis": "x"
      }
    },
    {
      "from": [
        2.0,
        5.9659,
        -3.2645302
      ],
      "to": [
        14.0,
        7.632567,
        26.068804
      ],
      "faces": {
        "east": {
          "uv": [
            4.5,
            1.6875,
            7.25,
            1.84375
          ],
          "tintindex": 0,
          "rotation": 0,
          "texture": "#0"
        },
        "south": {
          "uv": [
            5.90625,
            0.46875,
            7.03125,
            0.625
          ],
          "tintindex": 0,
          "rotation": 0,
          "texture": "#0"
        },
        "north": {
          "uv": [
            5.90625,
            0.3125,
            7.03125,
            0.46875
          ],
          "tintindex": 0,
          "rotation": 0,
          "texture": "#0"
        },
        "west": {
          "uv": [
            4.5,
            1.84375,
            7.25,
            2.0
          ],
          "tintindex": 0,
          "rotation": 0,
          "texture": "#0"
        },
        "up": {
          "uv": [
            1.125,
            2.75,
            0.0,
            0.0
          ],
          "tintindex": 0,
          "rotation": 0,
          "texture": "#0"
        },
        "down": {
          "uv": [
            2.25,
            0.0,
            1.125,
            2.75
          ],
          "tintindex": 0,
          "rotation": 0,
          "texture": "#0"
        }
      }
    },
    {
      "from": [
        2.0,
        8.632566,
        -9.597864
      ],
      "to": [
        14.0,
        10.632566,
        -4.597864
      ],
      "faces": {
        "east": {
          "uv": [
            1.125,
            6.625,
            1.59375,
            6.8125
          ],
          "tintindex": 0,
          "rotation": 0,
          "texture": "#0"
        },
        "south": {
          "uv": [
            5.0625,
            3.71875,
            6.1875,
            3.90625
          ],
          "tintindex": 0,
          "rotation": 0,
          "texture": "#0"
        },
        "north": {
          "uv": [
            5.0625,
            3.53125,
            6.1875,
            3.71875
          ],
          "tintindex": 0,
          "rotation": 0,
          "texture": "#0"
        },
        "west": {
          "uv": [
            2.375,
            6.625,
            2.84375,
            6.8125
          ],
          "tintindex": 0,
          "rotation": 0,
          "texture": "#0"
        },
        "up": {
          "uv": [
            5.625,
            1.21875,
            4.5,
            0.75
          ],
          "tintindex": 0,
          "rotation": 0,
          "texture": "#0"
        },
        "down": {
          "uv": [
            5.625,
            1.21875,
            4.5,
            1.6875
          ],
          "tintindex": 0,
          "rotation": 0,
          "texture": "#0"
        }
      }
    },
    {
      "from": [
        1.6666665,
        9.090963,
        -10.166122
      ],
      "to": [
        14.333334,
        10.424297,
        -8.832787
      ],
      "faces": {
        "east": {
          "uv": [
            5.6875,
            8.5,
            5.8125,
            8.625
          ],
          "tintindex": 0,
          "rotation": 0,
          "texture": "#0"
        },
        "south": {
          "uv": [
            6.15625,
            1.25,
            7.34375,
            1.375
          ],
          "tintindex": 0,
          "rotation": 0,
          "texture": "#0"
        },
        "north": {
          "uv": [
            5.90625,
            4.90625,
            7.09375,
            5.03125
          ],
          "tintindex": 0,
          "rotation": 0,
          "texture": "#0"
        },
        "west": {
          "uv": [
            5.8125,
            8.5,
            5.9375,
            8.625
          ],
          "tintindex": 0,
          "rotation": 0,
          "texture": "#0"
        },
        "up": {
          "uv": [
            7.375,
            4.28125,
            6.1875,
            4.15625
          ],
          "tintindex": 0,
          "rotation": 0,
          "texture": "#0"
        },
        "down": {
          "uv": [
            3.09375,
            6.3125,
            1.90625,
            6.4375
          ],
          "tintindex": 0,
          "rotation": 0,
          "texture": "#0"
        }
      },
      "rotation": {
        "origin": [
          8.0,
          9.924297,
          -12.166122
        ],
        "angle": 45.0,