{
  "textures": {
    "0": "xq9rmjx80:tex/kjanzurh",
    "particle": "#0"
  },
  "elements": [
    {
      "from": [
        6.6667013,
        -4.6666517,
        -3.3333359
      ],
      "to": [
        8.000035,
        6.0000157,
        7.99207
      ],
      "faces": {
        "east": {
          "uv": [
            0.0,
            4.25,
            2.125,
            6.25
          ],
          "tintindex": 0,
          "rotation": 0,
          "texture": "#0"
        }
      }
    }
  ],
  "display": {
    "head": {
      "rotation": [
        -0.22716922,
        0.05034357,
        -0.0008004018
      ]
    },
    "firstperson_righthand": {
      "rotation": [
        -0.22716922,
        0.05034357,
        -0.0008004018
      ]
    },
    "thirdperson_lefthand": {
      "rotation": [
        -0.22716922,
        -0.05034357,
        0.0008004018
      ]
    },
    "firstperson_lefthand": {
      "rotation": [
        -0.22716922,
        -0.05034357,
        0.0008004018
      ]
    },
    "fixed": {
      "rotation": [
        -0.22716922,
        0.05034357,
        -0.0008004018
      ]
    },
    "ground": {
      "rotation": [
        -0.22716922,
        0.05034357,
        -0.0008004018
      ]
    },
    "thirdperson_righthand": {
      "rotation": [
        -0.22716922,
        0.05034357,
        -0.0008004018
      ]
    },
    "gui": {
      "rotation": [
        -149.67845,
        -45.049892,
        -179.77344
      ]
    }
  }
}