{
  "textures": {
    "0": "xq9rmjx80:tex/kjanzurh",
    "particle": "#0"
  },
  "elements": [
    {
      "from": [
        1.6154065,
        -2.7622643,
        21.290724
      ],
      "to": [
        14.384594,
        -1.0955973,
        22.069891
      ],
      "faces": {
        "down": {
          "uv": [
            12.875,
            8.4375,
            10.5,
            8.5625
          ],
          "tintindex": 0,
          "rotation": 0,
          "texture": "#0"
        }
      }
    },
    {
      "from": [
        0.19874,
        -2.7622643,
        20.95739
      ],
      "to": [
        15.80126,
        -1.0955973,
        21.290724
      ],
      "faces": {
        "down": {
          "uv": [
            14.0,
            10.625,
            11.0625,
            10.6875
          ],
          "tintindex": 0,
          "rotation": 0,
          "texture": "#0"
        }
      }
    },
    {
      "from": [
        5.6154065,
        -2.7622643,
        22.069891
      ],
      "to": [
        10.384594,
        -1.0955973,
        23.403225
      ],
      "faces": {
        "down": {
          "uv": [
            11.875,
            4.375,
            11.0,
            4.625
          ],
          "tintindex": 0,
          "rotation": 0,
          "texture": "#0"
        }
      }
    }
  ],
  "display": {
    "head": {
      "rotation": [
        -48.30144,
        0.0,
        0.0
      ]
    },
    "firstperson_righthand": {
      "rotation": [
        -48.30144,
        0.0,
        0.0
      ]
    },
    "thirdperson_lefthand": {
      "rotation": [
        -48.30144,
        -0.0,
        -0.0
      ]
    },
    "firstperson_lefthand": {
      "rotation": [
        -48.30144,
        -0.0,
        -0.0
      ]
    },
    "fixed": {
      "rotation": [
        -48.30144,
        0.0,
        0.0
      ]
    },
    "ground": {
      "rotation": [
        -48.30144,
        0.0,
        0.0
      ]
    },
    "thirdperson_righthand": {
      "rotation": [
        -48.30144,
        0.0,
        0.0
      ]
    },
    "gui": {
      "rotation": [
        -92.20999,
        -28.058681,
        -143.25296
      ]
    }
  }
}