{
  "textures": {
    "0": "2thxh28ly:tex/9h99ta8j",
    "particle": "#0"
  },
  "elements": [
    {
      "from": [
        9.5,
        6.0,
        3.0
      ],
      "to": [
        16.5,
        10.0,
        13.0
      ],
      "faces": {
        "east": {
          "uv": [
            5.0,
            11.84375,
            5.125,
            12.15625
          ],
          "tintindex": 0,
          "rotation": 270,
          "texture": "#0"
        },
        "south": {
          "uv": [
            5.3125,
            10.8125,
            5.09375,
            10.6875
          ],
          "tintindex": 0,
          "rotation": 0,
          "texture": "#0"
        },
        "north": {
          "uv": [
            5.3125,
            10.84375,
            5.09375,
            10.96875
          ],
          "tintindex": 0,
          "rotation": 180,
          "texture": "#0"
        },
        "west": {
          "uv": [
            5.0,
            12.1875,
            5.125,
            12.5
          ],
          "tintindex": 0,
          "rotation": 90,
          "texture": "#0"
        },
        "up": {
          "uv": [
            0.0,
            0.0,
            0.21875,
            0.3125
          ],
          "tintindex": 0,
          "rotation": 180,
          "texture": "#0"
        },
        "down": {
          "uv": [
            0.0,
            0.0,
            0.21875,
            0.3125
          ],
          "tintindex": 0,
          "rotation": 0,
          "texture": "#0"
        }
      }
    },
    {
      "from": [
        9.475,
        3.0,
        6.0
      ],
      "to": [
        16.525,
        13.0,
        10.0
      ],
      "faces": {
        "east": {
          "uv": [
            2.9375,
            13.59375,
            3.0625,
            13.90625
          ],
          "tintindex": 0,
          "rotation": 0,
          "texture": "#0"
        },
        "south": {
          "uv": [
            0.0,
            0.0,
            0.2203125,
            0.3125
          ],
          "tintindex": 0,
          "rotation": 0,
          "texture": "#0"
        },
        "north": {
          "uv": [
            0.0,
            0.0,
            0.2203125,
            0.3125
          ],
          "tintindex": 0,
          "rotation": 0,
          "texture": "#0"
        },
        "west": {
          "uv": [
            3.09375,
            13.59375,
            3.21875,
            13.90625
          ],
          "tintindex": 0,
          "rotation": 0,
          "texture": "#0"
        },
        "up": {
          "uv": [
            5.25,
            9.96875,
            5.03125,
            9.84375
          ],
          "tintindex": 0,
          "rotation": 0,
          "texture": "#0"
        },
        "down": {
          "uv": [
            4.59375,
            13.625,
            4.375,
            13.75
          ],
          "tintindex": 0,
          "rotation": 0,
          "texture": "#0"
        }
      }
    },
    {
      "from": [
        9.525,
        5.875,
        3.0499997
      ],
      "to": [
        16.475,
        10.125,
        12.95
      ],
      "faces": {
        "east": {
          "uv": [
            5.0,
            13.21875,
            5.125,
            13.53125
          ],
          "tintindex": 0,
          "rotation": 270,
          "texture": "#0"
        },
        "south": {
          "uv": [
            5.34375,
            10.28125,
            5.125,
            10.15625
          ],
          "tintindex": 0,
          "rotation": 0,
          "texture": "#0"
        },
        "north": {
          "uv": [
            4.84375,
            13.71875,
            4.625,
            13.84375
          ],
          "tintindex": 0,
          "rotation": 180,
          "texture": "#0"
        },
        "west": {
          "uv": [
            5.0,
            13.5625,
            5.125,
            13.875
          ],
          "tintindex": 0,
          "rotation": 90,
          "texture": "#0"
        },
        "up": {
          "uv": [
            0.0,
            0.0,
            0.2171875,
            0.309375
          ],
          "tintindex": 0,
          "rotation": 180,
          "texture": "#0"
        },
        "down": {
          "uv": [
            0.0,
            0.0,
            0.2171875,
            0.309375
          ],
          "tintindex": 0,
          "rotation": 0,
          "texture": "#0"
        }
      },
      "rotation": {
        "origin": [
          10.5,
          8.0,
          8.0
        ],
        "angle": 45.0,
        "axis": "x"
      }
    },
    {
      "from": [
        9.525,
        3.0500002,
        5.875
      ],
      "to": [
        16.475,
        12.95,
        10.125
      ],
      "faces": {
        "east": {
          "uv": [
            5.0,
            12.53125,
            5.125,
            12.84375
          ],
          "tintindex": 0,
          "rotation": 0,
          "texture": "#0"
        },
        "south": {
          "uv": [
            0.0,
            0.0,
            0.2171875,
            0.309375
          ],
          "tintindex": 0,
          "rotation": 0,
          "texture": "#0"
        },
        "north": {
          "uv": [
            0.0,
            0.0,
            0.2171875,
            0.309375
          ],
          "tintindex": 0,
          "rotation": 0,
          "texture": "#0"
        },
        "west": {
          "uv": [
            5.0,
            12.875,
            5.125,
            13.1875
          ],
          "tintindex": 0,
          "rotation": 0,
          "texture": "#0"
        },
        "up": {
          "uv": [
            5.3125,
            11.125,
            5.09375,
            11.0
          ],
          "tintindex": 0,
          "rotation": 0,
          "texture": "#0"
        },
        "down": {
          "uv": [
            5.34375,
            10.0,
            5.125,
            10.125
          ],
          "tintindex": 0,
          "rotation": 0,
          "texture": "#0"
        }
      },
      "rotation": {
        "origin": [
          10.5,
          8.0,
          8.0
        ],
        "angle": 45.0,
        "axis": "x"
      }
    }
  ],
  "display": {
    "head": {
      "rotation": [
        0.0,
        0.0,
        0.0
      ]
    },
    "firstperson_righthand": {
      "rotation": [
        0.0,
        0.0,
        0.0
      ]
    },
    "thirdperson_lefthand": {
      "rotation": [
        0.0,
        -0.0,
        -0.0
      ]
    },
    "firstperson_lefthand": {
      "rotation": [
        0.0,
        -0.0,
        -0.0
      ]
    },
    "fixed": {
      "rotation": [
        0.0,
        0.0,
        0.0
      ]
    },
    "ground": {
      "rotation": [
        0.0,
        0.0,
        0.0
      ]
    },
    "thirdperson_righthand": {
      "rotation": [
        0.0,
        0.0,
        0.0
      ]
    },
    "gui": {
      "rotation": [
        -150.0,
        -45.0,
        180.0
      ]
    }
  }
}