{
  "textures": {
    "0": "gwjritg0z:tex/qlh8hx27",
    "particle": "#0"
  },
  "elements": [
    {
      "from": [
        3.9196882,
        2.6058574,
        16.884068
      ],
      "to": [
        8.419688,
        7.1058574,
        17.384068
      ],
      "faces": {
        "south": {
          "uv": [
            3.0625,
            4.5625,
            3.34375,
            4.84375
          ],
          "tintindex": 0,
          "rotation": 0,
          "texture": "#0"
        },
        "down": {
          "uv": [
            9.625,
            2.9375,
            9.34375,
            2.96875
          ],
          "tintindex": 0,
          "rotation": 0,
          "texture": "#0"
        }
      }
    }
  ],
  "display": {
    "head": {
      "rotation": [
        -41.875305,
        -38.480885,
        -37.14156
      ]
    },
    "firstperson_righthand": {
      "rotation": [
        -41.875305,
        -38.480885,
        -37.14156
      ]
    },
    "thirdperson_lefthand": {
      "rotation": [
        -41.875305,
        38.480885,
        37.14156
      ]
    },
    "firstperson_lefthand": {
      "rotation": [
        -41.875305,
        38.480885,
        37.14156
      ]
    },
    "fixed": {
      "rotation": [
        -41.875305,
        -38.480885,
        -37.14156
      ]
    },
    "ground": {
      "rotation": [
        -41.875305,
        -38.480885,
        -37.14156
      ]
    },
    "thirdperson_righthand": {
      "rotation": [
        -41.875305,
        -38.480885,
        -37.14156
      ]
    },
    "gui": {
      "rotation": [
        -118.48369,
        1.5952277,
        171.03467
      ]
    }
  }
}