{
  "textures": {
    "0": "xq9rmjx80:tex/kjanzurh",
    "particle": "#0"
  },
  "elements": [
    {
      "from": [
        15.032328,
        11.988634,
        -7.098899
      ],
      "to": [
        15.698994,
        15.788801,
        -3.9459715
      ],
      "faces": {
        "up": {
          "uv": [
            2.875,
            12.0625,
            2.75,
            11.5
          ],
          "tintindex": 0,
          "rotation": 0,
          "texture": "#0"
        }
      }
    }
  ],
  "display": {
    "head": {
      "rotation": [
        75.04803,
        12.089435,
        0.24491562
      ]
    },
    "firstperson_righthand": {
      "rotation": [
        75.04803,
        12.089435,
        0.24491562
      ]
    },
    "thirdperson_lefthand": {
      "rotation": [
        75.04803,
        -12.089435,
        -0.24491562
      ]
    },
    "firstperson_lefthand": {
      "rotation": [
        75.04803,
        -12.089435,
        -0.24491562
      ]
    },
    "fixed": {
      "rotation": [
        75.04803,
        12.089435,
        0.24491562
      ]
    },
    "ground": {
      "rotation": [
        75.04803,
        12.089435,
        0.24491562
      ]
    },
    "thirdperson_righthand": {
      "rotation": [
        75.04803,
        12.089435,
        0.24491562
      ]
    },
    "gui": {
      "rotation": [
        121.836945,
        -19.055819,
        133.961
      ]
    }
  }
}