{
  "textures": {
    "0": "i666ow1af:tex/fihmpucz",
    "particle": "#0"
  },
  "elements": [
    {
      "from": [
        23.5,
        7.3333335,
        6.333333
      ],
      "to": [
        25.833334,
        8.666667,
        9.666667
      ],
      "faces": {
        "east": {
          "uv": [
            5.0,
            11.15625,
            5.125,
            11.46875
          ],
          "tintindex": 0,
          "rotation": 270,
          "texture": "#0"
        },
        "south": {
          "uv": [
            5.25,
            9.34375,
            5.03125,
            9.21875
          ],
          "tintindex": 0,
          "rotation": 0,
          "texture": "#0"
        },
        "north": {
          "uv": [
            5.25,
            9.375,
            5.03125,
            9.5
          ],
          "tintindex": 0,
          "rotation": 180,
          "texture": "#0"
        },
        "west": {
          "uv": [
            2.625,
            13.59375,
            2.75,
            13.90625
          ],
          "tintindex": 0,
          "rotation": 90,
          "texture": "#0"
        },
        "up": {
          "uv": [
            0.0,
            0.0,
            0.21875,
            0.3125
          ],
          "tintindex": 0,
          "rotation": 180,
          "texture": "#0"
        },
        "down": {
          "uv": [
            0.0,
            0.0,
            0.21875,
            0.3125
          ],
          "tintindex": 0,
          "rotation": 0,
          "texture": "#0"
        }
      }
    },
    {
      "from": [
        23.508335,
        6.35,
        7.2916665
      ],
      "to": [
        25.825,
        9.65,
        8.708333
      ],
      "faces": {
        "east": {
          "uv": [
            4.84375,
            10.46875,
            4.96875,
            10.78125
          ],
          "tintindex": 0,
          "rotation": 0,
          "texture": "#0"
        },
        "south": {
          "uv": [
            0.0,
            0.0,
            0.2171875,
            0.309375
          ],
          "tintindex": 0,
          "rotation": 0,
          "texture": "#0"
        },
        "north": {
          "uv": [
            0.0,
            0.0,
            0.2171875,
            0.309375
          ],
          "tintindex": 0,
          "rotation": 0,
          "texture": "#0"
        },
        "west": {
          "uv": [
            4.9375,
            10.8125,
            5.0625,
            11.125
          ],
          "tintindex": 0,
          "rotation": 0,
          "texture": "#0"
        },
        "up": {
          "uv": [
            5.25,
            8.71875,
            5.03125,
            8.59375
          ],
          "tintindex": 0,
          "rotation": 0,
          "texture": "#0"
        },
        "down": {
          "uv": [
            5.25,
            8.75,
            5.03125,
            8.875
          ],
          "tintindex": 0,
          "rotation": 0,
          "texture": "#0"
        }
      },
      "rotation": {
        "origin": [
          23.833334,
          8.0,
          8.0
        ],
        "angle": 45.0,
        "axis": "x"
      }
    },
    {
      "from": [
        23.491667,
        6.333333,
        7.3333335
      ],
      "to": [
        25.841667,
        9.666667,
        8.666667
      ],
      "faces": {
        "east": {
          "uv": [
            2.78125,
            13.59375,
            2.90625,
            13.90625
          ],
          "tintindex": 0,
          "rotation": 0,
          "texture": "#0"
        },
        "south": {
          "uv": [
            0.0,
            0.0,
            0.2203125,
            0.3125
          ],
          "tintindex": 0,
          "rotation": 0,
          "texture": "#0"
        },
        "north": {
          "uv": [
            0.0,
            0.0,
            0.2203125,
            0.3125
          ],
          "tintindex": 0,
          "rotation": 0,
          "texture": "#0"
        },
        "west": {
          "uv": [
            5.0,
            11.5,
            5.125,
            11.8125
          ],
          "tintindex": 0,
          "rotation": 0,
          "texture": "#0"
        },
        "up": {
          "uv": [
            5.25,
            9.65625,
            5.03125,
            9.53125
          ],
          "tintindex": 0,
          "rotation": 0,
          "texture": "#0"
        },
        "down": {
          "uv": [
            5.25,
            9.6875,
            5.03125,
            9.8125
          ],
          "tintindex": 0,
          "rotation": 0,
          "texture": "#0"
        }
      }
    },
    {
      "from": [
        23.508335,
        7.2916665,
        6.35
      ],
      "to": [
        25.825,
        8.708333,
        9.65
      ],
      "faces": {
        "east": {
          "uv": [
            4.96875,
            10.0,
            5.09375,
            10.3125
          ],
          "tintindex": 0,
          "rotation": 270,
          "texture": "#0"
        },
        "south": {
          "uv": [
            5.25,
            9.03125,
            5.03125,
            8.90625
          ],
          "tintindex": 0,
          "rotation": 0,
          "texture": "#0"
        },
        "north": {
          "uv": [
            5.25,
            9.0625,
            5.03125,
            9.1875
          ],
          "tintindex": 0,
          "rotation": 180,
          "texture": "#0"
        },
        "west": {
          "uv": [
            5.0,
            10.34375,
            5.125,
            10.65625
          ],
          "tintindex": 0,
          "rotation": 90,
          "texture": "#0"
        },
        "up": {
          "uv": [
            0.0,
            0.0,
            0.2171875,
            0.309375
          ],
          "tintindex": 0,
          "rotation": 180,
          "texture": "#0"
        },
        "down": {
          "uv": [
            0.0,
            0.0,
            0.2171875,
            0.309375
          ],
          "tintindex": 0,
          "rotation": 0,
          "texture": "#0"
        }
      },
      "rotation": {
        "origin": [
          23.833334,
          8.0,
          8.0
        ],
        "angle": 45.0,
        "axis": "x"
      }
    }
  ],
  "display": {
    "head": {
      "rotation": [
        0.0,
        0.0,
        0.0
      ]
    },
    "firstperson_righthand": {
      "rotation": [
        0.0,
        0.0,
        0.0
      ]
    },
    "thirdperson_lefthand": {
      "rotation": [
        0.0,
        -0.0,
        -0.0
      ]
    },
    "firstperson_lefthand": {
      "rotation": [
        0.0,
        -0.0,
        -0.0
      ]
    },
    "fixed": {
      "rotation": [
        0.0,
        0.0,
        0.0
      ]
    },
    "ground": {
      "rotation": [
        0.0,
        0.0,
        0.0
      ]
    },
    "thirdperson_righthand": {
      "rotation": [
        0.0,
        0.0,
        0.0
      ]
    },
    "gui": {
      "rotation": [
        -150.0,
        -45.0,
        180.0
      ]
    }
  }
}