{
  "textures": {
    "0": "xq9rmjx80:tex/kjanzurh",
    "particle": "#0"
  },
  "elements": [
    {
      "from": [
        16.482311,
        -5.3114014,
        2.9470072
      ],
      "to": [
        17.815643,
        -3.8114014,
        9.470637
      ],
      "faces": {
        "east": {
          "uv": [
            9.875,
            9.125,
            11.125,
            9.375
          ],
          "tintindex": 0,
          "rotation": 0,
          "texture": "#0"
        }
      }
    }
  ],
  "display": {
    "head": {
      "rotation": [
        58.918808,
        50.945343,
        -48.217213
      ]
    },
    "firstperson_righthand": {
      "rotation": [
        58.918808,
        50.945343,
        -48.217213
      ]
    },
    "thirdperson_lefthand": {
      "rotation": [
        58.918808,
        -50.945343,
        48.217213
      ]
    },
    "firstperson_lefthand": {
      "rotation": [
        58.918808,
        -50.945343,
        48.217213
      ]
    },
    "fixed": {
      "rotation": [
        58.918808,
        50.945343,
        -48.217213
      ]
    },
    "ground": {
      "rotation": [
        58.918808,
        50.945343,
        -48.217213
      ]
    },
    "thirdperson_righthand": {
      "rotation": [
        58.918808,
        50.945343,
        -48.217213
      ]
    },
    "gui": {
      "rotation": [
        89.40187,
        -51.178383,
        56.763237
      ]
    }
  }
}