{
  "textures": {
    "0": "xq9rmjx80:tex/kjanzurh",
    "particle": "#0"
  },
  "elements": [
    {
      "from": [
        4.25,
        7.5600014,
        6.446701
      ],
      "to": [
        11.75,
        8.935001,
        9.553299
      ],
      "faces": {
        "east": {
          "uv": [
            5.25,
            12.125,
            5.4375,
            12.1875
          ],
          "tintindex": 0,
          "rotation": 0,
          "texture": "#0"
        },
        "up": {
          "uv": [
            0.75,
            11.5625,
            0.25,
            11.375
          ],
          "tintindex": 0,
          "rotation": 0,
          "texture": "#0"
        },
        "down": {
          "uv": [
            11.9375,
            1.25,
            11.4375,
            1.4375
          ],
          "tintindex": 0,
          "rotation": 0,
          "texture": "#0"
        }
      },
      "rotation": {
        "origin": [
          8.0,
          8.0,
          8.0
        ],
        "angle": 45.0,
        "axis": "y"
      }
    },
    {
      "from": [
        6.4467,
        7.5600014,
        4.25
      ],
      "to": [
        9.5533,
        8.935001,
        11.75
      ],
      "faces": {
        "north": {
          "uv": [
            0.25,
            12.125,
            0.4375,
            12.1875
          ],
          "tintindex": 0,
          "rotation": 0,
          "texture": "#0"
        },
        "up": {
          "uv": [
            2.0,
            11.8125,
            1.8125,
            11.3125
          ],
          "tintindex": 0,
          "rotation": 0,
          "texture": "#0"
        },
        "down": {
          "uv": [
            2.25,
            11.3125,
            2.0625,
            11.8125
          ],
          "tintindex": 0,
          "rotation": 0,
          "texture": "#0"
        }
      },
      "rotation": {
        "origin": [
          8.0,
          8.0,
          8.0
        ],
        "angle": 45.0,
        "axis": "y"
      }
    },
    {
      "from": [
        6.4467,
        7.5600014,
        4.25
      ],
      "to": [
        9.5533,
        8.935001,
        11.75
      ],
      "faces": {
        "north": {
          "uv": [
            5.0,
            12.125,
            5.1875,
            12.1875
          ],
          "tintindex": 0,
          "rotation": 0,
          "texture": "#0"
        },
        "up": {
          "uv": [
            11.5,
            11.75,
            11.3125,
            11.25
          ],
          "tintindex": 0,
          "rotation": 0,
          "texture": "#0"
        },
        "down": {
          "uv": [
            0.1875,
            11.375,
            0.0,
            11.875
          ],
          "tintindex": 0,
          "rotation": 0,
          "texture": "#0"
        }
      }
    },
    {
      "from": [
        4.25,
        7.5600014,
        6.446701
      ],
      "to": [
        11.75,
        8.935001,
        9.553299
      ],
      "faces": {
        "east": {
          "uv": [
            9.5625,
            12.125,
            9.75,
            12.1875
          ],
          "tintindex": 0,
          "rotation": 0,
          "texture": "#0"
        },
        "west": {
          "uv": [
            12.125,
            10.1875,
            12.3125,
            10.25
          ],
          "tintindex": 0,
          "rotation": 0,
          "texture": "#0"
        },
        "up": {
          "uv": [
            11.9375,
            5.125,
            11.4375,
            4.9375
          ],
          "tintindex": 0,
          "rotation": 0,
          "texture": "#0"
        },
        "down": {
          "uv": [
            11.9375,
            5.5,
            11.4375,
            5.6875
          ],
          "tintindex": 0,
          "rotation": 0,
          "texture": "#0"
        }
      }
    }
  ],
  "display": {
    "head": {
      "rotation": [
        0.0,
        0.0,
        0.0
      ]
    },
    "firstperson_righthand": {
      "rotation": [
        0.0,
        0.0,
        0.0
      ]
    },
    "thirdperson_lefthand": {
      "rotation": [
        0.0,
        -0.0,
        -0.0
      ]
    },
    "firstperson_lefthand": {
      "rotation": [
        0.0,
        -0.0,
        -0.0
      ]
    },
    "fixed": {
      "rotation": [
        0.0,
        0.0,
        0.0
      ]
    },
    "ground": {
      "rotation": [
        0.0,
        0.0,
        0.0
      ]
    },
    "thirdperson_righthand": {
      "rotation": [
        0.0,
        0.0,
        0.0
      ]
    },
    "gui": {
      "rotation": [
        -150.0,
        -45.0,
        180.0
      ]
    }
  }
}