{
  "textures": {
    "1": "lqutnhfw6:tex/89qumttx",
    "particle": "#1"
  },
  "elements": [
    {
      "from": [
        -5.5,
        7.75,
        8.0
      ],
      "to": [
        -3.25,
        8.0,
        9.750666
      ],
      "faces": {
        "east": {
          "uv": [
            10.25,
            1.3125,
            10.28125,
            1.5313331
          ],
          "tintindex": 0,
          "rotation": 90,
          "texture": "#1"
        },
        "west": {
          "uv": [
            10.0,
            0.9375,
            10.03125,
            1.1563331
          ],
          "tintindex": 0,
          "rotation": 270,
          "texture": "#1"
        },
        "up": {
          "uv": [
            10.0,
            0.5625,
            10.28125,
            0.78133315
          ],
          "tintindex": 0,
          "rotation": 0,
          "texture": "#1"
        },
        "down": {
          "uv": [
            10.0,
            0.46875,
            10.28125,
            0.68758315
          ],
          "tintindex": 0,
          "rotation": 180,
          "texture": "#1"
        }
      }
    },
    {
      "from": [
        5.75,
        7.4290276,
        -14.968054
      ],
      "to": [
        8.0,
        7.6790276,
        -12.718052
      ],
      "faces": {
        "east": {
          "uv": [
            10.25,
            1.125,
            10.28125,
            1.40625
          ],
          "tintindex": 0,
          "rotation": 270,
          "texture": "#1"
        },
        "west": {
          "uv": [
            10.0,
            0.9375,
            10.03125,
            0.65625
          ],
          "tintindex": 0,
          "rotation": 90,
          "texture": "#1"
        },
        "up": {
          "uv": [
            10.28125,
            0.5625,
            10.0,
            0.84375
          ],
          "tintindex": 0,
          "rotation": 180,
          "texture": "#1"
        },
        "down": {
          "uv": [
            10.28125,
            1.03125,
            10.0,
            1.375
          ],
          "tintindex": 0,
          "rotation": 0,
          "texture": "#1"
        }
      }
    },
    {
      "from": [
        -5.5,
        3.269415,
        -12.5144615
      ],
      "to": [
        -3.25,
        3.519415,
        7.4855375
      ],
      "faces": {
        "east": {
          "uv": [
            10.25,
            0.53125,
            10.28125,
            3.03125
          ],
          "tintindex": 0,
          "rotation": 270,
          "texture": "#1"
        },
        "west": {
          "uv": [
            10.0,
            0.53125,
            10.03125,
            3.03125
          ],
          "tintindex": 0,
          "rotation": 270,
          "texture": "#1"
        },
        "up": {
          "uv": [
            10.28125,
            2.96875,
            10.0,
            0.46875
          ],
          "tintindex": 0,
          "rotation": 0,
          "texture": "#1"
        },
        "down": {
          "uv": [
            10.0,
            0.53125,
            10.28125,
            3.03125
          ],
          "tintindex": 0,
          "rotation": 0,
          "texture": "#1"
        }
      }
    },
    {
      "from": [
        5.75,
        7.019415,
        -10.0144615
      ],
      "to": [
        8.0,
        7.269415,
        5.9855375
      ],
      "faces": {
        "east": {
          "uv": [
            10.25,
            0.59375,
            10.28125,
            2.59375
          ],
          "tintindex": 0,
          "rotation": 270,
          "texture": "#1"
        },
        "west": {
          "uv": [
            10.0,
            2.59375,
            10.03125,
            0.59375
          ],
          "tintindex": 0,
          "rotation": 270,
          "texture": "#1"
        },
        "up": {
          "uv": [
            10.0,
            2.5,
            10.28125,
            0.5
          ],
          "tintindex": 0,
          "rotation": 0,
          "texture": "#1"
        },
        "down": {
          "uv": [
            10.28125,
            0.46875,
            10.0,
            2.46875
          ],
          "tintindex": 0,
          "rotation": 0,
          "texture": "#1"
        }
      }
    },
    {
      "from": [
        5.75,
        7.75,
        8.0
      ],
      "to": [
        8.0,
        8.0,
        9.750666
      ],
      "faces": {
        "east": {
          "uv": [
            10.25,
            1.3125,
            10.28125,
            1.5313331
          ],
          "tintindex": 0,
          "rotation": 90,
          "texture": "#1"
        },
        "west": {
          "uv": [
            10.0,
            0.9375,
            10.03125,
            1.1563331
          ],
          "tintindex": 0,
          "rotation": 270,
          "texture": "#1"
        },
        "up": {
          "uv": [
            10.0,
            0.5625,
            10.28125,
            0.78133315
          ],
          "tintindex": 0,
          "rotation": 0,
          "texture": "#1"
        },
        "down": {
          "uv": [
            10.0,
            0.46875,
            10.28125,
            0.68758315
          ],
          "tintindex": 0,
          "rotation": 180,
          "texture": "#1"
        }
      }
    },
    {
      "from": [
        5.75,
        5.9588814,
        10.19641
      ],
      "to": [
        8.0,
        7.210844,
        10.44641
      ],
      "faces": {
        "east": {
          "uv": [
            10.25,
            0.71850467,
            10.28125,
            0.875
          ],
          "tintindex": 0,
          "rotation": 0,
          "texture": "#1"
        },
        "south": {
          "uv": [
            10.0,
            0.62475467,
            10.28125,
            0.78125
          ],
          "tintindex": 0,
          "rotation": 0,
          "texture": "#1"
        },
        "north": {
          "uv": [
            10.28125,
            0.78125,
            10.0,
            0.59350467
          ],
          "tintindex": 0,
          "rotation": 180,
          "texture": "#1"
        },
        "west": {
          "uv": [
            10.0,
            0.78125,
            10.03125,
            0.93774533
          ],
          "tintindex": 0,
          "rotation": 180,
          "texture": "#1"
        }
      }
    },
    {
      "from": [
        -5.5,
        7.4290276,
        -14.968054
      ],
      "to": [
        -3.25,
        7.6790276,
        -12.718052
      ],
      "faces": {
        "east": {
          "uv": [
            10.25,
            1.125,
            10.28125,
            1.40625
          ],
          "tintindex": 0,
          "rotation": 270,
          "texture": "#1"
        },
        "west": {
          "uv": [
            10.0,
            0.9375,
            10.03125,
            0.65625
          ],
          "tintindex": 0,
          "rotation": 90,
          "texture": "#1"
        },
        "up": {
          "uv": [
            10.28125,
            0.5625,
            10.0,
            0.84375
          ],
          "tintindex": 0,
          "rotation": 180,
          "texture": "#1"
        },
        "down": {
          "uv": [
            10.28125,
            1.03125,
            10.0,
            1.375
          ],
          "tintindex": 0,
          "rotation": 0,
          "texture": "#1"
        }
      }
    },
    {
      "from": [
        -5.5,
        7.019415,
        -10.0144615
      ],
      "to": [
        -3.25,
        7.269415,
        5.9855375
      ],
      "faces": {
        "east": {
          "uv": [
            10.25,
            0.59375,
            10.28125,
            2.59375
          ],
          "tintindex": 0,
          "rotation": 270,
          "texture": "#1"
        },