{
  "textures": {
    "0": "xq9rmjx80:tex/tf2x7isp",
    "particle": "#0"
  },
  "elements": [
    {
      "from": [
        5.25,
        10.35,
        -4.8
      ],
      "to": [
        10.25,
        12.35,
        0.19999981
      ],
      "faces": {
        "east": {
          "uv": [
            12.03125,
            9.28125,
            12.34375,
            9.40625
          ],
          "tintindex": 0,
          "rotation": 0,
          "texture": "#0"
        },
        "south": {
          "uv": [
            12.0625,
            8.5625,
            12.375,
            8.6875
          ],
          "tintindex": 0,
          "rotation": 0,
          "texture": "#0"
        },
        "north": {
          "uv": [
            12.03125,
            9.125,
            12.34375,
            9.25
          ],
          "tintindex": 0,
          "rotation": 0,
          "texture": "#0"
        },
        "west": {
          "uv": [
            10.53125,
            11.125,
            10.84375,
            11.25
          ],
          "tintindex": 0,
          "rotation": 0,
          "texture": "#0"
        },
        "up": {
          "uv": [
            9.90625,
            10.78125,
            9.59375,
            10.46875
          ],
          "tintindex": 0,
          "rotation": 0,
          "texture": "#0"
        },
        "down": {
          "uv": [
            10.25,
            10.46875,
            9.9375,
            10.78125
          ],
          "tintindex": 0,
          "rotation": 0,
          "texture": "#0"
        }
      }
    },
    {
      "from": [
        10.75,
        11.35,
        -3.3000002
      ],
      "to": [
        11.25,
        11.85,
        -1.8000002
      ],
      "faces": {
        "east": {
          "uv": [
            12.71875,
            9.0625,
            12.8125,
            9.09375
          ],
          "tintindex": 0,
          "rotation": 0,
          "texture": "#0"
        },
        "south": {
          "uv": [
            12.71875,
            10.46875,
            12.75,
            10.5
          ],
          "tintindex": 0,
          "rotation": 0,
          "texture": "#0"
        },
        "north": {
          "uv": [
            11.1875,
            11.75,
            11.21875,
            11.78125
          ],
          "tintindex": 0,
          "rotation": 0,
          "texture": "#0"
        },
        "west": {
          "uv": [
            12.71875,
            9.125,
            12.8125,
            9.15625
          ],
          "tintindex": 0,
          "rotation": 0,
          "texture": "#0"
        },
        "up": {
          "uv": [
            11.40625,
            10.59375,
            11.375,
            10.5
          ],
          "tintindex": 0,
          "rotation": 0,
          "texture": "#0"
        },
        "down": {
          "uv": [
            10.25,
            11.0,
            10.21875,
            11.09375
          ],
          "tintindex": 0,
          "rotation": 0,
          "texture": "#0"
        }
      }
    },
    {
      "from": [
        2.75,
        14.6,
        5.7
      ],
      "to": [
        5.25,
        15.1,
        8.2
      ],
      "faces": {
        "east": {
          "uv": [
            12.21875,
            11.65625,
            12.375,
            11.6875
          ],
          "tintindex": 0,
          "rotation": 0,
          "texture": "#0"
        },
        "south": {
          "uv": [
            12.40625,
            11.65625,
            12.5625,
            11.6875
          ],
          "tintindex": 0,
          "rotation": 0,
          "texture": "#0"
        },
        "north": {
          "uv": [
            12.625,
            10.40625,
            12.78125,
            10.4375
          ],
          "tintindex": 0,
          "rotation": 0,
          "texture": "#0"
        },
        "west": {
          "uv": [
            12.65625,
            8.1875,
            12.8125,
            8.21875
          ],
          "tintindex": 0,
          "rotation": 0,
          "texture": "#0"
        },
        "up": {
          "uv": [
            12.53125,
            8.875,
            12.375,
            8.71875
          ],
          "tintindex": 0,
          "rotation": 0,
          "texture": "#0"
        },
        "down": {
          "uv": [
            12.53125,
            9.125,
            12.375,
            9.28125
          ],
          "tintindex": 0,
          "rotation": 0,
          "texture": "#0"
        }
      }
    }
  ],
  "display": {
    "head": {
      "rotation": [
        0.0,
        0.0,
        0.0
      ]
    },
    "firstperson_righthand": {
      "rotation": [
        0.0,
        0.0,
        0.0
      ]
    },
    "thirdperson_lefthand": {
      "rotation": [
        0.0,
        -0.0,
        -0.0
      ]
    },
    "firstperson_lefthand": {
      "rotation": [
        0.0,
        -0.0,
        -0.0
      ]
    },
    "fixed": {
      "rotation": [
        0.0,
        0.0,
        0.0
      ]
    },
    "ground": {
      "rotation": [
        0.0,
        0.0,
        0.0
      ]
    },
    "thirdperson_righthand": {
      "rotation": [
        0.0,
        0.0,
        0.0
      ]
    },
    "gui": {
      "rotation": [
        -150.0,
        -45.0,
        180.0
      ]
    }
  }
}