{
  "textures": {
    "0": "7w5x0vpi5:tex/taoq4uh7",
    "particle": "#0"
  },
  "elements": [
    {
      "from": [
        5.3749037,
        2.7912612,
        -1.1127005
      ],
      "to": [
        6.3749037,
        3.512251,
        17.137299
      ],
      "faces": {
        "east": {
          "uv": [
            6.875,
            6.25,
            8.0,
            6.3125
          ],
          "tintindex": 0,
          "rotation": 0,
          "texture": "#0"
        },
        "south": {
          "uv": [
            6.6875,
            1.8125,
            6.75,
            1.875
          ],
          "tintindex": 0,
          "rotation": 0,
          "texture": "#0"
        },
        "north": {
          "uv": [
            3.0,
            6.625,
            3.0625,
            6.6875
          ],
          "tintindex": 0,
          "rotation": 0,
          "texture": "#0"
        },
        "west": {
          "uv": [
            6.9375,
            1.5625,
            8.0625,
            1.625
          ],
          "tintindex": 0,
          "rotation": 0,
          "texture": "#0"
        },
        "up": {
          "uv": [
            1.0625,
            8.0625,
            1.0,
            6.9375
          ],
          "tintindex": 0,
          "rotation": 0,
          "texture": "#0"
        },
        "down": {
          "uv": [
            2.4375,
            6.9375,
            2.375,
            8.0625
          ],
          "tintindex": 0,
          "rotation": 0,
          "texture": "#0"
        }
      }
    },
    {
      "from": [
        5.3749037,
        3.512251,
        1.8873
      ],
      "to": [
        6.3749037,
        12.791262,
        13.8873005
      ],
      "faces": {
        "east": {
          "uv": [
            2.25,
            4.5625,
            3.0,
            5.125
          ],
          "tintindex": 0,
          "rotation": 0,
          "texture": "#0"
        },
        "south": {
          "uv": [
            1.5625,
            7.4375,
            1.625,
            8.0
          ],
          "tintindex": 0,
          "rotation": 0,
          "texture": "#0"
        },
        "north": {
          "uv": [
            1.5,
            7.4375,
            1.5625,
            8.0
          ],
          "tintindex": 0,
          "rotation": 0,
          "texture": "#0"
        },
        "west": {
          "uv": [
            3.0,
            4.5625,
            3.75,
            5.125
          ],
          "tintindex": 0,
          "rotation": 0,
          "texture": "#0"
        },
        "up": {
          "uv": [
            6.9375,
            7.9375,
            6.875,
            7.1875
          ],
          "tintindex": 0,
          "rotation": 0,
          "texture": "#0"
        },
        "down": {
          "uv": [
            7.0,
            7.1875,
            6.9375,
            7.9375
          ],
          "tintindex": 0,
          "rotation": 0,
          "texture": "#0"
        }
      }
    }
  ],
  "display": {
    "head": {
      "rotation": [
        -0.0,
        0.0,
        10.0
      ]
    },
    "firstperson_righthand": {
      "rotation": [
        -0.0,
        0.0,
        10.0
      ]
    },
    "thirdperson_lefthand": {
      "rotation": [
        -0.0,
        -0.0,
        -10.0
      ]
    },
    "firstperson_lefthand": {
      "rotation": [
        -0.0,
        -0.0,
        -10.0
      ]
    },
    "fixed": {
      "rotation": [
        -0.0,
        0.0,
        10.0
      ]
    },
    "ground": {
      "rotation": [
        -0.0,
        0.0,
        10.0
      ]
    },
    "thirdperson_righthand": {
      "rotation": [
        -0.0,
        0.0,
        10.0
      ]
    },
    "gui": {
      "rotation": [
        -150.0,
        -45.0,
        -170.0
      ]
    }
  }
}