{
  "textures": {
    "2": "xq9rmjx80:tex/6a6c60k6",
    "particle": "#2"
  },
  "elements": [
    {
      "from": [
        -0.62294006,
        5.2364902,
        3.49506
      ],
      "to": [
        0.57705975,
        5.93649,
        3.99506
      ],
      "faces": {
        "east": {
          "uv": [
            7.8125,
            2.625,
            7.84375,
            2.671875
          ],
          "tintindex": 0,
          "rotation": 0,
          "texture": "#2"
        },
        "west": {
          "uv": [
            2.6875,
            7.8125,
            2.71875,
            7.859375
          ],
          "tintindex": 0,
          "rotation": 0,
          "texture": "#2"
        },
        "down": {
          "uv": [
            7.828125,
            1.75,
            7.75,
            1.78125
          ],
          "tintindex": 0,
          "rotation": 0,
          "texture": "#2"
        }
      },
      "rotation": {
        "origin": [
          7.0770597,
          4.63649,
          7.96097
        ],
        "angle": 45.0,
        "axis": "x"
      }
    },
    {
      "from": [
        -0.62294006,
        8.29091,
        10.19499
      ],
      "to": [
        0.57705975,
        8.59091,
        11.294991
      ],
      "faces": {
        "east": {
          "uv": [
            7.8125,
            5.375,
            7.8828125,
            5.390625
          ],
          "tintindex": 0,
          "rotation": 0,
          "texture": "#2"
        },
        "south": {
          "uv": [
            7.8125,
            4.4375,
            7.890625,
            4.453125
          ],
          "tintindex": 0,
          "rotation": 0,
          "texture": "#2"
        },
        "west": {
          "uv": [
            5.4375,
            7.8125,
            5.5078125,
            7.828125
          ],
          "tintindex": 0,
          "rotation": 0,
          "texture": "#2"
        }
      },
      "rotation": {
        "origin": [
          7.0770597,
          4.325,
          11.89499
        ],
        "angle": 22.5,
        "axis": "x"
      }
    },
    {
      "from": [
        -0.62294006,
        6.20172,
        12.57435
      ],
      "to": [
        0.57705975,
        7.10172,
        13.07435
      ],
      "faces": {
        "east": {
          "uv": [
            6.625,
            7.75,
            6.65625,
            7.8046875
          ],
          "tintindex": 0,
          "rotation": 0,
          "texture": "#2"
        },
        "west": {
          "uv": [
            6.6875,
            7.75,
            6.71875,
            7.8046875
          ],
          "tintindex": 0,
          "rotation": 0,
          "texture": "#2"
        },
        "down": {
          "uv": [
            7.828125,
            1.375,
            7.75,
            1.40625
          ],
          "tintindex": 0,
          "rotation": 0,
          "texture": "#2"
        }
      },
      "rotation": {
        "origin": [
          7.0770597,
          5.60172,
          8.60844
        ],
        "angle": -22.5,
        "axis": "x"
      }
    },
    {
      "from": [
        -0.62294006,
        6.20172,
        5.01136
      ],
      "to": [
        0.57705975,
        7.40172,
        5.51136
      ],
      "faces": {
        "east": {
          "uv": [
            1.5625,
            7.75,
            1.59375,
            7.828125
          ],
          "tintindex": 0,
          "rotation": 0,
          "texture": "#2"
        },
        "west": {
          "uv": [
            7.75,
            1.5625,
            7.78125,
            1.640625
          ],
          "tintindex": 0,
          "rotation": 0,
          "texture": "#2"
        },
        "down": {
          "uv": [
            7.828125,
            1.6875,
            7.75,
            1.71875
          ],
          "tintindex": 0,
          "rotation": 0,
          "texture": "#2"
        }
      },
      "rotation": {
        "origin": [
          7.0770597,
          5.60172,
          9.477261
        ],
        "angle": 22.5,
        "axis": "x"
      }
    },
    {
      "from": [
        -0.62294006,
        8.49579,
        12.37315
      ],
      "to": [
        0.57705975,
        8.84579,
        12.97315
      ],
      "faces": {
        "east": {
          "uv": [
            5.6875,
            7.8125,
            5.7265625,
            7.8359375
          ],
          "tintindex": 0,
          "rotation": 0,
          "texture": "#2"
        },
        "south": {
          "uv": [
            7.75,
            6.25,
            7.828125,
            6.2734375
          ],
          "tintindex": 0,
          "rotation": 0,
          "texture": "#2"
        },
        "west": {
          "uv": [
            5.75,
            7.8125,
            5.7890625,
            7.8359375
          ],
          "tintindex": 0,
          "rotation": 0,
          "texture": "#2"
        },
        "up": {
          "uv": [
            5.765625,
            7.7265625,
            5.6875,
            7.6875
          ],
          "tintindex": 0,
          "rotation": 0,
          "texture": "#2"
        }
      }
    },
    {
      "from": [
        -0.62294006,
        10.34575,
        12.57435
      ],
      "to": [
        0.57705975,
        11.14575,
        13.07435
      ],
      "faces": {
        "east": {
          "uv": [
            1.875,
            7.8125,
            1.90625,
            7.859375
          ],
          "tintindex": 0,
          "rotation": 0,
          "texture": "#2"
        },
        "west": {
          "uv": [
            1.9375,
            7.8125,
            1.96875,
            7.859375
          ],
          "tintindex": 0,
          "rotation": 0,
          "texture": "#2"
        },
        "up": {
          "uv": [
            7.828125,
            1.03125,
            7.75,
            1.0
          ],
          "tintindex": 0,
          "rotation": 0,
          "texture": "#2"
        }
      },
      "rotation": {
        "origin": [
          7.0770597,
          11.74575,
          8.60844
        ],
        "angle": 22.5,
        "axis": "x"
      }
    },
    {
      "from": [
        -0.12294006,
        9.67373,
        6.5428495
      ],
      "to": [
        0.57705975,
        11.17373,
        11.5428505
      ],
      "faces": {
        "east": {
          "uv": [
            2.4375,
            7.3125,
            2.75,
            7.40625
          ],
          "tintindex": 0,
          "rotation": 0,
          "texture": "#2"
        },
        "south": {
          "uv": [
            6.8125,
            7.625,
            6.859375,
            7.71875
          ],
          "tintindex": 0,
          "rotation": 0,
          "texture": "#2"
        },
        "north": {
          "uv": [
            6.75,
            7.625,
            6.796875,
            7.71875
          ],
          "tintindex": 0,
          "rotation": 0,
          "texture": "#2"
        },
        "west": {
          "uv": [
            4.4375,
            7.3125,
            4.75,
            7.40625
          ],
          "tintindex": 0,
          "rotation": 0,
          "texture": "#2"
        }
      }
    },
    {
      "from": [
        -0.62294006,
        8.49579,
        5.11255
      ],
      "to": [
        0.57705975,
        8.84579,
        5.91255
      ],
      "faces": {
        "east": {
          "uv": [
            7.8125,
            5.5,
            7.859375,
            5.5234375
          ],
          "tintindex": 0,
          "rotation": 0,
          "texture": "#2"
        },
        "north": {
          "uv": [
            7.75,
            6.3125,
            7.828125,
            6.3359375
          ],
          "tintindex": 0,
          "rotation": 0,
          "texture": "#2"
        },