{
  "textures": {
    "0": "7w5x0vpi5:tex/taoq4uh7",
    "particle": "#0"
  },
  "elements": [
    {
      "from": [
        10.77539,
        15.5,
        0.7681699
      ],
      "to": [
        11.72461,
        16.5,
        5.9818296
      ],
      "faces": {
        "east": {
          "uv": [
            6.8125,
            2.75,
            7.4375,
            2.875
          ],
          "tintindex": 0,
          "rotation": 0,
          "texture": "#0"
        },
        "south": {
          "uv": [
            7.4375,
            6.0625,
            7.5625,
            6.1875
          ],
          "tintindex": 0,
          "rotation": 0,
          "texture": "#0"
        },
        "north": {
          "uv": [
            7.4375,
            2.5,
            7.5625,
            2.625
          ],
          "tintindex": 0,
          "rotation": 0,
          "texture": "#0"
        },
        "west": {
          "uv": [
            6.8125,
            2.875,
            7.4375,
            3.0
          ],
          "tintindex": 0,
          "rotation": 0,
          "texture": "#0"
        },
        "up": {
          "uv": [
            0.75,
            7.5625,
            0.625,
            6.9375
          ],
          "tintindex": 0,
          "rotation": 0,
          "texture": "#0"
        },
        "down": {
          "uv": [
            0.875,
            6.9375,
            0.75,
            7.5625
          ],
          "tintindex": 0,
          "rotation": 0,
          "texture": "#0"
        }
      },
      "rotation": {
        "origin": [
          11.25,
          16.0,
          0.875
        ],
        "angle": -45.0,
        "axis": "z"
      }
    },
    {
      "from": [
        10.77539,
        14.75,
        0.7681699
      ],
      "to": [
        11.22461,
        15.125,
        5.4818296
      ],
      "faces": {
        "east": {
          "uv": [
            7.125,
            2.6875,
            7.6875,
            2.75
          ],
          "tintindex": 0,
          "rotation": 0,
          "texture": "#0"
        },
        "south": {
          "uv": [
            7.375,
            1.5,
            7.4375,
            1.5625
          ],
          "tintindex": 0,
          "rotation": 0,
          "texture": "#0"
        },
        "north": {
          "uv": [
            7.375,
            0.8125,
            7.4375,
            0.875
          ],
          "tintindex": 0,
          "rotation": 0,
          "texture": "#0"
        },
        "west": {
          "uv": [
            7.1875,
            1.4375,
            7.75,
            1.5
          ],
          "tintindex": 0,
          "rotation": 0,
          "texture": "#0"
        },
        "up": {
          "uv": [
            4.625,
            8.0,
            4.5625,
            7.4375
          ],
          "tintindex": 0,
          "rotation": 0,
          "texture": "#0"
        },
        "down": {
          "uv": [
            4.6875,
            7.4375,
            4.625,
            8.0
          ],
          "tintindex": 0,
          "rotation": 0,
          "texture": "#0"
        }
      },
      "rotation": {
        "origin": [
          11.25,
          14.625,
          4.875
        ],
        "angle": -45.0,
        "axis": "z"
      }
    },
    {
      "from": [
        7.108405,
        14.5,
        5.2570143
      ],
      "to": [
        10.822065,
        17.0,
        7.206235
      ],
      "faces": {
        "east": {
          "uv": [
            6.875,
            5.875,
            7.125,
            6.1875
          ],
          "tintindex": 0,
          "rotation": 0,
          "texture": "#0"
        },
        "south": {
          "uv": [
            6.0,
            6.1875,
            6.4375,
            6.5
          ],
          "tintindex": 0,
          "rotation": 0,
          "texture": "#0"
        },
        "north": {
          "uv": [
            3.3125,
            6.25,
            3.75,
            6.5625
          ],
          "tintindex": 0,
          "rotation": 0,
          "texture": "#0"
        },
        "west": {
          "uv": [
            6.9375,
            1.25,
            7.1875,
            1.5625
          ],
          "tintindex": 0,
          "rotation": 0,
          "texture": "#0"
        },
        "up": {
          "uv": [
            7.0625,
            2.125,
            6.8125,
            1.6875
          ],
          "tintindex": 0,
          "rotation": 90,
          "texture": "#0"
        },
        "down": {
          "uv": [
            2.0625,
            6.8125,
            1.8125,
            7.25
          ],
          "tintindex": 0,
          "rotation": 270,
          "texture": "#0"
        }
      },
      "rotation": {
        "origin": [
          8.965235,
          15.25,
          6.2316246
        ],
        "angle": 22.5,
        "axis": "y"
      }
    },
    {
      "from": [
        11.02539,
        15.0,
        5.5934
      ],
      "to": [
        12.09961,
        17.0,
        6.9818296
      ],
      "faces": {
        "east": {
          "uv": [
            1.875,
            7.25,
            2.0625,
            7.5
          ],
          "tintindex": 0,
          "rotation": 0,
          "texture": "#0"
        },
        "south": {
          "uv": [
            6.5,
            1.875,
            6.625,
            2.125
          ],
          "tintindex": 0,
          "rotation": 0,
          "texture": "#0"
        },
        "north": {
          "uv": [
            5.5,
            2.8125,
            5.625,
            3.0625
          ],
          "tintindex": 0,
          "rotation": 0,
          "texture": "#0"
        },
        "west": {
          "uv": [
            4.75,
            7.25,
            4.9375,
            7.5
          ],
          "tintindex": 0,
          "rotation": 0,
          "texture": "#0"
        },
        "up": {
          "uv": [
            4.5,
            3.25,
            4.375,
            3.0625
          ],
          "tintindex": 0,
          "rotation": 0,
          "texture": "#0"
        },
        "down": {
          "uv": [
            6.75,
            6.3125,
            6.625,
            6.5
          ],
          "tintindex": 0,
          "rotation": 0,
          "texture": "#0"
        }
      }
    },
    {
      "from": [
        10.77539,
        14.75,
        0.26816988
      ],
      "to": [
        11.72461,
        16.625,
        0.98182964
      ],
      "faces": {
        "east": {
          "uv": [
            1.0625,
            6.3125,
            1.125,
            6.5625
          ],
          "tintindex": 0,
          "rotation": 0,
          "texture": "#0"
        },
        "south": {
          "uv": [
            7.4375,
            5.8125,
            7.5625,
            6.0625
          ],
          "tintindex": 0,
          "rotation": 0,
          "texture": "#0"
        },
        "north": {
          "uv": [
            7.4375,
            2.75,
            7.5625,
            3.0
          ],
          "tintindex": 0,
          "rotation": 0,
          "texture": "#0"
        },
        "west": {
          "uv": [
            6.375,
            5.875,
            6.4375,
            6.125
          ],
          "tintindex": 0,
          "rotation": 0,
          "texture": "#0"
        },
        "up": {
          "uv": [
            2.125,
            5.75,
            2.0,
            5.6875
          ],
          "tintindex": 0,
          "rotation": 0,
          "texture": "#0"
        },
        "down": {
          "uv": [
            2.25,
            5.6875,
            2.125,
            5.75
          ],
          "tintindex": 0,
          "rotation": 0,
          "texture": "#0"
        }
      }
    },
    {
      "from": [
        10.77539,
        15.75,
        -6.2318306
      ],