{
  "textures": {
    "0": "xq9rmjx80:tex/kjanzurh",
    "particle": "#0"
  },
  "elements": [
    {
      "from": [
        5.5688667,
        -7.6221085,
        0.7492695
      ],
      "to": [
        5.9021997,
        -4.6221085,
        2.7492695
      ],
      "faces": {
        "west": {
          "uv": [
            12.5,
            5.6875,
            12.125,
            6.25
          ],
          "tintindex": 0,
          "rotation": 0,
          "texture": "#0"
        }
      }
    }
  ],
  "display": {
    "head": {
      "rotation": [
        35.06922,
        -26.563066,
        10.670208
      ]
    },
    "firstperson_righthand": {
      "rotation": [
        35.06922,
        -26.563066,
        10.670208
      ]
    },
    "thirdperson_lefthand": {
      "rotation": [
        35.06922,
        26.563066,
        -10.670208
      ]
    },
    "firstperson_lefthand": {
      "rotation": [
        35.06922,
        26.563066,
        -10.670208
      ]
    },
    "fixed": {
      "rotation": [
        35.06922,
        -26.563066,
        10.670208
      ]
    },
    "ground": {
      "rotation": [
        35.06922,
        -26.563066,
        10.670208
      ]
    },
    "thirdperson_righthand": {
      "rotation": [
        35.06922,
        -26.563066,
        10.670208
      ]
    },
    "gui": {
      "rotation": [
        178.35387,
        -11.621279,
        166.16461
      ]
    }
  }
}