{
  "textures": {
    "0": "xq9rmjx80:tex/kjanzurh",
    "particle": "#0"
  },
  "elements": [
    {
      "from": [
        25.778646,
        -3.6973715,
        15.648203
      ],
      "to": [
        27.11198,
        5.3169622,
        18.082962
      ],
      "faces": {
        "east": {
          "uv": [
            9.3125,
            6.375,
            9.75,
            8.0625
          ],
          "tintindex": 0,
          "rotation": 0,
          "texture": "#0"
        }
      }
    }
  ],
  "display": {
    "head": {
      "rotation": [
        -1.7769794,
        -68.217255,
        -0.004465097
      ]
    },
    "firstperson_righthand": {
      "rotation": [
        -1.7769794,
        -68.217255,
        -0.004465097
      ]
    },
    "thirdperson_lefthand": {
      "rotation": [
        -1.7769794,
        68.217255,
        0.004465097
      ]
    },
    "firstperson_lefthand": {
      "rotation": [
        -1.7769794,
        68.217255,
        0.004465097
      ]
    },
    "fixed": {
      "rotation": [
        -1.7769794,
        -68.217255,
        -0.004465097
      ]
    },
    "ground": {
      "rotation": [
        -1.7769794,
        -68.217255,
        -0.004465097
      ]
    },
    "thirdperson_righthand": {
      "rotation": [
        -1.7769794,
        -68.217255,
        -0.004465097
      ]
    },
    "gui": {
      "rotation": [
        -149.28253,
        23.225122,
        -178.63724
      ]
    }
  }
}