{
  "textures": {
    "0": "xq9rmjx80:tex/kjanzurh",
    "particle": "#0"
  },
  "elements": [
    {
      "from": [
        12.865549,
        21.467045,
        -5.3955107
      ],
      "to": [
        13.532215,
        23.467045,
        6.112939
      ],
      "faces": {
        "up": {
          "uv": [
            5.125,
            12.0625,
            5.0,
            9.875
          ],
          "tintindex": 0,
          "rotation": 0,
          "texture": "#0"
        }
      }
    }
  ],
  "display": {
    "head": {
      "rotation": [
        -10.007976,
        -2.1556509,
        -0.24999513
      ]
    },
    "firstperson_righthand": {
      "rotation": [
        -10.007976,
        -2.1556509,
        -0.24999513
      ]
    },
    "thirdperson_lefthand": {
      "rotation": [
        -10.007976,
        2.1556509,
        0.24999513
      ]
    },
    "firstperson_lefthand": {
      "rotation": [
        -10.007976,
        2.1556509,
        0.24999513
      ]
    },
    "fixed": {
      "rotation": [
        -10.007976,
        -2.1556509,
        -0.24999513
      ]
    },
    "ground": {
      "rotation": [
        -10.007976,
        -2.1556509,
        -0.24999513
      ]
    },
    "thirdperson_righthand": {
      "rotation": [
        -10.007976,
        -2.1556509,
        -0.24999513
      ]
    },
    "gui": {
      "rotation": [
        -136.48373,
        -42.009747,
        -170.73051
      ]
    }
  }
}