{
  "textures": {
    "1": "lqutnhfw6:tex/89qumttx",
    "particle": "#1"
  },
  "elements": [
    {
      "from": [
        24.825,
        8.1,
        15.5
      ],
      "to": [
        25.325,
        9.1,
        20.5
      ],
      "faces": {
        "east": {
          "uv": [
            8.53125,
            4.875,
            8.84375,
            4.9375
          ],
          "tintindex": 0,
          "rotation": 0,
          "texture": "#1"
        },
        "south": {
          "uv": [
            9.09375,
            5.25,
            9.125,
            5.3125
          ],
          "tintindex": 0,
          "rotation": 0,
          "texture": "#1"
        },
        "north": {
          "uv": [
            9.03125,
            5.25,
            9.0625,
            5.3125
          ],
          "tintindex": 0,
          "rotation": 0,
          "texture": "#1"
        },
        "west": {
          "uv": [
            8.90625,
            4.5,
            9.21875,
            4.5625
          ],
          "tintindex": 0,
          "rotation": 0,
          "texture": "#1"
        },
        "up": {
          "uv": [
            8.5625,
            5.5625,
            8.53125,
            5.25
          ],
          "tintindex": 0,
          "rotation": 0,
          "texture": "#1"
        }
      }
    },
    {
      "from": [
        25.325,
        8.1,
        3.0
      ],
      "to": [
        25.825,
        9.1,
        8.0
      ],
      "faces": {
        "east": {
          "uv": [
            8.90625,
            4.78125,
            9.21875,
            4.84375
          ],
          "tintindex": 0,
          "rotation": 0,
          "texture": "#1"
        },
        "south": {
          "uv": [
            9.34375,
            5.25,
            9.375,
            5.3125
          ],
          "tintindex": 0,
          "rotation": 0,
          "texture": "#1"
        },
        "north": {
          "uv": [
            9.28125,
            5.25,
            9.3125,
            5.3125
          ],
          "tintindex": 0,
          "rotation": 0,
          "texture": "#1"
        },
        "west": {
          "uv": [
            8.875,
            4.875,
            9.1875,
            4.9375
          ],
          "tintindex": 0,
          "rotation": 0,
          "texture": "#1"
        },
        "up": {
          "uv": [
            8.6875,
            5.5625,
            8.65625,
            5.25
          ],
          "tintindex": 0,
          "rotation": 0,
          "texture": "#1"
        }
      }
    },
    {
      "from": [
        24.825,
        8.1,
        9.5
      ],
      "to": [
        25.325,
        9.1,
        14.5
      ],
      "faces": {
        "east": {
          "uv": [
            8.90625,
            4.59375,
            9.21875,
            4.65625
          ],
          "tintindex": 0,
          "rotation": 0,
          "texture": "#1"
        },
        "south": {
          "uv": [
            9.21875,
            5.25,
            9.25,
            5.3125
          ],
          "tintindex": 0,
          "rotation": 0,
          "texture": "#1"
        },
        "north": {
          "uv": [
            9.15625,
            5.25,
            9.1875,
            5.3125
          ],
          "tintindex": 0,
          "rotation": 0,
          "texture": "#1"
        },
        "west": {
          "uv": [
            8.90625,
            4.6875,
            9.21875,
            4.75
          ],
          "tintindex": 0,
          "rotation": 0,
          "texture": "#1"
        },
        "up": {
          "uv": [
            8.625,
            5.5625,
            8.59375,
            5.25
          ],
          "tintindex": 0,
          "rotation": 0,
          "texture": "#1"
        }
      }
    },
    {
      "from": [
        25.325,
        8.1,
        -3.0
      ],
      "to": [
        25.825,
        9.1,
        2.0
      ],
      "faces": {
        "east": {
          "uv": [
            8.53125,
            4.96875,
            8.84375,
            5.03125
          ],
          "tintindex": 0,
          "rotation": 0,
          "texture": "#1"
        },
        "south": {
          "uv": [
            9.09375,
            5.34375,
            9.125,
            5.40625
          ],
          "tintindex": 0,
          "rotation": 0,
          "texture": "#1"
        },
        "north": {
          "uv": [
            9.03125,
            5.34375,
            9.0625,
            5.40625
          ],
          "tintindex": 0,
          "rotation": 0,
          "texture": "#1"
        },
        "west": {
          "uv": [
            8.875,
            4.96875,
            9.1875,
            5.03125
          ],
          "tintindex": 0,
          "rotation": 0,
          "texture": "#1"
        },
        "up": {
          "uv": [
            8.75,
            5.5625,
            8.71875,
            5.25
          ],
          "tintindex": 0,
          "rotation": 0,
          "texture": "#1"
        }
      }
    }
  ],
  "display": {
    "head": {
      "rotation": [
        0.0,
        0.0,
        0.0
      ]
    },
    "firstperson_righthand": {
      "rotation": [
        0.0,
        0.0,
        0.0
      ]
    },
    "thirdperson_lefthand": {
      "rotation": [
        0.0,
        -0.0,
        -0.0
      ]
    },
    "firstperson_lefthand": {
      "rotation": [
        0.0,
        -0.0,
        -0.0
      ]
    },
    "fixed": {
      "rotation": [
        0.0,
        0.0,
        0.0
      ]
    },
    "ground": {
      "rotation": [
        0.0,
        0.0,
        0.0
      ]
    },
    "thirdperson_righthand": {
      "rotation": [
        0.0,
        0.0,
        0.0
      ]
    },
    "gui": {
      "rotation": [
        -150.0,
        -45.0,
        180.0
      ]
    }
  }
}