{
  "textures": {
    "0": "xq9rmjx80:tex/kjanzurh",
    "particle": "#0"
  },
  "elements": [
    {
      "from": [
        0.267735,
        11.344391,
        20.114164
      ],
      "to": [
        0.9344015,
        15.144558,
        23.26709
      ],
      "faces": {
        "up": {
          "uv": [
            0.625,
            12.1875,
            0.5,
            11.625
          ],
          "tintindex": 0,
          "rotation": 0,
          "texture": "#0"
        }
      }
    }
  ],
  "display": {
    "head": {
      "rotation": [
        -75.04803,
        12.089435,
        -0.24491562
      ]
    },
    "firstperson_righthand": {
      "rotation": [
        -75.04803,
        12.089435,
        -0.24491562
      ]
    },
    "thirdperson_lefthand": {
      "rotation": [
        -75.04803,
        -12.089435,
        0.24491562
      ]
    },
    "firstperson_lefthand": {
      "rotation": [
        -75.04803,
        -12.089435,
        0.24491562
      ]
    },
    "fixed": {
      "rotation": [
        -75.04803,
        12.089435,
        -0.24491562
      ]
    },
    "ground": {
      "rotation": [
        -75.04803,
        12.089435,
        -0.24491562
      ]
    },
    "thirdperson_righthand": {
      "rotation": [
        -75.04803,
        12.089435,
        -0.24491562
      ]
    },
    "gui": {
      "rotation": [
        -61.83695,
        -19.055819,
        -133.961
      ]
    }
  }
}