{
  "textures": {
    "0": "xq9rmjx80:tex/kjanzurh",
    "particle": "#0"
  },
  "elements": [
    {
      "from": [
        6.658333,
        21.026104,
        3.277626
      ],
      "to": [
        7.991646,
        22.804335,
        4.3965454
      ],
      "faces": {
        "east": {
          "uv": [
            7.75,
            8.5625,
            7.9375,
            8.875
          ],
          "tintindex": 0,
          "rotation": 0,
          "texture": "#0"
        }
      }
    }
  ],
  "display": {
    "head": {
      "rotation": [
        -135.97716,
        -0.03619763,
        0.03498353
      ]
    },
    "firstperson_righthand": {
      "rotation": [
        -135.97716,
        -0.03619763,
        0.03498353
      ]
    },
    "thirdperson_lefthand": {
      "rotation": [
        -135.97716,
        0.03619763,
        -0.03498353
      ]
    },
    "firstperson_lefthand": {
      "rotation": [
        -135.97716,
        0.03619763,
        -0.03498353
      ]
    },
    "fixed": {
      "rotation": [
        -135.97716,
        -0.03619763,
        0.03498353
      ]
    },
    "ground": {
      "rotation": [
        -135.97716,
        -0.03619763,
        0.03498353
      ]
    },
    "thirdperson_righthand": {
      "rotation": [
        -135.97716,
        -0.03619763,
        0.03498353
      ]
    },
    "gui": {
      "rotation": [
        -23.833054,
        30.590643,
        -145.15564
      ]
    }
  }
}