{
  "textures": {
    "0": "xq9rmjx80:tex/kjanzurh",
    "particle": "#0"
  },
  "elements": [
    {
      "from": [
        14.447657,
        -12.259506,
        20.08333
      ],
      "to": [
        14.780991,
        -9.259506,
        22.08333
      ],
      "faces": {
        "east": {
          "uv": [
            12.5,
            5.6875,
            12.125,
            6.25
          ],
          "tintindex": 0,
          "rotation": 0,
          "texture": "#0"
        }
      }
    }
  ],
  "display": {
    "head": {
      "rotation": [
        -35.06922,
        -26.563066,
        -10.670208
      ]
    },
    "firstperson_righthand": {
      "rotation": [
        -35.06922,
        -26.563066,
        -10.670208
      ]
    },
    "thirdperson_lefthand": {
      "rotation": [
        -35.06922,
        26.563066,
        10.670208
      ]
    },
    "firstperson_lefthand": {
      "rotation": [
        -35.06922,
        26.563066,
        10.670208
      ]
    },
    "fixed": {
      "rotation": [
        -35.06922,
        -26.563066,
        -10.670208
      ]
    },
    "ground": {
      "rotation": [
        -35.06922,
        -26.563066,
        -10.670208
      ]
    },
    "thirdperson_righthand": {
      "rotation": [
        -35.06922,
        -26.563066,
        -10.670208
      ]
    },
    "gui": {
      "rotation": [
        -118.35387,
        -11.621279,
        -166.16461
      ]
    }
  }
}