{
  "textures": {
    "0": "xq9rmjx80:tex/kjanzurh",
    "particle": "#0"
  },
  "elements": [
    {
      "from": [
        25.146385,
        -8.133926,
        8.315219
      ],
      "to": [
        26.479717,
        -7.606887,
        17.58885
      ],
      "faces": {
        "east": {
          "uv": [
            11.0,
            0.8125,
            12.75,
            0.9375
          ],
          "tintindex": 0,
          "rotation": 0,
          "texture": "#0"
        }
      }
    }
  ],
  "display": {
    "head": {
      "rotation": [
        -58.918823,
        -50.945343,
        -48.967228
      ]
    },
    "firstperson_righthand": {
      "rotation": [
        -58.918823,
        -50.945343,
        -48.967228
      ]
    },
    "thirdperson_lefthand": {
      "rotation": [
        -58.918823,
        50.945343,
        48.967228
      ]
    },
    "firstperson_lefthand": {
      "rotation": [
        -58.918823,
        50.945343,
        48.967228
      ]
    },
    "fixed": {
      "rotation": [
        -58.918823,
        -50.945343,
        -48.967228
      ]
    },
    "ground": {
      "rotation": [
        -58.918823,
        -50.945343,
        -48.967228
      ]
    },
    "thirdperson_righthand": {
      "rotation": [
        -58.918823,
        -50.945343,
        -48.967228
      ]
    },
    "gui": {
      "rotation": [
        -115.29342,
        18.608473,
        170.74994
      ]
    }
  }
}