{
  "textures": {
    "0": "xq9rmjx80:tex/kjanzurh",
    "particle": "#0"
  },
  "elements": [
    {
      "from": [
        0.30100632,
        11.988634,
        -7.098899
      ],
      "to": [
        0.9676728,
        15.788801,
        -3.9459715
      ],
      "faces": {
        "up": {
          "uv": [
            7.0,
            12.1875,
            6.875,
            11.625
          ],
          "tintindex": 0,
          "rotation": 0,
          "texture": "#0"
        }
      }
    }
  ],
  "display": {
    "head": {
      "rotation": [
        75.04803,
        -12.089435,
        -0.24491562
      ]
    },
    "firstperson_righthand": {
      "rotation": [
        75.04803,
        -12.089435,
        -0.24491562
      ]
    },
    "thirdperson_lefthand": {
      "rotation": [
        75.04803,
        12.089435,
        0.24491562
      ]
    },
    "firstperson_lefthand": {
      "rotation": [
        75.04803,
        12.089435,
        0.24491562
      ]
    },
    "fixed": {
      "rotation": [
        75.04803,
        -12.089435,
        -0.24491562
      ]
    },
    "ground": {
      "rotation": [
        75.04803,
        -12.089435,
        -0.24491562
      ]
    },
    "thirdperson_righthand": {
      "rotation": [
        75.04803,
        -12.089435,
        -0.24491562
      ]
    },
    "gui": {
      "rotation": [
        139.06491,
        -1.7362533,
        136.63893
      ]
    }
  }
}