{
  "textures": {
    "6": "gwjritg0z:tex/rgbchkdy",
    "particle": "#6"
  },
  "elements": [
    {
      "from": [
        2.3552866,
        14.8145275,
        19.36016
      ],
      "to": [
        3.0219536,
        15.131195,
        23.026827
      ],
      "faces": {
        "up": {
          "uv": [
            1.78125,
            9.25,
            1.71875,
            8.90625
          ],
          "tintindex": 0,
          "rotation": 0,
          "texture": "#6"
        }
      }
    },
    {
      "from": [
        3.0219536,
        14.8145275,
        19.36016
      ],
      "to": [
        4.0219536,
        15.131195,
        22.026827
      ],
      "faces": {
        "up": {
          "uv": [
            2.5625,
            7.0,
            2.46875,
            6.75
          ],
          "tintindex": 0,
          "rotation": 0,
          "texture": "#6"
        }
      }
    }
  ],
  "display": {
    "head": {
      "rotation": [
        35.956932,
        18.727007,
        -66.12584
      ]
    },
    "firstperson_righthand": {
      "rotation": [
        35.956932,
        18.727007,
        -66.12584
      ]
    },
    "thirdperson_lefthand": {
      "rotation": [
        35.956932,
        -18.727007,
        66.12584
      ]
    },
    "firstperson_lefthand": {
      "rotation": [
        35.956932,
        -18.727007,
        66.12584
      ]
    },
    "fixed": {
      "rotation": [
        35.956932,
        18.727007,
        -66.12584
      ]
    },
    "ground": {
      "rotation": [
        35.956932,
        18.727007,
        -66.12584
      ]
    },
    "thirdperson_righthand": {
      "rotation": [
        35.956932,
        18.727007,
        -66.12584
      ]
    },
    "gui": {
      "rotation": [
        149.53333,
        -50.272686,
        73.36094
      ]
    }
  }
}