{
  "textures": {
    "0": "xq9rmjx80:tex/tf2x7isp",
    "particle": "#0"
  },
  "elements": [
    {
      "from": [
        -0.5,
        5.5,
        5.5
      ],
      "to": [
        15.5,
        10.5,
        10.5
      ],
      "faces": {
        "east": {
          "uv": [
            11.78125,
            11.375,
            11.9375,
            11.53125
          ],
          "tintindex": 0,
          "rotation": 0,
          "texture": "#0"
        },
        "south": {
          "uv": [
            11.4375,
            10.25,
            11.9375,
            10.40625
          ],
          "tintindex": 0,
          "rotation": 0,
          "texture": "#0"
        },
        "north": {
          "uv": [
            10.125,
            8.875,
            10.625,
            9.03125
          ],
          "tintindex": 0,
          "rotation": 0,
          "texture": "#0"
        },
        "west": {
          "uv": [
            9.15625,
            11.40625,
            9.3125,
            11.5625
          ],
          "tintindex": 0,
          "rotation": 0,
          "texture": "#0"
        },
        "up": {
          "uv": [
            11.9375,
            10.59375,
            11.4375,
            10.4375
          ],
          "tintindex": 0,
          "rotation": 0,
          "texture": "#0"
        },
        "down": {
          "uv": [
            10.78125,
            10.5,
            10.28125,
            10.65625
          ],
          "tintindex": 0,
          "rotation": 0,
          "texture": "#0"
        }
      }
    },
    {
      "from": [
        17.5,
        7.5,
        6.5
      ],
      "to": [
        19.5,
        9.5,
        8.5
      ],
      "faces": {
        "east": {
          "uv": [
            12.6875,
            10.0,
            12.75,
            10.0625
          ],
          "tintindex": 0,
          "rotation": 0,
          "texture": "#0"
        },
        "south": {
          "uv": [
            11.375,
            11.71875,
            11.4375,
            11.78125
          ],
          "tintindex": 0,
          "rotation": 0,
          "texture": "#0"
        },
        "north": {
          "uv": [
            12.375,
            9.3125,
            12.4375,
            9.375
          ],
          "tintindex": 0,
          "rotation": 0,
          "texture": "#0"
        },
        "west": {
          "uv": [
            11.96875,
            11.71875,
            12.03125,
            11.78125
          ],
          "tintindex": 0,
          "rotation": 0,
          "texture": "#0"
        },
        "up": {
          "uv": [
            12.28125,
            11.78125,
            12.21875,
            11.71875
          ],
          "tintindex": 0,
          "rotation": 0,
          "texture": "#0"
        },
        "down": {
          "uv": [
            12.375,
            11.71875,
            12.3125,
            11.78125
          ],
          "tintindex": 0,
          "rotation": 0,
          "texture": "#0"
        }
      }
    },
    {
      "from": [
        -4.5,
        7.5,
        6.5
      ],
      "to": [
        -2.5,
        9.5,
        8.5
      ],
      "faces": {
        "east": {
          "uv": [
            12.5,
            11.71875,
            12.5625,
            11.78125
          ],
          "tintindex": 0,
          "rotation": 0,
          "texture": "#0"
        },
        "south": {
          "uv": [
            9.3125,
            11.75,
            9.375,
            11.8125
          ],
          "tintindex": 0,
          "rotation": 0,
          "texture": "#0"
        },
        "north": {
          "uv": [
            12.40625,
            11.71875,
            12.46875,
            11.78125
          ],
          "tintindex": 0,
          "rotation": 0,
          "texture": "#0"
        },
        "west": {
          "uv": [
            9.59375,
            11.75,
            9.65625,
            11.8125
          ],
          "tintindex": 0,
          "rotation": 0,
          "texture": "#0"
        },
        "up": {
          "uv": [
            12.78125,
            8.6875,
            12.71875,
            8.625
          ],
          "tintindex": 0,
          "rotation": 0,
          "texture": "#0"
        },
        "down": {
          "uv": [
            12.78125,
            8.71875,
            12.71875,
            8.78125
          ],
          "tintindex": 0,
          "rotation": 0,
          "texture": "#0"
        }
      }
    }
  ],
  "display": {
    "head": {
      "rotation": [
        0.0,
        0.0,
        0.0
      ]
    },
    "firstperson_righthand": {
      "rotation": [
        0.0,
        0.0,
        0.0
      ]
    },
    "thirdperson_lefthand": {
      "rotation": [
        0.0,
        -0.0,
        -0.0
      ]
    },
    "firstperson_lefthand": {
      "rotation": [
        0.0,
        -0.0,
        -0.0
      ]
    },
    "fixed": {
      "rotation": [
        0.0,
        0.0,
        0.0
      ]
    },
    "ground": {
      "rotation": [
        0.0,
        0.0,
        0.0
      ]
    },
    "thirdperson_righthand": {
      "rotation": [
        0.0,
        0.0,
        0.0
      ]
    },
    "gui": {
      "rotation": [
        -150.0,
        -45.0,
        180.0
      ]
    }
  }
}