{
  "textures": {
    "0": "xq9rmjx80:tex/kjanzurh",
    "particle": "#0"
  },
  "elements": [
    {
      "from": [
        -10.269245,
        -7.8474035,
        9.565222
      ],
      "to": [
        -8.935911,
        -6.3474035,
        16.088852
      ],
      "faces": {
        "west": {
          "uv": [
            9.875,
            10.0625,
            11.125,
            10.3125
          ],
          "tintindex": 0,
          "rotation": 0,
          "texture": "#0"
        }
      }
    }
  ],
  "display": {
    "head": {
      "rotation": [
        -58.918808,
        50.945343,
        48.217213
      ]
    },
    "firstperson_righthand": {
      "rotation": [
        -58.918808,
        50.945343,
        48.217213
      ]
    },
    "thirdperson_lefthand": {
      "rotation": [
        -58.918808,
        -50.945343,
        -48.217213
      ]
    },
    "firstperson_lefthand": {
      "rotation": [
        -58.918808,
        -50.945343,
        -48.217213
      ]
    },
    "fixed": {
      "rotation": [
        -58.918808,
        50.945343,
        48.217213
      ]
    },
    "ground": {
      "rotation": [
        -58.918808,
        50.945343,
        48.217213
      ]
    },
    "thirdperson_righthand": {
      "rotation": [
        -58.918808,
        50.945343,
        48.217213
      ]
    },
    "gui": {
      "rotation": [
        -29.401869,
        -51.178383,
        -56.763237
      ]
    }
  }
}