{
  "textures": {
    "6": "gwjritg0z:tex/rgbchkdy",
    "particle": "#6"
  },
  "elements": [
    {
      "from": [
        2.5249996,
        0.9250002,
        5.174999
      ],
      "to": [
        13.475,
        15.075001,
        10.825001
      ],
      "faces": {
        "east": {
          "uv": [
            12.15625,
            14.53125,
            12.34375,
            14.96875
          ],
          "tintindex": 0,
          "rotation": 0,
          "texture": "#6"
        },
        "west": {
          "uv": [
            12.375,
            14.53125,
            12.5625,
            14.96875
          ],
          "tintindex": 0,
          "rotation": 0,
          "texture": "#6"
        },
        "up": {
          "uv": [
            15.03125,
            13.5,
            14.6875,
            13.3125
          ],
          "tintindex": 0,
          "rotation": 0,
          "texture": "#6"
        },
        "down": {
          "uv": [
            15.0625,
            13.53125,
            14.71875,
            13.71875
          ],
          "tintindex": 0,
          "rotation": 0,
          "texture": "#6"
        }
      },
      "rotation": {
        "origin": [
          8.0,
          8.0,
          8.0
        ],
        "angle": 45.0,
        "axis": "x"
      }
    },
    {
      "from": [
        2.4750004,
        1.0,
        5.0
      ],
      "to": [
        13.525,
        15.0,
        11.0
      ],
      "faces": {
        "east": {
          "uv": [
            11.28125,
            14.53125,
            11.46875,
            14.96875
          ],
          "tintindex": 0,
          "rotation": 0,
          "texture": "#6"
        },
        "west": {
          "uv": [
            11.5,
            14.53125,
            11.6875,
            14.96875
          ],
          "tintindex": 0,
          "rotation": 0,
          "texture": "#6"
        },
        "up": {
          "uv": [
            15.03125,
            12.0625,
            14.6875,
            11.875
          ],
          "tintindex": 0,
          "rotation": 0,
          "texture": "#6"
        },
        "down": {
          "uv": [
            15.03125,
            12.09375,
            14.6875,
            12.28125
          ],
          "tintindex": 0,
          "rotation": 0,
          "texture": "#6"
        }
      }
    },
    {
      "from": [
        2.5,
        5.0,
        1.0
      ],
      "to": [
        13.5,
        11.0,
        15.0
      ],
      "faces": {
        "east": {
          "uv": [
            11.71875,
            14.53125,
            11.90625,
            14.96875
          ],
          "tintindex": 0,
          "rotation": 270,
          "texture": "#6"
        },
        "south": {
          "uv": [
            15.03125,
            13.0625,
            14.6875,
            12.875
          ],
          "tintindex": 0,
          "rotation": 0,
          "texture": "#6"
        },
        "north": {
          "uv": [
            15.03125,
            13.09375,
            14.6875,
            13.28125
          ],
          "tintindex": 0,
          "rotation": 180,
          "texture": "#6"
        },
        "west": {
          "uv": [
            11.9375,
            14.53125,
            12.125,
            14.96875
          ],
          "tintindex": 0,
          "rotation": 90,
          "texture": "#6"
        }
      }
    },
    {
      "from": [
        2.5249996,
        0.9250002,
        5.174999
      ],
      "to": [
        13.475,
        15.075001,
        10.825001
      ],
      "faces": {
        "east": {
          "uv": [
            12.59375,
            14.53125,
            12.78125,
            14.96875
          ],
          "tintindex": 0,
          "rotation": 0,
          "texture": "#6"
        },
        "west": {
          "uv": [
            12.8125,
            14.53125,
            13.0,
            14.96875
          ],
          "tintindex": 0,
          "rotation": 0,
          "texture": "#6"
        },
        "up": {
          "uv": [
            15.0625,
            13.9375,
            14.71875,
            13.75
          ],
          "tintindex": 0,
          "rotation": 0,
          "texture": "#6"
        },
        "down": {
          "uv": [
            15.0625,
            13.96875,
            14.71875,
            14.15625
          ],
          "tintindex": 0,
          "rotation": 0,
          "texture": "#6"
        }
      },
      "rotation": {
        "origin": [
          8.0,
          8.0,
          8.0
        ],
        "angle": -45.0,
        "axis": "x"
      }
    }
  ],
  "display": {
    "head": {
      "rotation": [
        0.0,
        0.0,
        0.0
      ]
    },
    "firstperson_righthand": {
      "rotation": [
        0.0,
        0.0,
        0.0
      ]
    },
    "thirdperson_lefthand": {
      "rotation": [
        0.0,
        -0.0,
        -0.0
      ]
    },
    "firstperson_lefthand": {
      "rotation": [
        0.0,
        -0.0,
        -0.0
      ]
    },
    "fixed": {
      "rotation": [
        0.0,
        0.0,
        0.0
      ]
    },
    "ground": {
      "rotation": [
        0.0,
        0.0,
        0.0
      ]
    },
    "thirdperson_righthand": {
      "rotation": [
        0.0,
        0.0,
        0.0
      ]
    },
    "gui": {
      "rotation": [
        -150.0,
        -45.0,
        180.0
      ]
    }
  }
}