{
  "textures": {
    "0": "xq9rmjx80:tex/kjanzurh",
    "particle": "#0"
  },
  "elements": [
    {
      "from": [
        1.6154065,
        -2.264494,
        -5.626417
      ],
      "to": [
        14.384594,
        -0.5978279,
        -4.84725
      ],
      "faces": {
        "down": {
          "uv": [
            12.875,
            8.25,
            10.5,
            8.375
          ],
          "tintindex": 0,
          "rotation": 0,
          "texture": "#0"
        }
      }
    },
    {
      "from": [
        0.19874,
        -2.264494,
        -4.84725
      ],
      "to": [
        15.80126,
        -0.5978279,
        -4.513916
      ],
      "faces": {
        "down": {
          "uv": [
            14.0,
            10.5,
            11.0625,
            10.5625
          ],
          "tintindex": 0,
          "rotation": 0,
          "texture": "#0"
        }
      }
    },
    {
      "from": [
        5.6154065,
        -2.264494,
        -6.95975
      ],
      "to": [
        10.384594,
        -0.5978279,
        -5.626417
      ],
      "faces": {
        "down": {
          "uv": [
            11.875,
            0.5,
            11.0,
            0.75
          ],
          "tintindex": 0,
          "rotation": 0,
          "texture": "#0"
        }
      }
    }
  ],
  "display": {
    "head": {
      "rotation": [
        48.30144,
        0.0,
        -0.0
      ]
    },
    "firstperson_righthand": {
      "rotation": [
        48.30144,
        0.0,
        -0.0
      ]
    },
    "thirdperson_lefthand": {
      "rotation": [
        48.30144,
        -0.0,
        0.0
      ]
    },
    "firstperson_lefthand": {
      "rotation": [
        48.30144,
        -0.0,
        0.0
      ]
    },
    "fixed": {
      "rotation": [
        48.30144,
        0.0,
        -0.0
      ]
    },
    "ground": {
      "rotation": [
        48.30144,
        0.0,
        -0.0
      ]
    },
    "thirdperson_righthand": {
      "rotation": [
        48.30144,
        0.0,
        -0.0
      ]
    },
    "gui": {
      "rotation": [
        152.20999,
        -28.058681,
        143.25296
      ]
    }
  }
}