{
  "textures": {
    "0": "gwjritg0z:tex/qlh8hx27",
    "particle": "#0"
  },
  "elements": [
    {
      "from": [
        0.06287575,
        8.008827,
        1.1142387
      ],
      "to": [
        3.5628757,
        12.996326,
        8.314239
      ],
      "faces": {
        "west": {
          "uv": [
            3.40625,
            7.40625,
            3.84375,
            7.71875
          ],
          "tintindex": 0,
          "rotation": 0,
          "texture": "#0"
        },
        "up": {
          "uv": [
            7.96875,
            8.15625,
            7.75,
            7.71875
          ],
          "tintindex": 0,
          "rotation": 0,
          "texture": "#0"
        }
      }
    }
  ],
  "display": {
    "head": {
      "rotation": [
        10.2999935,
        38.749996,
        6.8675e-06
      ]
    },
    "firstperson_righthand": {
      "rotation": [
        10.2999935,
        38.749996,
        6.8675e-06
      ]
    },
    "thirdperson_lefthand": {
      "rotation": [
        10.2999935,
        -38.749996,
        -6.8675e-06
      ]
    },
    "firstperson_lefthand": {
      "rotation": [
        10.2999935,
        -38.749996,
        -6.8675e-06
      ]
    },
    "fixed": {
      "rotation": [
        10.2999935,
        38.749996,
        6.8675e-06
      ]
    },
    "ground": {
      "rotation": [
        10.2999935,
        38.749996,
        6.8675e-06
      ]
    },
    "thirdperson_righthand": {
      "rotation": [
        10.2999935,
        38.749996,
        6.8675e-06
      ]
    },
    "gui": {
      "rotation": [
        155.64,
        -80.120094,
        132.53584
      ]
    }
  }
}