{
  "textures": {
    "0": "7w5x0vpi5:tex/taoq4uh7",
    "particle": "#0"
  },
  "elements": [
    {
      "from": [
        5.3649035,
        3.502251,
        1.8773
      ],
      "to": [
        6.384904,
        12.801262,
        13.897301
      ],
      "faces": {
        "east": {
          "uv": [
            4.5,
            4.375,
            5.25,
            4.9375
          ],
          "tintindex": 0,
          "rotation": 0,
          "texture": "#0"
        },
        "south": {
          "uv": [
            7.4375,
            0.3125,
            7.5,
            0.875
          ],
          "tintindex": 0,
          "rotation": 0,
          "texture": "#0"
        },
        "north": {
          "uv": [
            5.6875,
            7.375,
            5.75,
            7.9375
          ],
          "tintindex": 0,
          "rotation": 0,
          "texture": "#0"
        },
        "west": {
          "uv": [
            0.0,
            4.5625,
            0.75,
            5.125
          ],
          "tintindex": 0,
          "rotation": 0,
          "texture": "#0"
        },
        "up": {
          "uv": [
            6.75,
            7.875,
            6.6875,
            7.125
          ],
          "tintindex": 0,
          "rotation": 0,
          "texture": "#0"
        },
        "down": {
          "uv": [
            3.6875,
            7.1875,
            3.625,
            7.9375
          ],
          "tintindex": 0,
          "rotation": 0,
          "texture": "#0"
        }
      }
    },
    {
      "from": [
        5.3749037,
        2.7912612,
        -1.1127005
      ],
      "to": [
        6.3749037,
        3.512251,
        17.137299
      ],
      "faces": {
        "east": {
          "uv": [
            6.625,
            3.3125,
            7.75,
            3.375
          ],
          "tintindex": 0,
          "rotation": 0,
          "texture": "#0"
        },
        "south": {
          "uv": [
            2.375,
            6.25,
            2.4375,
            6.3125
          ],
          "tintindex": 0,
          "rotation": 0,
          "texture": "#0"
        },
        "north": {
          "uv": [
            2.375,
            6.1875,
            2.4375,
            6.25
          ],
          "tintindex": 0,
          "rotation": 0,
          "texture": "#0"
        },
        "west": {
          "uv": [
            6.8125,
            3.0,
            7.9375,
            3.0625
          ],
          "tintindex": 0,
          "rotation": 0,
          "texture": "#0"
        },
        "up": {
          "uv": [
            2.375,
            7.9375,
            2.3125,
            6.8125
          ],
          "tintindex": 0,
          "rotation": 0,
          "texture": "#0"
        },
        "down": {
          "uv": [
            4.5,
            6.875,
            4.4375,
            8.0
          ],
          "tintindex": 0,
          "rotation": 0,
          "texture": "#0"
        }
      }
    }
  ],
  "display": {
    "head": {
      "rotation": [
        -0.0,
        0.0,
        10.0
      ]
    },
    "firstperson_righthand": {
      "rotation": [
        -0.0,
        0.0,
        10.0
      ]
    },
    "thirdperson_lefthand": {
      "rotation": [
        -0.0,
        -0.0,
        -10.0
      ]
    },
    "firstperson_lefthand": {
      "rotation": [
        -0.0,
        -0.0,
        -10.0
      ]
    },
    "fixed": {
      "rotation": [
        -0.0,
        0.0,
        10.0
      ]
    },
    "ground": {
      "rotation": [
        -0.0,
        0.0,
        10.0
      ]
    },
    "thirdperson_righthand": {
      "rotation": [
        -0.0,
        0.0,
        10.0
      ]
    },
    "gui": {
      "rotation": [
        -150.0,
        -45.0,
        -170.0
      ]
    }
  }
}