{
  "textures": {
    "0": "e8x683vbb:tex/q74ml31z",
    "particle": "#0"
  },
  "elements": [
    {
      "from": [
        7.3587,
        6.33675,
        -12.95727
      ],
      "to": [
        8.60841,
        9.35383,
        -12.1141205
      ],
      "faces": {
        "east": {
          "uv": [
            3.25,
            4.625,
            3.35938,
            5.0
          ],
          "tintindex": 0,
          "rotation": 0,
          "texture": "#0"
        },
        "south": {
          "uv": [
            4.75,
            8.0,
            4.90625,
            8.375
          ],
          "tintindex": 0,
          "rotation": 0,
          "texture": "#0"
        },
        "north": {
          "uv": [
            4.5,
            8.0,
            4.65625,
            8.375
          ],
          "tintindex": 0,
          "rotation": 0,
          "texture": "#0"
        },
        "west": {
          "uv": [
            1.5,
            6.25,
            1.60938,
            6.625
          ],
          "tintindex": 0,
          "rotation": 0,
          "texture": "#0"
        },
        "up": {
          "uv": [
            5.03125,
            9.23438,
            4.875,
            9.125
          ],
          "tintindex": 0,
          "rotation": 0,
          "texture": "#0"
        },
        "down": {
          "uv": [
            9.28125,
            4.875,
            9.125,
            4.98438
          ],
          "tintindex": 0,
          "rotation": 0,
          "texture": "#0"
        }
      },
      "rotation": {
        "origin": [
          7.98356,
          7.84529,
          -12.806419
        ],
        "angle": 45.0,
        "axis": "z"
      }
    },
    {
      "from": [
        6.47502,
        7.22043,
        -12.95727
      ],
      "to": [
        9.49209,
        8.47014,
        -12.1141205
      ],
      "faces": {
        "east": {
          "uv": [
            3.0,
            9.125,
            3.10938,
            9.28125
          ],
          "tintindex": 0,
          "rotation": 0,
          "texture": "#0"
        },
        "south": {
          "uv": [
            8.0,
            5.875,
            8.375,
            6.03125
          ],
          "tintindex": 0,
          "rotation": 0,
          "texture": "#0"
        },
        "north": {
          "uv": [
            5.5,
            8.0,
            5.875,
            8.15625
          ],
          "tintindex": 0,
          "rotation": 0,
          "texture": "#0"
        },
        "west": {
          "uv": [
            5.125,
            9.125,
            5.23438,
            9.28125
          ],
          "tintindex": 0,
          "rotation": 0,
          "texture": "#0"
        },
        "up": {
          "uv": [
            8.875,
            6.48438,
            8.5,
            6.375
          ],
          "tintindex": 0,
          "rotation": 0,
          "texture": "#0"
        },
        "down": {
          "uv": [
            8.875,
            6.5,
            8.5,
            6.60938
          ],
          "tintindex": 0,
          "rotation": 0,
          "texture": "#0"
        }
      },
      "rotation": {
        "origin": [
          7.98356,
          7.84529,
          -12.806419
        ],
        "angle": 45.0,
        "axis": "z"
      }
    },
    {
      "from": [
        6.47502,
        7.22043,
        -12.95727
      ],
      "to": [
        9.49209,
        8.47014,
        -12.1141205
      ],
      "faces": {
        "east": {
          "uv": [
            9.125,
            6.125,
            9.23438,
            6.28125
          ],
          "tintindex": 0,
          "rotation": 0,
          "texture": "#0"
        },
        "south": {
          "uv": [
            6.5,
            8.0,
            6.875,
            8.15625
          ],
          "tintindex": 0,
          "rotation": 0,
          "texture": "#0"
        },
        "north": {
          "uv": [
            8.0,
            6.125,
            8.375,
            6.28125
          ],
          "tintindex": 0,
          "rotation": 0,
          "texture": "#0"
        },
        "west": {
          "uv": [
            6.75,
            9.125,
            6.85938,
            9.28125
          ],
          "tintindex": 0,
          "rotation": 0,
          "texture": "#0"
        },
        "up": {
          "uv": [
            8.875,
            6.98438,
            8.5,
            6.875
          ],
          "tintindex": 0,
          "rotation": 0,
          "texture": "#0"
        },
        "down": {
          "uv": [
            8.875,
            7.25,
            8.5,
            7.35938
          ],
          "tintindex": 0,
          "rotation": 0,
          "texture": "#0"
        }
      }
    },
    {
      "from": [
        7.3587,
        6.33675,
        -12.95727
      ],
      "to": [
        8.60841,
        9.35383,
        -12.1141205
      ],
      "faces": {
        "east": {
          "uv": [
            5.5,
            6.625,
            5.60938,
            7.0
          ],
          "tintindex": 0,
          "rotation": 0,
          "texture": "#0"
        },
        "south": {
          "uv": [
            5.25,
            8.0,
            5.40625,
            8.375
          ],
          "tintindex": 0,
          "rotation": 0,
          "texture": "#0"
        },
        "north": {
          "uv": [
            5.0,
            8.0,
            5.15625,
            8.375
          ],
          "tintindex": 0,
          "rotation": 0,
          "texture": "#0"
        },
        "west": {
          "uv": [
            6.375,
            6.875,
            6.48438,
            7.25
          ],
          "tintindex": 0,
          "rotation": 0,
          "texture": "#0"
        },
        "up": {
          "uv": [
            9.28125,
            5.10938,
            9.125,
            5.0
          ],
          "tintindex": 0,
          "rotation": 0,
          "texture": "#0"
        },
        "down": {
          "uv": [
            9.28125,
            5.375,
            9.125,
            5.48438
          ],
          "tintindex": 0,
          "rotation": 0,
          "texture": "#0"
        }
      }
    }
  ],
  "display": {
    "head": {
      "rotation": [
        0.0,
        0.0,
        0.0
      ]
    },
    "firstperson_righthand": {
      "rotation": [
        0.0,
        0.0,
        0.0
      ]
    },
    "thirdperson_lefthand": {
      "rotation": [
        0.0,
        -0.0,
        -0.0
      ]
    },
    "firstperson_lefthand": {
      "rotation": [
        0.0,
        -0.0,
        -0.0
      ]
    },
    "fixed": {
      "rotation": [
        0.0,
        0.0,
        0.0
      ]
    },
    "ground": {
      "rotation": [
        0.0,
        0.0,
        0.0
      ]
    },
    "thirdperson_righthand": {
      "rotation": [
        0.0,
        0.0,
        0.0
      ]
    },
    "gui": {
      "rotation": [
        -150.0,
        -45.0,
        180.0
      ]
    }
  }
}