{
  "textures": {
    "0": "gwjritg0z:tex/qlh8hx27",
    "particle": "#0"
  },
  "elements": [
    {
      "from": [
        5.1313066,
        1.7692752,
        16.896568
      ],
      "to": [
        10.631308,
        4.2692757,
        17.371569
      ],
      "faces": {
        "south": {
          "uv": [
            8.09375,
            1.25,
            8.4375,
            1.40625
          ],
          "tintindex": 0,
          "rotation": 0,
          "texture": "#0"
        },
        "down": {
          "uv": [
            9.625,
            2.4375,
            9.28125,
            2.46875
          ],
          "tintindex": 0,
          "rotation": 0,
          "texture": "#0"
        }
      }
    }
  ],
  "display": {
    "head": {
      "rotation": [
        -41.875305,
        -38.480892,
        -97.14156
      ]
    },
    "firstperson_righthand": {
      "rotation": [
        -41.875305,
        -38.480892,
        -97.14156
      ]
    },
    "thirdperson_lefthand": {
      "rotation": [
        -41.875305,
        38.480892,
        97.14156
      ]
    },
    "firstperson_lefthand": {
      "rotation": [
        -41.875305,
        38.480892,
        97.14156
      ]
    },
    "fixed": {
      "rotation": [
        -41.875305,
        -38.480892,
        -97.14156
      ]
    },
    "ground": {
      "rotation": [
        -41.875305,
        -38.480892,
        -97.14156
      ]
    },
    "thirdperson_righthand": {
      "rotation": [
        -41.875305,
        -38.480892,
        -97.14156
      ]
    },
    "gui": {
      "rotation": [
        -118.48369,
        1.5952325,
        111.03467
      ]
    }
  }
}