{
  "credit": "ModelEngine Merger - deobf tool",
  "texture_size": [
    16,
    16
  ],
  "textures": {
    "2": "9qzmluhqk:tex/oko4ftro",
    "particle": "#2"
  },
  "elements": [
    {
      "from": [
        6.333333,
        8.0,
        9.25
      ],
      "to": [
        6.6666665,
        8.333333,
        10.916667
      ],
      "faces": {
        "east": {
          "uv": [
            5.46875,
            0.40625,
            5.625,
            0.4375
          ],
          "tintindex": 0,
          "rotation": 0,
          "texture": "#2"
        },
        "south": {
          "uv": [
            4.375,
            6.5625,
            4.40625,
            6.59375
          ],
          "tintindex": 0,
          "rotation": 0,
          "texture": "#2"
        },
        "north": {
          "uv": [
            6.40625,
            0.34375,
            6.4375,
            0.375
          ],
          "tintindex": 0,
          "rotation": 0,
          "texture": "#2"
        },
        "west": {
          "uv": [
            8.0,
            0.9375,
            8.15625,
            0.96875
          ],
          "tintindex": 0,
          "rotation": 0,
          "texture": "#2"
        },
        "up": {
          "uv": [
            4.40625,
            6.34375,
            4.375,
            6.1875
          ],
          "tintindex": 0,
          "rotation": 0,
          "texture": "#2"
        },
        "down": {
          "uv": [
            4.40625,
            6.375,
            4.375,
            6.53125
          ],
          "tintindex": 0,
          "rotation": 0,
          "texture": "#2"
        }
      },
      "_part": "gun",
      "_source": "i2zkxqdgv:mdl/l9kr7h2h"
    },
    {
      "from": [
        7.6666665,
        7.6666665,
        11.583334
      ],
      "to": [
        8.333333,
        8.333333,
        28.916668
      ],
      "faces": {
        "east": {
          "uv": [
            6.46875,
            1.25,
            8.09375,
            1.3125
          ],
          "tintindex": 0,
          "rotation": 0,
          "texture": "#2"
        },
        "south": {
          "uv": [
            1.0625,
            8.0,
            1.125,
            8.0625
          ],
          "tintindex": 0,
          "rotation": 0,
          "texture": "#2"
        },
        "north": {
          "uv": [
            3.15625,
            7.96875,
            3.21875,
            8.03125
          ],
          "tintindex": 0,
          "rotation": 0,
          "texture": "#2"
        },
        "west": {
          "uv": [
            6.5,
            4.5,
            8.125,
            4.5625
          ],
          "tintindex": 0,
          "rotation": 0,
          "texture": "#2"
        },
        "up": {
          "uv": [
            4.09375,
            8.0625,
            4.03125,
            6.4375
          ],
          "tintindex": 0,
          "rotation": 0,
          "texture": "#2"
        },
        "down": {
          "uv": [
            2.78125,
            6.59375,
            2.71875,
            8.21875
          ],
          "tintindex": 0,
          "rotation": 0,
          "texture": "#2"
        }
      },
      "_part": "gun",
      "_source": "i2zkxqdgv:mdl/l9kr7h2h"
    },
    {
      "from": [
        7.0,
        7.0,
        9.25
      ],
      "to": [
        9.0,
        9.0,
        11.583334
      ],
      "faces": {
        "east": {
          "uv": [
            7.71875,
            4.0,
            7.9375,
            4.1875
          ],
          "tintindex": 0,
          "rotation": 0,
          "texture": "#2"
        },
        "south": {
          "uv": [
            3.03125,
            7.75,
            3.21875,
            7.9375
          ],
          "tintindex": 0,
          "rotation": 0,
          "texture": "#2"
        },
        "north": {
          "uv": [
            7.75,
            0.46875,
            7.9375,
            0.65625
          ],
          "tintindex": 0,
          "rotation": 0,
          "texture": "#2"
        },
        "west": {
          "uv": [
            7.71875,
            5.75,
            7.9375,
            5.9375
          ],
          "tintindex": 0,
          "rotation": 0,
          "texture": "#2"
        },
        "up": {
          "uv": [
            3.1875,
            2.03125,
            3.0,
            1.8125
          ],
          "tintindex": 0,
          "rotation": 0,
          "texture": "#2"
        },
        "down": {
          "uv": [
            7.9375,
            0.0,
            7.75,
            0.21875
          ],
          "tintindex": 0,
          "rotation": 0,
          "texture": "#2"
        }
      },
      "_part": "gun",
      "_source": "i2zkxqdgv:mdl/l9kr7h2h"
    }
  ],
  "_model_name": "t34_snow_camo_barrel",
  "_parts": [
    {
      "part_name": "gun",
      "elements_count": 3,
      "model_refs": [
        "i2zkxqdgv:mdl/l9kr7h2h"
      ]
    }
  ],
  "_stats": {
    "total_parts": 1,
    "total_elements": 3,
    "total_textures": 2,
    "unique_model_refs": 1
  }
}